2026-07-24 09:17:11.031 | INFO     | app.core.logging:setup_logging:26 - Logging initialized for Research Funding & Innovation Intelligence Platform v1.0.0
2026-07-24 09:17:11.298 | INFO     | app.main:lifespan:20 - Starting Research Funding & Innovation Intelligence Platform v1.0.0
2026-07-24 09:17:11.592 | INFO     | app.db:init_db:41 - Database tables created successfully
2026-07-24 09:17:12.220 | INFO     | app.db.mongo:connect_to_mongo:26 - Connected to MongoDB successfully
2026-07-24 09:18:49.585 | INFO     | app.main:lifespan:30 - Shutting down
2026-07-24 09:18:49.596 | INFO     | app.db.mongo:close_mongo_connection:35 - MongoDB connection closed
2026-07-24 09:24:09.373 | INFO     | app.core.logging:setup_logging:26 - Logging initialized for Research Funding & Innovation Intelligence Platform v1.0.0
2026-07-24 09:24:09.454 | INFO     | app.main:lifespan:20 - Starting Research Funding & Innovation Intelligence Platform v1.0.0
2026-07-24 09:24:09.570 | INFO     | app.db:init_db:41 - Database tables created successfully
2026-07-24 09:24:09.989 | INFO     | app.db.mongo:connect_to_mongo:26 - Connected to MongoDB successfully
2026-07-24 09:27:17.101 | INFO     | app.services.recommendation_service:recommend_and_store:44 - Generated 8 recommendations for user researcher
2026-07-24 09:27:17.415 | INFO     | app.services.recommendation_service:recommend_and_store:44 - Generated 8 recommendations for user researcher
2026-07-24 09:31:09.970 | INFO     | app.services.user_service:create_user:53 - Created user: Poojitha (role=researcher)
2026-07-24 09:31:26.833 | INFO     | app.services.recommendation_service:recommend_and_store:44 - Generated 0 recommendations for user Poojitha
2026-07-24 09:31:26.877 | INFO     | app.services.recommendation_service:recommend_and_store:44 - Generated 0 recommendations for user Poojitha
2026-07-24 09:31:35.331 | INFO     | app.services.recommendation_service:recommend_and_store:44 - Generated 0 recommendations for user Poojitha
2026-07-24 09:31:35.382 | INFO     | app.services.recommendation_service:recommend_and_store:44 - Generated 0 recommendations for user Poojitha
2026-07-24 09:31:49.873 | INFO     | app.services.recommendation_service:recommend_and_store:44 - Generated 8 recommendations for user researcher
2026-07-24 09:31:50.116 | INFO     | app.services.recommendation_service:recommend_and_store:44 - Generated 8 recommendations for user researcher
2026-07-24 09:32:09.787 | INFO     | app.services.recommendation_service:recommend_and_store:44 - Generated 8 recommendations for user researcher
2026-07-24 09:32:09.978 | INFO     | app.services.recommendation_service:recommend_and_store:44 - Generated 8 recommendations for user researcher
2026-07-24 09:33:20.701 | INFO     | app.services.recommendation_service:recommend_and_store:44 - Generated 0 recommendations for user Poojitha
2026-07-24 09:33:20.750 | INFO     | app.services.recommendation_service:recommend_and_store:44 - Generated 0 recommendations for user Poojitha
2026-07-24 09:38:06.612 | INFO     | app.services.recommendation_service:recommend_and_store:44 - Generated 5 recommendations for user Poojitha
2026-07-24 09:38:06.726 | INFO     | app.services.recommendation_service:recommend_and_store:44 - Generated 5 recommendations for user Poojitha
2026-07-24 09:38:55.486 | INFO     | app.services.recommendation_service:recommend_and_store:44 - Generated 5 recommendations for user Poojitha
2026-07-24 09:38:55.618 | INFO     | app.services.recommendation_service:recommend_and_store:44 - Generated 5 recommendations for user Poojitha
2026-07-24 09:39:07.850 | INFO     | app.services.recommendation_service:recommend_and_store:44 - Generated 5 recommendations for user Poojitha
2026-07-24 09:39:07.983 | INFO     | app.services.recommendation_service:recommend_and_store:44 - Generated 5 recommendations for user Poojitha
2026-07-24 09:39:16.423 | INFO     | app.services.recommendation_service:recommend_and_store:44 - Generated 5 recommendations for user Poojitha
2026-07-24 09:39:16.562 | INFO     | app.services.recommendation_service:recommend_and_store:44 - Generated 5 recommendations for user Poojitha
2026-07-24 09:40:12.723 | INFO     | app.services.recommendation_service:recommend_and_store:44 - Generated 5 recommendations for user Poojitha
2026-07-24 09:40:37.830 | INFO     | app.services.recommendation_service:recommend_and_store:44 - Generated 5 recommendations for user Poojitha
2026-07-24 09:40:38.003 | INFO     | app.services.recommendation_service:recommend_and_store:44 - Generated 5 recommendations for user Poojitha
2026-07-24 09:40:41.747 | INFO     | app.services.recommendation_service:recommend_and_store:44 - Generated 5 recommendations for user Poojitha
2026-07-24 09:40:41.876 | INFO     | app.services.recommendation_service:recommend_and_store:44 - Generated 5 recommendations for user Poojitha
2026-07-24 09:44:31.054 | INFO     | app.services.recommendation_service:recommend_and_store:44 - Generated 0 recommendations for user admin
2026-07-24 09:44:31.102 | INFO     | app.services.recommendation_service:recommend_and_store:44 - Generated 0 recommendations for user admin
2026-07-24 09:56:43.024 | INFO     | app.main:lifespan:30 - Shutting down
2026-07-24 09:56:43.028 | INFO     | app.db.mongo:close_mongo_connection:35 - MongoDB connection closed
2026-07-24 09:57:16.432 | INFO     | app.core.logging:setup_logging:26 - Logging initialized for Research Funding & Innovation Intelligence Platform v1.0.0
2026-07-24 09:57:16.504 | INFO     | app.main:lifespan:20 - Starting Research Funding & Innovation Intelligence Platform v1.0.0
2026-07-24 09:57:16.601 | INFO     | app.db:init_db:41 - Database tables created successfully
2026-07-24 09:57:16.656 | INFO     | app.db.mongo:connect_to_mongo:26 - Connected to MongoDB successfully
2026-07-24 11:03:27.018 | ERROR    | app.db:get_db:28 - Database session error: 401: Could not validate credentials
2026-07-24 11:03:27.026 | ERROR    | app.db:get_db:28 - Database session error: 401: Could not validate credentials
2026-07-24 11:03:27.034 | ERROR    | app.db:get_db:28 - Database session error: 401: Could not validate credentials
2026-07-24 11:03:27.046 | ERROR    | app.db:get_db:28 - Database session error: 401: Could not validate credentials
2026-07-24 11:06:12.536 | INFO     | app.services.recommendation_service:recommend_and_store:44 - Generated 0 recommendations for user admin
2026-07-24 11:06:12.580 | INFO     | app.services.recommendation_service:recommend_and_store:44 - Generated 0 recommendations for user admin
2026-07-24 11:30:36.920 | INFO     | app.core.logging:setup_logging:26 - Logging initialized for Research Funding & Innovation Intelligence Platform v1.0.0
2026-07-24 11:33:55.032 | INFO     | app.main:lifespan:30 - Shutting down
2026-07-24 11:33:55.041 | INFO     | app.db.mongo:close_mongo_connection:35 - MongoDB connection closed
2026-07-24 11:42:36.458 | INFO     | app.core.logging:setup_logging:26 - Logging initialized for Research Funding & Innovation Intelligence Platform v1.0.0
2026-07-24 11:42:36.830 | INFO     | app.main:lifespan:20 - Starting Research Funding & Innovation Intelligence Platform v1.0.0
2026-07-24 11:42:37.000 | INFO     | app.db:init_db:41 - Database tables created successfully
2026-07-24 11:42:37.044 | INFO     | app.db.mongo:connect_to_mongo:26 - Connected to MongoDB successfully
2026-07-24 13:36:54.775 | INFO     | app.core.logging:setup_logging:26 - Logging initialized for Research Funding & Innovation Intelligence Platform v1.0.0
2026-07-24 13:36:54.912 | INFO     | app.main:lifespan:20 - Starting Research Funding & Innovation Intelligence Platform v1.0.0
2026-07-24 13:36:55.373 | INFO     | app.db:init_db:41 - Database tables created successfully
2026-07-24 13:36:55.952 | INFO     | app.db.mongo:connect_to_mongo:26 - Connected to MongoDB successfully
2026-07-24 13:37:59.497 | ERROR    | app.db:get_db:28 - Database session error: 401: Could not validate credentials
2026-07-24 13:37:59.505 | ERROR    | app.db:get_db:28 - Database session error: 401: Could not validate credentials
2026-07-24 13:37:59.512 | ERROR    | app.db:get_db:28 - Database session error: 401: Could not validate credentials
2026-07-24 13:37:59.521 | ERROR    | app.db:get_db:28 - Database session error: 401: Could not validate credentials
2026-07-24 13:38:43.102 | INFO     | app.services.recommendation_service:recommend_and_store:44 - Generated 0 recommendations for user admin
2026-07-24 13:38:43.154 | INFO     | app.services.recommendation_service:recommend_and_store:44 - Generated 0 recommendations for user admin
2026-07-24 13:42:04.177 | INFO     | app.services.recommendation_service:recommend_and_store:44 - Generated 5 recommendations for user Poojitha
2026-07-24 13:42:04.276 | INFO     | app.services.recommendation_service:recommend_and_store:44 - Generated 5 recommendations for user Poojitha
2026-07-24 13:45:34.803 | INFO     | app.services.recommendation_service:recommend_and_store:44 - Generated 5 recommendations for user Poojitha
2026-07-24 13:45:35.104 | INFO     | app.services.recommendation_service:recommend_and_store:44 - Generated 5 recommendations for user Poojitha
2026-07-24 13:45:38.882 | INFO     | app.services.recommendation_service:recommend_and_store:44 - Generated 5 recommendations for user Poojitha
2026-07-24 13:45:38.947 | INFO     | app.services.recommendation_service:recommend_and_store:44 - Generated 5 recommendations for user Poojitha
2026-07-24 13:56:15.458 | INFO     | app.services.recommendation_service:recommend_and_store:44 - Generated 5 recommendations for user Poojitha
2026-07-24 13:56:15.550 | INFO     | app.services.recommendation_service:recommend_and_store:44 - Generated 5 recommendations for user Poojitha
2026-07-24 14:06:30.533 | INFO     | app.services.recommendation_service:recommend_and_store:44 - Generated 5 recommendations for user Poojitha
2026-07-24 14:06:30.621 | INFO     | app.services.recommendation_service:recommend_and_store:44 - Generated 5 recommendations for user Poojitha
2026-07-24 15:18:33.362 | INFO     | app.services.recommendation_service:recommend_and_store:44 - Generated 5 recommendations for user Poojitha
2026-07-24 15:18:33.444 | INFO     | app.services.recommendation_service:recommend_and_store:44 - Generated 5 recommendations for user Poojitha
2026-07-24 15:18:47.801 | INFO     | app.services.recommendation_service:recommend_and_store:44 - Generated 5 recommendations for user Poojitha
2026-07-24 15:18:47.931 | INFO     | app.services.recommendation_service:recommend_and_store:44 - Generated 5 recommendations for user Poojitha
2026-07-24 15:20:16.458 | INFO     | app.services.recommendation_service:recommend_and_store:44 - Generated 5 recommendations for user Poojitha
2026-07-24 15:20:16.552 | INFO     | app.services.recommendation_service:recommend_and_store:44 - Generated 5 recommendations for user Poojitha
2026-07-24 15:21:22.696 | INFO     | app.services.recommendation_service:recommend_and_store:44 - Generated 7 recommendations for user Poojitha
2026-07-24 15:21:22.796 | INFO     | app.services.recommendation_service:recommend_and_store:44 - Generated 7 recommendations for user Poojitha
2026-07-24 15:21:57.776 | INFO     | app.services.recommendation_service:recommend_and_store:44 - Generated 5 recommendations for user Poojitha
2026-07-24 15:21:57.896 | INFO     | app.services.recommendation_service:recommend_and_store:44 - Generated 5 recommendations for user Poojitha
2026-07-24 16:04:28.371 | ERROR    | app.db:get_db:28 - Database session error: 401: Could not validate credentials
2026-07-24 16:04:28.383 | ERROR    | app.db:get_db:28 - Database session error: 401: Could not validate credentials
2026-07-24 16:17:02.303 | INFO     | app.services.recommendation_service:recommend_and_store:44 - Generated 5 recommendations for user Poojitha
2026-07-24 16:17:02.382 | INFO     | app.services.recommendation_service:recommend_and_store:44 - Generated 5 recommendations for user Poojitha
2026-07-24 16:31:50.332 | INFO     | app.services.recommendation_service:recommend_and_store:44 - Generated 5 recommendations for user Poojitha
2026-07-24 16:31:50.433 | INFO     | app.services.recommendation_service:recommend_and_store:44 - Generated 5 recommendations for user Poojitha
2026-07-24 16:45:27.329 | INFO     | app.search.faiss_store:_initialize:56 - FAISS vector store using sentence-transformers
2026-07-24 16:45:27.910 | INFO     | app.search.faiss_store:_initialize:56 - FAISS vector store using sentence-transformers
2026-07-24 16:45:28.080 | INFO     | app.search.faiss_store:_initialize:56 - FAISS vector store using sentence-transformers
2026-07-24 17:18:28.519 | ERROR    | app.db:get_db:28 - Database session error: 401: Could not validate credentials
2026-07-24 17:18:28.520 | ERROR    | app.db:get_db:28 - Database session error: 401: Could not validate credentials
2026-07-24 17:18:28.520 | ERROR    | app.db:get_db:28 - Database session error: 401: Could not validate credentials
2026-07-24 17:18:28.551 | ERROR    | app.db:get_db:28 - Database session error: 401: Could not validate credentials
2026-07-24 17:18:28.552 | ERROR    | app.db:get_db:28 - Database session error: 401: Could not validate credentials
2026-07-24 17:18:28.552 | ERROR    | app.db:get_db:28 - Database session error: 401: Could not validate credentials
2026-07-24 17:29:01.055 | INFO     | app.services.recommendation_service:recommend_and_store:44 - Generated 5 recommendations for user Poojitha
2026-07-24 17:29:01.132 | INFO     | app.services.recommendation_service:recommend_and_store:44 - Generated 5 recommendations for user Poojitha
2026-07-24 17:36:10.970 | INFO     | app.services.recommendation_service:recommend_and_store:44 - Generated 5 recommendations for user Poojitha
2026-07-24 17:36:11.155 | INFO     | app.services.recommendation_service:recommend_and_store:44 - Generated 5 recommendations for user Poojitha
2026-07-24 17:38:52.487 | INFO     | app.services.recommendation_service:recommend_and_store:44 - Generated 5 recommendations for user Poojitha
2026-07-24 17:38:52.608 | INFO     | app.services.recommendation_service:recommend_and_store:44 - Generated 5 recommendations for user Poojitha
2026-07-24 18:17:40.719 | INFO     | app.services.recommendation_service:recommend_and_store:44 - Generated 5 recommendations for user Poojitha
2026-07-24 18:17:40.928 | INFO     | app.services.recommendation_service:recommend_and_store:44 - Generated 5 recommendations for user Poojitha
2026-07-24 18:18:31.225 | ERROR    | app.db:get_db:28 - Database session error: 401: Could not validate credentials
2026-07-24 18:18:31.245 | ERROR    | app.db:get_db:28 - Database session error: 401: Could not validate credentials
2026-07-24 18:22:07.967 | INFO     | app.services.recommendation_service:recommend_and_store:44 - Generated 5 recommendations for user Poojitha
2026-07-24 18:22:08.103 | INFO     | app.services.recommendation_service:recommend_and_store:44 - Generated 5 recommendations for user Poojitha
2026-07-24 18:23:43.599 | INFO     | app.services.recommendation_service:recommend_and_store:44 - Generated 5 recommendations for user Poojitha
2026-07-24 18:23:43.734 | INFO     | app.services.recommendation_service:recommend_and_store:44 - Generated 5 recommendations for user Poojitha
2026-07-24 18:35:22.150 | INFO     | app.services.recommendation_service:recommend_and_store:44 - Generated 5 recommendations for user Poojitha
2026-07-24 18:35:22.318 | INFO     | app.services.recommendation_service:recommend_and_store:44 - Generated 5 recommendations for user Poojitha
2026-07-24 18:37:12.089 | INFO     | app.services.recommendation_service:recommend_and_store:44 - Generated 5 recommendations for user Poojitha
2026-07-24 18:37:12.224 | INFO     | app.services.recommendation_service:recommend_and_store:44 - Generated 5 recommendations for user Poojitha
2026-07-24 18:40:05.155 | INFO     | app.services.recommendation_service:recommend_and_store:44 - Generated 5 recommendations for user Poojitha
2026-07-24 18:40:05.284 | INFO     | app.services.recommendation_service:recommend_and_store:44 - Generated 5 recommendations for user Poojitha
2026-07-24 19:10:47.033 | INFO     | app.services.recommendation_service:recommend_and_store:44 - Generated 5 recommendations for user Poojitha
2026-07-24 19:10:47.191 | INFO     | app.services.recommendation_service:recommend_and_store:44 - Generated 5 recommendations for user Poojitha
2026-07-24 19:11:13.795 | INFO     | app.services.recommendation_service:recommend_and_store:44 - Generated 5 recommendations for user Poojitha
2026-07-24 19:11:14.048 | INFO     | app.services.recommendation_service:recommend_and_store:44 - Generated 5 recommendations for user Poojitha
2026-07-26 23:42:34.292 | INFO     | app.core.logging:setup_logging:26 - Logging initialized for Research Funding & Innovation Intelligence Platform v1.0.0
2026-07-26 23:42:34.404 | INFO     | app.main:lifespan:20 - Starting Research Funding & Innovation Intelligence Platform v1.0.0
2026-07-26 23:42:35.361 | INFO     | app.db:init_db:42 - Database tables created successfully
2026-07-26 23:42:35.605 | INFO     | app.db.mongo:connect_to_mongo:26 - Connected to MongoDB successfully
2026-07-26 23:43:11.347 | ERROR    | app.db:get_db:28 - Database session error: 401: Could not validate credentials
2026-07-26 23:43:11.356 | ERROR    | app.db:get_db:28 - Database session error: 401: Could not validate credentials
2026-07-26 23:43:11.364 | ERROR    | app.db:get_db:28 - Database session error: 401: Could not validate credentials
2026-07-26 23:43:11.373 | ERROR    | app.db:get_db:28 - Database session error: 401: Could not validate credentials
2026-07-26 23:45:55.831 | INFO     | app.services.recommendation_service:recommend_and_store:62 - Generated 10 recommendations for user Poojitha
2026-07-26 23:45:55.994 | INFO     | app.services.recommendation_service:recommend_and_store:62 - Generated 10 recommendations for user Poojitha
2026-07-26 23:46:27.644 | INFO     | app.services.recommendation_service:recommend_and_store:62 - Generated 10 recommendations for user Poojitha
2026-07-26 23:46:27.820 | INFO     | app.services.recommendation_service:recommend_and_store:62 - Generated 10 recommendations for user Poojitha
2026-07-26 23:47:10.896 | INFO     | app.services.recommendation_service:recommend_and_store:62 - Generated 10 recommendations for user Poojitha
2026-07-26 23:47:11.052 | INFO     | app.services.recommendation_service:recommend_and_store:62 - Generated 10 recommendations for user Poojitha
2026-07-26 23:47:29.445 | INFO     | app.services.recommendation_service:recommend_and_store:62 - Generated 10 recommendations for user Poojitha
2026-07-26 23:47:29.604 | INFO     | app.services.recommendation_service:recommend_and_store:62 - Generated 10 recommendations for user Poojitha
2026-07-26 23:47:36.753 | INFO     | app.services.recommendation_service:recommend_and_store:62 - Generated 0 recommendations for user Poojitha
2026-07-26 23:47:36.815 | INFO     | app.services.recommendation_service:recommend_and_store:62 - Generated 0 recommendations for user Poojitha
2026-07-26 23:47:56.059 | INFO     | app.services.recommendation_service:recommend_and_store:62 - Generated 0 recommendations for user Poojitha
2026-07-26 23:47:56.123 | INFO     | app.services.recommendation_service:recommend_and_store:62 - Generated 0 recommendations for user Poojitha
2026-07-26 23:48:14.301 | INFO     | app.services.recommendation_service:recommend_and_store:62 - Generated 0 recommendations for user Poojitha
2026-07-26 23:48:14.365 | INFO     | app.services.recommendation_service:recommend_and_store:62 - Generated 0 recommendations for user Poojitha
2026-07-26 23:48:28.761 | INFO     | app.services.recommendation_service:recommend_and_store:62 - Generated 10 recommendations for user Poojitha
2026-07-26 23:48:28.918 | INFO     | app.services.recommendation_service:recommend_and_store:62 - Generated 10 recommendations for user Poojitha
2026-07-27 18:17:29.327 | INFO     | app.core.logging:setup_logging:26 - Logging initialized for Research Funding & Innovation Intelligence Platform v1.0.0
2026-07-27 18:23:08.110 | INFO     | app.core.logging:setup_logging:26 - Logging initialized for Research Funding & Innovation Intelligence Platform v1.0.0
2026-07-27 18:26:16.424 | INFO     | app.core.logging:setup_logging:26 - Logging initialized for Research Funding & Innovation Intelligence Platform v1.0.0
2026-07-27 18:26:16.731 | INFO     | app.main:lifespan:22 - Starting Research Funding & Innovation Intelligence Platform v1.0.0
2026-07-27 18:26:17.420 | INFO     | app.db:init_db:45 - Database tables created successfully
2026-07-27 18:26:18.072 | INFO     | app.db.mongo:connect_to_mongo:26 - Connected to MongoDB successfully
2026-07-27 18:26:18.115 | INFO     | app.funding_intel.scheduler.jobs:start_scheduler:147 - [scheduler] funding intel background jobs started
2026-07-27 18:27:49.688 | INFO     | app.services.recommendation_service:recommend_and_store:62 - Generated 10 recommendations for user Poojitha
2026-07-27 18:27:49.906 | INFO     | app.services.recommendation_service:recommend_and_store:62 - Generated 10 recommendations for user Poojitha
2026-07-27 18:27:57.095 | INFO     | app.services.recommendation_service:recommend_and_store:62 - Generated 10 recommendations for user Poojitha
2026-07-27 18:27:57.368 | INFO     | app.services.recommendation_service:recommend_and_store:62 - Generated 10 recommendations for user Poojitha
2026-07-27 18:51:21.969 | INFO     | app.services.recommendation_service:recommend_and_store:62 - Generated 10 recommendations for user Poojitha
2026-07-27 18:51:22.130 | INFO     | app.services.recommendation_service:recommend_and_store:62 - Generated 10 recommendations for user Poojitha
2026-07-27 18:52:18.106 | INFO     | app.services.recommendation_service:recommend_and_store:62 - Generated 0 recommendations for user Poojitha
2026-07-27 18:52:18.150 | INFO     | app.services.recommendation_service:recommend_and_store:62 - Generated 0 recommendations for user Poojitha
2026-07-28 12:54:06.333 | INFO     | app.core.logging:setup_logging:26 - Logging initialized for Research Funding & Innovation Intelligence Platform v1.0.0
2026-07-28 12:54:06.704 | INFO     | app.main:lifespan:22 - Starting Research Funding & Innovation Intelligence Platform v1.0.0
2026-07-28 12:54:07.678 | INFO     | app.db:init_db:45 - Database tables created successfully
2026-07-28 12:54:08.125 | INFO     | app.db.mongo:connect_to_mongo:26 - Connected to MongoDB successfully
2026-07-28 12:54:08.157 | INFO     | app.funding_intel.scheduler.jobs:start_scheduler:147 - [scheduler] funding intel background jobs started
2026-07-28 12:54:43.871 | INFO     | app.services.recommendation_service:recommend_and_store:62 - Generated 0 recommendations for user Poojitha
2026-07-28 12:54:43.947 | INFO     | app.services.recommendation_service:recommend_and_store:62 - Generated 0 recommendations for user Poojitha
2026-07-28 13:53:51.818 | INFO     | app.core.logging:setup_logging:26 - Logging initialized for Research Funding & Innovation Intelligence Platform v1.0.0
2026-07-28 13:57:50.887 | INFO     | app.main:lifespan:37 - Shutting down
2026-07-28 13:57:50.951 | INFO     | app.db.mongo:close_mongo_connection:35 - MongoDB connection closed
2026-07-28 13:58:18.911 | INFO     | app.core.logging:setup_logging:26 - Logging initialized for Research Funding & Innovation Intelligence Platform v1.0.0
2026-07-28 13:58:19.139 | INFO     | app.main:lifespan:22 - Starting Research Funding & Innovation Intelligence Platform v1.0.0
2026-07-28 13:58:19.406 | INFO     | app.db:init_db:45 - Database tables created successfully
2026-07-28 13:58:19.803 | INFO     | app.db.mongo:connect_to_mongo:26 - Connected to MongoDB successfully
2026-07-28 13:58:19.847 | INFO     | app.funding_intel.scheduler.jobs:start_scheduler:147 - [scheduler] funding intel background jobs started
2026-07-28 13:58:20.474 | ERROR    | app.db:get_db:28 - Database session error: 401: Could not validate credentials
2026-07-28 13:58:20.480 | ERROR    | app.db:get_db:28 - Database session error: 401: Could not validate credentials
2026-07-28 13:58:20.486 | ERROR    | app.db:get_db:28 - Database session error: 401: Could not validate credentials
2026-07-28 13:58:20.493 | ERROR    | app.db:get_db:28 - Database session error: 401: Could not validate credentials
2026-07-28 17:28:12.045 | ERROR    | app.db:get_db:28 - Database session error: 401: Could not validate credentials
2026-07-28 17:28:12.054 | ERROR    | app.db:get_db:28 - Database session error: 401: Could not validate credentials
2026-07-28 17:28:12.063 | ERROR    | app.db:get_db:28 - Database session error: 401: Could not validate credentials
2026-07-28 17:28:12.071 | ERROR    | app.db:get_db:28 - Database session error: 401: Could not validate credentials
2026-07-28 17:28:34.108 | INFO     | app.services.recommendation_service:recommend_and_store:62 - Generated 0 recommendations for user Poojitha
2026-07-28 17:28:34.164 | INFO     | app.services.recommendation_service:recommend_and_store:62 - Generated 0 recommendations for user Poojitha
2026-07-28 17:28:48.038 | INFO     | app.services.recommendation_service:recommend_and_store:62 - Generated 10 recommendations for user Poojitha
2026-07-28 17:28:48.179 | INFO     | app.services.recommendation_service:recommend_and_store:62 - Generated 10 recommendations for user Poojitha
2026-07-28 17:58:31.664 | INFO     | app.services.recommendation_service:recommend_and_store:62 - Generated 10 recommendations for user Poojitha
2026-07-28 17:58:31.813 | INFO     | app.services.recommendation_service:recommend_and_store:62 - Generated 10 recommendations for user Poojitha
2026-07-29 18:45:34.694 | INFO     | app.core.logging:setup_logging:26 - Logging initialized for Research Funding & Innovation Intelligence Platform v1.0.0
2026-07-29 18:45:34.967 | INFO     | app.main:lifespan:22 - Starting Research Funding & Innovation Intelligence Platform v1.0.0
2026-07-29 18:45:35.163 | INFO     | app.db:init_db:45 - Database tables created successfully
2026-07-29 18:45:35.227 | INFO     | app.db.mongo:connect_to_mongo:26 - Connected to MongoDB successfully
2026-07-29 18:45:35.240 | INFO     | app.funding_intel.scheduler.jobs:start_scheduler:147 - [scheduler] funding intel background jobs started
2026-07-29 18:46:18.574 | ERROR    | app.db:get_db:28 - Database session error: 401: Could not validate credentials
2026-07-29 18:46:18.584 | ERROR    | app.db:get_db:28 - Database session error: 401: Could not validate credentials
2026-07-29 18:46:18.592 | ERROR    | app.db:get_db:28 - Database session error: 401: Could not validate credentials
2026-07-29 18:46:18.600 | ERROR    | app.db:get_db:28 - Database session error: 401: Could not validate credentials
2026-07-30 17:48:41.058 | ERROR    | app.db:get_db:28 - Database session error: 401: Could not validate credentials
2026-07-30 17:48:41.066 | ERROR    | app.db:get_db:28 - Database session error: 401: Could not validate credentials
2026-07-30 17:48:41.074 | ERROR    | app.db:get_db:28 - Database session error: 401: Could not validate credentials
2026-07-30 17:48:41.082 | ERROR    | app.db:get_db:28 - Database session error: 401: Could not validate credentials
2026-07-30 18:58:34.425 | INFO     | app.core.logging:setup_logging:26 - Logging initialized for Research Funding & Innovation Intelligence Platform v1.0.0
2026-07-30 18:58:34.786 | INFO     | app.main:lifespan:22 - Starting Research Funding & Innovation Intelligence Platform v1.0.0
2026-07-30 18:58:35.057 | INFO     | app.db:init_db:45 - Database tables created successfully
2026-07-30 18:58:35.712 | INFO     | app.db.mongo:connect_to_mongo:26 - Connected to MongoDB successfully
2026-07-30 18:58:35.738 | INFO     | app.funding_intel.scheduler.jobs:start_scheduler:147 - [scheduler] funding intel background jobs started
2026-07-31 18:48:48.320 | INFO     | app.core.logging:setup_logging:26 - Logging initialized for Research Funding & Innovation Intelligence Platform v1.0.0
2026-07-31 18:48:48.558 | INFO     | app.main:lifespan:22 - Starting Research Funding & Innovation Intelligence Platform v1.0.0
2026-07-31 18:48:48.853 | INFO     | app.db:init_db:45 - Database tables created successfully
2026-07-31 18:48:49.397 | INFO     | app.db.mongo:connect_to_mongo:26 - Connected to MongoDB successfully
2026-07-31 18:48:49.438 | INFO     | app.funding_intel.scheduler.jobs:start_scheduler:147 - [scheduler] funding intel background jobs started
2026-07-31 18:49:19.365 | ERROR    | app.db:get_db:28 - Database session error: 401: Could not validate credentials
2026-07-31 18:49:19.380 | ERROR    | app.db:get_db:28 - Database session error: 401: Could not validate credentials
2026-07-31 18:49:19.394 | ERROR    | app.db:get_db:28 - Database session error: 401: Could not validate credentials
2026-07-31 18:49:19.410 | ERROR    | app.db:get_db:28 - Database session error: 401: Could not validate credentials
2026-08-02 21:08:01.035 | INFO     | app.core.logging:setup_logging:26 - Logging initialized for Research Funding & Innovation Intelligence Platform v1.0.0
2026-08-02 21:09:25.677 | INFO     | app.core.logging:setup_logging:26 - Logging initialized for Research Funding & Innovation Intelligence Platform v1.0.0
2026-08-02 21:09:25.920 | INFO     | app.main:lifespan:22 - Starting Research Funding & Innovation Intelligence Platform v1.0.0
2026-08-02 21:09:26.750 | INFO     | app.db:init_db:45 - Database tables created successfully
2026-08-02 21:09:27.134 | INFO     | app.db.mongo:connect_to_mongo:26 - Connected to MongoDB successfully
2026-08-02 21:09:27.151 | INFO     | app.funding_intel.scheduler.jobs:start_scheduler:147 - [scheduler] funding intel background jobs started
2026-08-02 21:09:51.328 | ERROR    | app.db:get_db:28 - Database session error: 401: Could not validate credentials
2026-08-02 21:09:51.337 | ERROR    | app.db:get_db:28 - Database session error: 401: Could not validate credentials
2026-08-02 21:09:51.345 | ERROR    | app.db:get_db:28 - Database session error: 401: Could not validate credentials
2026-08-02 21:09:51.352 | ERROR    | app.db:get_db:28 - Database session error: 401: Could not validate credentials
2026-08-02 21:24:51.546 | INFO     | app.main:lifespan:37 - Shutting down
2026-08-02 21:24:51.554 | INFO     | app.db.mongo:close_mongo_connection:35 - MongoDB connection closed
2026-08-02 21:36:05.457 | INFO     | app.core.logging:setup_logging:26 - Logging initialized for Research Funding & Innovation Intelligence Platform v1.0.0
2026-08-02 21:36:05.642 | INFO     | app.main:lifespan:22 - Starting Research Funding & Innovation Intelligence Platform v1.0.0
2026-08-02 21:36:05.747 | INFO     | app.db:init_db:45 - Database tables created successfully
2026-08-02 21:36:05.791 | INFO     | app.db.mongo:connect_to_mongo:26 - Connected to MongoDB successfully
2026-08-02 21:36:05.799 | INFO     | app.funding_intel.scheduler.jobs:start_scheduler:147 - [scheduler] funding intel background jobs started
2026-08-02 21:40:13.307 | INFO     | app.main:lifespan:37 - Shutting down
2026-08-02 21:40:13.309 | INFO     | app.db.mongo:close_mongo_connection:35 - MongoDB connection closed
2026-08-02 21:40:37.015 | INFO     | app.core.logging:setup_logging:26 - Logging initialized for Research Funding & Innovation Intelligence Platform v1.0.0
2026-08-02 21:40:37.197 | INFO     | app.main:lifespan:22 - Starting Research Funding & Innovation Intelligence Platform v1.0.0
2026-08-02 21:40:37.265 | INFO     | app.db:init_db:45 - Database tables created successfully
2026-08-02 21:40:37.300 | INFO     | app.db.mongo:connect_to_mongo:26 - Connected to MongoDB successfully
2026-08-02 21:40:37.306 | INFO     | app.funding_intel.scheduler.jobs:_trigger_initial_sync:48 - [scheduler] initial funding sync scheduled
2026-08-02 21:40:37.306 | INFO     | app.funding_intel.scheduler.jobs:start_scheduler:171 - [scheduler] funding intel background jobs started
2026-08-02 21:40:37.306 | INFO     | app.funding_intel.scheduler.jobs:_run_initial_sync_once:31 - [scheduler] starting initial funding sync
2026-08-02 21:40:37.334 | INFO     | app.funding_intel.scheduler.jobs:daily_sync_job:56 - [scheduler] daily sync finished: skipped
2026-08-02 21:40:40.962 | INFO     | app.main:lifespan:37 - Shutting down
2026-08-02 21:40:40.964 | INFO     | app.db.mongo:close_mongo_connection:35 - MongoDB connection closed
2026-08-02 21:41:05.585 | INFO     | app.core.logging:setup_logging:26 - Logging initialized for Research Funding & Innovation Intelligence Platform v1.0.0
2026-08-02 21:41:05.778 | INFO     | app.main:lifespan:22 - Starting Research Funding & Innovation Intelligence Platform v1.0.0
2026-08-02 21:41:05.842 | INFO     | app.db:init_db:45 - Database tables created successfully
2026-08-02 21:41:05.885 | INFO     | app.db.mongo:connect_to_mongo:26 - Connected to MongoDB successfully
2026-08-02 21:41:05.891 | INFO     | app.funding_intel.scheduler.jobs:_trigger_initial_sync:48 - [scheduler] initial funding sync scheduled
2026-08-02 21:41:05.892 | INFO     | app.funding_intel.scheduler.jobs:start_scheduler:171 - [scheduler] funding intel background jobs started
2026-08-02 21:41:05.892 | INFO     | app.funding_intel.scheduler.jobs:_run_initial_sync_once:31 - [scheduler] starting initial funding sync
2026-08-02 21:41:05.916 | INFO     | app.funding_intel.scheduler.jobs:daily_sync_job:56 - [scheduler] daily sync finished: skipped
2026-08-02 21:48:21.626 | INFO     | app.services.recommendation_service:recommend_and_store:62 - Generated 10 recommendations for user Poojitha
2026-08-02 21:48:21.760 | INFO     | app.services.recommendation_service:recommend_and_store:62 - Generated 10 recommendations for user Poojitha
2026-08-02 22:11:58.137 | INFO     | app.main:lifespan:37 - Shutting down
2026-08-02 22:11:58.140 | INFO     | app.db.mongo:close_mongo_connection:35 - MongoDB connection closed
2026-08-02 22:12:40.531 | INFO     | app.core.logging:setup_logging:26 - Logging initialized for Research Funding & Innovation Intelligence Platform v1.0.0
2026-08-02 22:12:41.140 | INFO     | app.main:lifespan:22 - Starting Research Funding & Innovation Intelligence Platform v1.0.0
2026-08-02 22:12:41.334 | INFO     | app.db:init_db:45 - Database tables created successfully
2026-08-02 22:12:41.388 | INFO     | app.db.mongo:connect_to_mongo:26 - Connected to MongoDB successfully
2026-08-02 22:12:41.408 | INFO     | app.funding_intel.scheduler.jobs:_trigger_initial_sync:48 - [scheduler] initial funding sync scheduled
2026-08-02 22:12:41.409 | INFO     | app.funding_intel.scheduler.jobs:start_scheduler:171 - [scheduler] funding intel background jobs started
2026-08-02 22:12:41.410 | INFO     | app.funding_intel.scheduler.jobs:_run_initial_sync_once:31 - [scheduler] starting initial funding sync
2026-08-02 22:12:41.509 | INFO     | app.funding_intel.services.sync:run:103 - [sync] Synchronization Started (mode=incremental, providers=['nih', 'grants_gov', 'nsf', 'openalex', 'cordis'], force=False)
2026-08-02 22:12:41.532 | INFO     | app.funding_intel.providers.nih:initialize:53 - [nih] HTTP client initialised against https://api.reporter.nih.gov/v2
2026-08-02 22:12:41.571 | INFO     | app.funding_intel.providers.grants_gov:initialize:46 - [grants_gov] HTTP client initialised against https://api.grants.gov/v1/api
2026-08-02 22:12:41.603 | INFO     | app.funding_intel.providers.nsf:initialize:50 - [nsf] HTTP client initialised against https://api.nsf.gov/services/v1
2026-08-02 22:12:41.640 | INFO     | app.funding_intel.providers.openalex:initialize:78 - [openalex] HTTP client initialised against https://api.openalex.org (api_key=yes, mailto=funding-intel@research-platform.local)
2026-08-02 22:12:41.668 | INFO     | app.funding_intel.providers.cordis:initialize:51 - [cordis] HTTP client initialised against https://cordis.europa.eu/api
2026-08-02 22:12:41.670 | INFO     | app.funding_intel.services.sync:run:140 - [sync] API Called provider=nih mode=incremental
2026-08-02 22:15:35.019 | ERROR    | app.db:get_db:28 - Database session error: 401: Could not validate credentials
2026-08-02 22:27:46.785 | INFO     | app.services.recommendation_service:recommend_and_store:62 - Generated 10 recommendations for user Poojitha
2026-08-02 22:31:13.589 | INFO     | app.services.recommendation_service:recommend_and_store:62 - Generated 10 recommendations for user Poojitha
2026-08-02 22:44:57.013 | INFO     | app.services.recommendation_service:recommend_and_store:62 - Generated 10 recommendations for user researcher
2026-08-02 22:48:43.318 | INFO     | app.main:lifespan:37 - Shutting down
2026-08-02 22:48:43.322 | INFO     | app.db.mongo:close_mongo_connection:35 - MongoDB connection closed
2026-08-02 22:49:12.319 | INFO     | app.core.logging:setup_logging:26 - Logging initialized for Research Funding & Innovation Intelligence Platform v1.0.0
2026-08-02 22:49:12.564 | INFO     | app.main:lifespan:22 - Starting Research Funding & Innovation Intelligence Platform v1.0.0
2026-08-02 22:49:12.649 | INFO     | app.db:init_db:45 - Database tables created successfully
2026-08-02 22:49:12.696 | INFO     | app.db.mongo:connect_to_mongo:26 - Connected to MongoDB successfully
2026-08-02 22:49:12.702 | INFO     | app.funding_intel.scheduler.jobs:_trigger_initial_sync:48 - [scheduler] initial funding sync scheduled
2026-08-02 22:49:12.702 | INFO     | app.funding_intel.scheduler.jobs:start_scheduler:171 - [scheduler] funding intel background jobs started
2026-08-02 22:49:12.703 | INFO     | app.funding_intel.scheduler.jobs:_run_initial_sync_once:31 - [scheduler] starting initial funding sync
2026-08-02 22:49:12.732 | INFO     | app.funding_intel.services.sync:run:103 - [sync] Synchronization Started (mode=incremental, providers=['nih', 'grants_gov', 'nsf', 'openalex', 'cordis'], force=False)
2026-08-02 22:49:12.747 | INFO     | app.funding_intel.providers.nih:initialize:53 - [nih] HTTP client initialised against https://api.reporter.nih.gov/v2
2026-08-02 22:49:12.756 | INFO     | app.funding_intel.providers.grants_gov:initialize:46 - [grants_gov] HTTP client initialised against https://api.grants.gov/v1/api
2026-08-02 22:49:12.765 | INFO     | app.funding_intel.providers.nsf:initialize:50 - [nsf] HTTP client initialised against https://api.nsf.gov/services/v1
2026-08-02 22:49:12.778 | INFO     | app.funding_intel.providers.openalex:initialize:78 - [openalex] HTTP client initialised against https://api.openalex.org (api_key=yes, mailto=funding-intel@research-platform.local)
2026-08-02 22:49:12.787 | INFO     | app.funding_intel.providers.cordis:initialize:51 - [cordis] HTTP client initialised against https://cordis.europa.eu/api
2026-08-02 22:49:12.787 | INFO     | app.funding_intel.services.sync:run:140 - [sync] API Called provider=nih mode=incremental
2026-08-02 22:49:48.846 | INFO     | app.services.recommendation_service:recommend_and_store:62 - Generated 10 recommendations for user researcher
2026-08-02 22:50:22.982 | INFO     | app.core.logging:setup_logging:26 - Logging initialized for Research Funding & Innovation Intelligence Platform v1.0.0
2026-08-02 22:50:23.630 | INFO     | app.main:lifespan:22 - Starting Research Funding & Innovation Intelligence Platform v1.0.0
2026-08-02 22:50:23.787 | INFO     | app.db:init_db:45 - Database tables created successfully
2026-08-02 22:50:23.851 | INFO     | app.db.mongo:connect_to_mongo:26 - Connected to MongoDB successfully
2026-08-02 22:50:23.873 | INFO     | app.funding_intel.scheduler.jobs:_trigger_initial_sync:48 - [scheduler] initial funding sync scheduled
2026-08-02 22:50:23.874 | INFO     | app.funding_intel.scheduler.jobs:start_scheduler:171 - [scheduler] funding intel background jobs started
2026-08-02 22:50:23.876 | INFO     | app.funding_intel.scheduler.jobs:_run_initial_sync_once:31 - [scheduler] starting initial funding sync
2026-08-02 22:50:23.986 | INFO     | app.funding_intel.services.sync:run:103 - [sync] Synchronization Started (mode=incremental, providers=['nih', 'grants_gov', 'nsf', 'openalex', 'cordis'], force=False)
2026-08-02 22:50:24.042 | INFO     | app.funding_intel.providers.nih:initialize:53 - [nih] HTTP client initialised against https://api.reporter.nih.gov/v2
2026-08-02 22:50:24.078 | INFO     | app.funding_intel.providers.grants_gov:initialize:46 - [grants_gov] HTTP client initialised against https://api.grants.gov/v1/api
2026-08-02 22:50:24.112 | INFO     | app.funding_intel.providers.nsf:initialize:50 - [nsf] HTTP client initialised against https://api.nsf.gov/services/v1
2026-08-02 22:50:24.148 | INFO     | app.funding_intel.providers.openalex:initialize:78 - [openalex] HTTP client initialised against https://api.openalex.org (api_key=yes, mailto=funding-intel@research-platform.local)
2026-08-02 22:50:24.181 | INFO     | app.funding_intel.providers.cordis:initialize:51 - [cordis] HTTP client initialised against https://cordis.europa.eu/api
2026-08-02 22:50:24.183 | INFO     | app.funding_intel.services.sync:run:140 - [sync] API Called provider=nih mode=incremental
2026-08-03 00:09:00.036 | INFO     | app.core.logging:setup_logging:26 - Logging initialized for Research Funding & Innovation Intelligence Platform v1.0.0
2026-08-03 00:09:00.248 | INFO     | app.main:lifespan:22 - Starting Research Funding & Innovation Intelligence Platform v1.0.0
2026-08-03 00:09:00.467 | INFO     | app.db:init_db:45 - Database tables created successfully
2026-08-03 00:09:00.528 | INFO     | app.db.mongo:connect_to_mongo:26 - Connected to MongoDB successfully
2026-08-03 00:09:00.535 | INFO     | app.funding_intel.scheduler.jobs:start_scheduler:171 - [scheduler] funding intel background jobs started
2026-08-03 00:09:30.914 | ERROR    | app.db:get_db:28 - Database session error: 401: Could not validate credentials
2026-08-03 00:09:30.924 | ERROR    | app.db:get_db:28 - Database session error: 401: Could not validate credentials
2026-08-03 00:09:30.933 | ERROR    | app.db:get_db:28 - Database session error: 401: Could not validate credentials
2026-08-03 00:09:30.943 | ERROR    | app.db:get_db:28 - Database session error: 401: Could not validate credentials
2026-08-03 00:13:13.360 | INFO     | app.services.recommendation_service:recommend_and_store:62 - Generated 5 recommendations for user Poojitha
2026-08-03 00:13:14.222 | INFO     | app.services.recommendation_service:recommend_and_store:62 - Generated 50 recommendations for user Poojitha
2026-08-03 00:14:22.292 | INFO     | app.services.recommendation_service:recommend_and_store:62 - Generated 10 recommendations for user Poojitha
2026-08-03 00:15:00.754 | INFO     | app.funding_intel.providers.nih:initialize:52 - [nih] HTTP client initialised against https://api.reporter.nih.gov/v2
2026-08-03 00:15:05.844 | INFO     | app.funding_intel.providers.nih:fetch_batch:118 - [NIH] offset=0, fetched=1, total=2959526, next_cursor=1:75N94023D00001-P00007-759402300004-1
2026-08-03 00:15:06.545 | INFO     | app.funding_intel.providers.grants_gov:initialize:46 - [grants_gov] HTTP client initialised against https://api.grants.gov/v1/api
2026-08-03 00:15:10.463 | INFO     | app.funding_intel.providers.nsf:initialize:50 - [nsf] HTTP client initialised against https://api.nsf.gov/services/v1
2026-08-03 00:15:15.883 | INFO     | app.funding_intel.providers.openalex:initialize:78 - [openalex] HTTP client initialised against https://api.openalex.org (api_key=yes, mailto=funding-intel@research-platform.local)
2026-08-03 00:15:21.009 | INFO     | app.funding_intel.providers.cordis:initialize:51 - [cordis] HTTP client initialised against https://cordis.europa.eu/api
2026-08-03 00:15:38.330 | INFO     | app.services.recommendation_service:recommend_and_store:62 - Generated 10 recommendations for user Poojitha
2026-08-03 00:15:42.560 | INFO     | app.services.recommendation_service:recommend_and_store:62 - Generated 5 recommendations for user Poojitha
2026-08-03 00:16:03.411 | INFO     | app.services.recommendation_service:recommend_and_store:62 - Generated 10 recommendations for user Poojitha
2026-08-03 00:16:26.142 | INFO     | app.services.recommendation_service:recommend_and_store:62 - Generated 10 recommendations for user Poojitha
2026-08-03 00:17:03.281 | INFO     | app.services.recommendation_service:recommend_and_store:62 - Generated 10 recommendations for user Poojitha
2026-08-03 00:17:10.182 | INFO     | app.services.recommendation_service:recommend_and_store:62 - Generated 10 recommendations for user Poojitha
2026-08-03 00:17:21.977 | INFO     | app.services.recommendation_service:recommend_and_store:62 - Generated 10 recommendations for user Poojitha
2026-08-03 00:20:54.587 | INFO     | app.services.recommendation_service:recommend_and_store:62 - Generated 10 recommendations for user Poojitha
2026-08-03 17:43:29.482 | INFO     | app.core.logging:setup_logging:26 - Logging initialized for Research Funding & Innovation Intelligence Platform v1.0.0
2026-08-03 17:43:29.741 | INFO     | app.main:lifespan:22 - Starting Research Funding & Innovation Intelligence Platform v1.0.0
2026-08-03 17:43:30.683 | INFO     | app.db:init_db:45 - Database tables created successfully
2026-08-03 17:43:31.127 | INFO     | app.db.mongo:connect_to_mongo:26 - Connected to MongoDB successfully
2026-08-03 17:43:31.166 | INFO     | app.funding_intel.scheduler.jobs:start_scheduler:171 - [scheduler] funding intel background jobs started
2026-08-03 17:45:00.174 | INFO     | app.funding_intel.providers.nih:initialize:52 - [nih] HTTP client initialised against https://api.reporter.nih.gov/v2
2026-08-03 17:45:01.887 | INFO     | app.funding_intel.providers.nih:fetch_batch:118 - [NIH] offset=0, fetched=1, total=2959526, next_cursor=1:75N94023D00001-P00007-759402300004-1
2026-08-03 17:45:01.901 | INFO     | app.funding_intel.providers.grants_gov:initialize:46 - [grants_gov] HTTP client initialised against https://api.grants.gov/v1/api
2026-08-03 17:45:03.226 | INFO     | app.funding_intel.providers.nsf:initialize:50 - [nsf] HTTP client initialised against https://api.nsf.gov/services/v1
2026-08-03 17:45:04.350 | INFO     | app.funding_intel.providers.openalex:initialize:78 - [openalex] HTTP client initialised against https://api.openalex.org (api_key=yes, mailto=funding-intel@research-platform.local)
2026-08-03 17:45:05.765 | INFO     | app.funding_intel.providers.cordis:initialize:51 - [cordis] HTTP client initialised against https://cordis.europa.eu/api
2026-08-03 17:47:03.406 | ERROR    | app.db:get_db:28 - Database session error: 401: Could not validate credentials
2026-08-03 17:47:03.414 | ERROR    | app.db:get_db:28 - Database session error: 401: Could not validate credentials
2026-08-03 17:47:03.422 | ERROR    | app.db:get_db:28 - Database session error: 401: Could not validate credentials
2026-08-03 17:47:03.429 | ERROR    | app.db:get_db:28 - Database session error: 401: Could not validate credentials
2026-08-03 17:48:22.525 | INFO     | app.services.recommendation_service:recommend_and_store:62 - Generated 10 recommendations for user Poojitha
2026-08-03 17:50:05.184 | INFO     | app.services.recommendation_service:recommend_and_store:62 - Generated 10 recommendations for user Poojitha
2026-08-03 17:51:22.182 | INFO     | app.services.recommendation_service:recommend_and_store:62 - Generated 10 recommendations for user Poojitha
2026-08-03 17:51:27.987 | INFO     | app.services.recommendation_service:recommend_and_store:62 - Generated 10 recommendations for user Poojitha
2026-08-03 17:51:35.532 | INFO     | app.services.recommendation_service:recommend_and_store:62 - Generated 10 recommendations for user Poojitha
2026-08-03 17:51:47.844 | INFO     | app.services.recommendation_service:recommend_and_store:62 - Generated 10 recommendations for user Poojitha
2026-08-03 17:51:53.857 | INFO     | app.services.recommendation_service:recommend_and_store:62 - Generated 10 recommendations for user Poojitha
2026-08-03 17:53:10.131 | INFO     | app.services.recommendation_service:recommend_and_store:62 - Generated 10 recommendations for user Poojitha
2026-08-03 17:53:35.022 | INFO     | app.services.recommendation_service:recommend_and_store:62 - Generated 10 recommendations for user Poojitha
2026-08-03 17:53:35.813 | INFO     | app.services.recommendation_service:recommend_and_store:62 - Generated 10 recommendations for user Poojitha
2026-08-03 17:55:09.059 | INFO     | app.services.recommendation_service:recommend_and_store:62 - Generated 10 recommendations for user Poojitha
2026-08-03 17:56:34.263 | INFO     | app.services.recommendation_service:recommend_and_store:62 - Generated 10 recommendations for user Poojitha
2026-08-03 17:58:29.344 | INFO     | app.services.recommendation_service:recommend_and_store:62 - Generated 10 recommendations for user Poojitha
2026-08-03 17:58:42.297 | INFO     | app.services.recommendation_service:recommend_and_store:62 - Generated 10 recommendations for user Poojitha
2026-08-03 17:58:45.789 | INFO     | app.services.recommendation_service:recommend_and_store:62 - Generated 10 recommendations for user Poojitha
2026-08-03 17:58:46.450 | INFO     | app.services.recommendation_service:recommend_and_store:62 - Generated 10 recommendations for user Poojitha
2026-08-03 17:59:35.601 | INFO     | app.services.recommendation_service:recommend_and_store:62 - Generated 10 recommendations for user Poojitha
2026-08-03 17:59:35.828 | INFO     | app.services.recommendation_service:recommend_and_store:62 - Generated 10 recommendations for user Poojitha
2026-08-03 18:00:00.050 | INFO     | app.funding_intel.providers.nih:initialize:52 - [nih] HTTP client initialised against https://api.reporter.nih.gov/v2
2026-08-03 18:00:01.708 | INFO     | app.funding_intel.providers.nih:fetch_batch:118 - [NIH] offset=0, fetched=1, total=2959526, next_cursor=1:75N94023D00001-P00007-759402300004-1
2026-08-03 18:00:01.721 | INFO     | app.funding_intel.providers.grants_gov:initialize:46 - [grants_gov] HTTP client initialised against https://api.grants.gov/v1/api
2026-08-03 18:00:02.521 | INFO     | app.funding_intel.providers.nsf:initialize:50 - [nsf] HTTP client initialised against https://api.nsf.gov/services/v1
2026-08-03 18:00:03.500 | INFO     | app.funding_intel.providers.openalex:initialize:78 - [openalex] HTTP client initialised against https://api.openalex.org (api_key=yes, mailto=funding-intel@research-platform.local)
2026-08-03 18:00:04.362 | INFO     | app.funding_intel.providers.cordis:initialize:51 - [cordis] HTTP client initialised against https://cordis.europa.eu/api
2026-08-03 18:11:41.669 | INFO     | app.services.recommendation_service:recommend_and_store:62 - Generated 10 recommendations for user Poojitha
2026-08-03 18:13:16.612 | INFO     | app.services.recommendation_service:recommend_and_store:62 - Generated 10 recommendations for user Poojitha
2026-08-03 18:14:12.536 | INFO     | app.services.recommendation_service:recommend_and_store:62 - Generated 10 recommendations for user Poojitha
2026-08-03 18:14:14.587 | INFO     | app.services.recommendation_service:recommend_and_store:62 - Generated 10 recommendations for user Poojitha
2026-08-03 18:14:16.175 | INFO     | app.services.recommendation_service:recommend_and_store:62 - Generated 10 recommendations for user Poojitha
2026-08-03 18:14:16.462 | INFO     | app.services.recommendation_service:recommend_and_store:62 - Generated 10 recommendations for user Poojitha
2026-08-03 18:15:00.041 | INFO     | app.funding_intel.providers.nih:initialize:52 - [nih] HTTP client initialised against https://api.reporter.nih.gov/v2
2026-08-03 18:15:01.659 | INFO     | app.funding_intel.providers.nih:fetch_batch:118 - [NIH] offset=0, fetched=1, total=2959526, next_cursor=1:75N94023D00001-P00007-759402300004-1
2026-08-03 18:15:01.681 | INFO     | app.funding_intel.providers.grants_gov:initialize:46 - [grants_gov] HTTP client initialised against https://api.grants.gov/v1/api
2026-08-03 18:15:02.877 | INFO     | app.funding_intel.providers.nsf:initialize:50 - [nsf] HTTP client initialised against https://api.nsf.gov/services/v1
2026-08-03 18:15:03.873 | INFO     | app.funding_intel.providers.openalex:initialize:78 - [openalex] HTTP client initialised against https://api.openalex.org (api_key=yes, mailto=funding-intel@research-platform.local)
2026-08-03 18:15:05.196 | INFO     | app.funding_intel.providers.cordis:initialize:51 - [cordis] HTTP client initialised against https://cordis.europa.eu/api
2026-08-03 18:30:00.032 | INFO     | app.funding_intel.providers.nih:initialize:52 - [nih] HTTP client initialised against https://api.reporter.nih.gov/v2
2026-08-03 18:30:03.324 | INFO     | app.funding_intel.providers.nih:fetch_batch:118 - [NIH] offset=0, fetched=1, total=2959526, next_cursor=1:75N94023D00001-P00007-759402300004-1
2026-08-03 18:30:03.335 | INFO     | app.funding_intel.providers.grants_gov:initialize:46 - [grants_gov] HTTP client initialised against https://api.grants.gov/v1/api
2026-08-03 18:30:05.419 | INFO     | app.funding_intel.providers.nsf:initialize:50 - [nsf] HTTP client initialised against https://api.nsf.gov/services/v1
2026-08-03 18:30:08.102 | INFO     | app.funding_intel.providers.openalex:initialize:78 - [openalex] HTTP client initialised against https://api.openalex.org (api_key=yes, mailto=funding-intel@research-platform.local)
2026-08-03 18:30:11.485 | INFO     | app.funding_intel.providers.cordis:initialize:51 - [cordis] HTTP client initialised against https://cordis.europa.eu/api
2026-08-03 18:31:12.986 | INFO     | app.services.recommendation_service:recommend_and_store:62 - Generated 10 recommendations for user Poojitha
2026-08-03 18:31:36.793 | INFO     | app.services.recommendation_service:recommend_and_store:62 - Generated 10 recommendations for user Poojitha
2026-08-03 18:35:01.835 | INFO     | app.main:lifespan:37 - Shutting down
2026-08-03 18:35:01.839 | INFO     | app.db.mongo:close_mongo_connection:35 - MongoDB connection closed
2026-08-03 18:36:00.146 | INFO     | app.core.logging:setup_logging:26 - Logging initialized for Research Funding & Innovation Intelligence Platform v1.0.0
2026-08-03 18:36:00.541 | INFO     | app.main:lifespan:22 - Starting Research Funding & Innovation Intelligence Platform v1.0.0
2026-08-03 18:36:00.694 | INFO     | app.db:init_db:45 - Database tables created successfully
2026-08-03 18:36:01.276 | INFO     | app.db.mongo:connect_to_mongo:26 - Connected to MongoDB successfully
2026-08-03 18:36:01.320 | INFO     | app.funding_intel.scheduler.jobs:start_scheduler:171 - [scheduler] funding intel background jobs started
2026-08-03 18:37:23.295 | INFO     | app.services.recommendation_service:recommend_and_store:62 - Generated 10 recommendations for user Poojitha
2026-08-03 18:38:43.162 | INFO     | app.services.recommendation_service:recommend_and_store:62 - Generated 10 recommendations for user Poojitha
2026-08-03 18:39:00.132 | INFO     | app.services.recommendation_service:recommend_and_store:62 - Generated 10 recommendations for user Poojitha
2026-08-03 18:39:03.117 | INFO     | app.services.recommendation_service:recommend_and_store:62 - Generated 10 recommendations for user Poojitha
2026-08-03 18:39:10.313 | INFO     | app.services.recommendation_service:recommend_and_store:62 - Generated 5 recommendations for user Poojitha
2026-08-03 18:41:17.897 | INFO     | app.services.recommendation_service:recommend_and_store:62 - Generated 10 recommendations for user Poojitha
2026-08-03 18:41:29.182 | INFO     | app.services.recommendation_service:recommend_and_store:62 - Generated 5 recommendations for user Poojitha
2026-08-03 18:41:33.755 | INFO     | app.services.recommendation_service:recommend_and_store:62 - Generated 10 recommendations for user Poojitha
2026-08-03 18:45:00.043 | INFO     | app.funding_intel.providers.nih:initialize:52 - [nih] HTTP client initialised against https://api.reporter.nih.gov/v2
2026-08-03 18:45:01.414 | INFO     | app.funding_intel.providers.nih:fetch_batch:118 - [NIH] offset=0, fetched=1, total=2959526, next_cursor=1:75N94023D00001-P00007-759402300004-1
2026-08-03 18:45:01.435 | INFO     | app.funding_intel.providers.grants_gov:initialize:46 - [grants_gov] HTTP client initialised against https://api.grants.gov/v1/api
2026-08-03 18:45:03.508 | INFO     | app.funding_intel.providers.nsf:initialize:50 - [nsf] HTTP client initialised against https://api.nsf.gov/services/v1
2026-08-03 18:45:04.632 | INFO     | app.funding_intel.providers.openalex:initialize:78 - [openalex] HTTP client initialised against https://api.openalex.org (api_key=yes, mailto=funding-intel@research-platform.local)
2026-08-03 18:45:09.056 | INFO     | app.funding_intel.providers.cordis:initialize:51 - [cordis] HTTP client initialised against https://cordis.europa.eu/api
2026-08-03 18:46:06.986 | INFO     | app.services.recommendation_service:recommend_and_store:62 - Generated 10 recommendations for user Poojitha
2026-08-03 18:46:28.363 | INFO     | app.services.recommendation_service:recommend_and_store:62 - Generated 10 recommendations for user Poojitha
2026-08-03 18:47:24.664 | ERROR    | app.db:get_db:28 - Database session error: 401: Could not validate credentials
2026-08-03 18:47:24.665 | ERROR    | app.db:get_db:28 - Database session error: 401: Could not validate credentials
2026-08-03 18:47:24.665 | ERROR    | app.db:get_db:28 - Database session error: 401: Could not validate credentials
2026-08-03 18:47:24.667 | ERROR    | app.db:get_db:28 - Database session error: 401: Could not validate credentials
2026-08-03 18:47:24.668 | ERROR    | app.db:get_db:28 - Database session error: 401: Could not validate credentials
2026-08-03 18:47:24.699 | ERROR    | app.db:get_db:28 - Database session error: 401: Could not validate credentials
2026-08-03 18:47:24.702 | ERROR    | app.db:get_db:28 - Database session error: 401: Could not validate credentials
2026-08-03 18:47:24.702 | ERROR    | app.db:get_db:28 - Database session error: 401: Could not validate credentials
2026-08-03 18:47:24.705 | ERROR    | app.db:get_db:28 - Database session error: 401: Could not validate credentials
2026-08-03 18:47:24.710 | ERROR    | app.db:get_db:28 - Database session error: 401: Could not validate credentials
2026-08-03 18:48:38.229 | INFO     | app.services.recommendation_service:recommend_and_store:62 - Generated 10 recommendations for user Poojitha
2026-08-03 18:49:33.211 | INFO     | app.services.recommendation_service:recommend_and_store:62 - Generated 10 recommendations for user Poojitha
2026-08-03 18:50:28.454 | INFO     | app.services.recommendation_service:recommend_and_store:62 - Generated 10 recommendations for user Poojitha
2026-08-03 18:50:34.959 | INFO     | app.services.recommendation_service:recommend_and_store:62 - Generated 10 recommendations for user Poojitha
2026-08-03 19:02:00.497 | INFO     | app.services.recommendation_service:recommend_and_store:62 - Generated 10 recommendations for user Poojitha
2026-08-03 19:02:43.067 | INFO     | app.services.recommendation_service:recommend_and_store:62 - Generated 10 recommendations for user Poojitha
2026-08-03 19:15:00.060 | INFO     | app.funding_intel.providers.nih:initialize:52 - [nih] HTTP client initialised against https://api.reporter.nih.gov/v2
2026-08-03 19:15:02.449 | INFO     | app.funding_intel.providers.nih:fetch_batch:118 - [NIH] offset=0, fetched=1, total=2959526, next_cursor=1:75N94023D00001-P00007-759402300004-1
2026-08-03 19:15:02.483 | INFO     | app.funding_intel.providers.grants_gov:initialize:46 - [grants_gov] HTTP client initialised against https://api.grants.gov/v1/api
2026-08-03 19:15:04.171 | INFO     | app.funding_intel.providers.nsf:initialize:50 - [nsf] HTTP client initialised against https://api.nsf.gov/services/v1
2026-08-03 19:15:05.653 | INFO     | app.funding_intel.providers.openalex:initialize:78 - [openalex] HTTP client initialised against https://api.openalex.org (api_key=yes, mailto=funding-intel@research-platform.local)
2026-08-03 19:15:06.689 | INFO     | app.funding_intel.providers.cordis:initialize:51 - [cordis] HTTP client initialised against https://cordis.europa.eu/api
2026-08-03 19:24:11.603 | INFO     | app.services.recommendation_service:recommend_and_store:62 - Generated 10 recommendations for user Poojitha
2026-08-03 19:24:32.961 | INFO     | app.services.recommendation_service:recommend_and_store:62 - Generated 10 recommendations for user Poojitha
2026-08-03 19:30:00.036 | INFO     | app.funding_intel.providers.nih:initialize:52 - [nih] HTTP client initialised against https://api.reporter.nih.gov/v2
2026-08-03 19:30:02.257 | INFO     | app.funding_intel.providers.nih:fetch_batch:118 - [NIH] offset=0, fetched=1, total=2959526, next_cursor=1:75N94023D00001-P00007-759402300004-1
2026-08-03 19:30:02.299 | INFO     | app.funding_intel.providers.grants_gov:initialize:46 - [grants_gov] HTTP client initialised against https://api.grants.gov/v1/api
2026-08-03 19:30:03.674 | INFO     | app.funding_intel.providers.nsf:initialize:50 - [nsf] HTTP client initialised against https://api.nsf.gov/services/v1
2026-08-03 19:30:04.767 | INFO     | app.funding_intel.providers.openalex:initialize:78 - [openalex] HTTP client initialised against https://api.openalex.org (api_key=yes, mailto=funding-intel@research-platform.local)
2026-08-03 19:30:06.584 | INFO     | app.funding_intel.providers.cordis:initialize:51 - [cordis] HTTP client initialised against https://cordis.europa.eu/api
2026-08-03 20:45:00.056 | INFO     | app.funding_intel.providers.nih:initialize:52 - [nih] HTTP client initialised against https://api.reporter.nih.gov/v2
2026-08-03 20:45:02.401 | INFO     | app.funding_intel.providers.nih:fetch_batch:118 - [NIH] offset=0, fetched=1, total=2959526, next_cursor=1:75N94023D00001-P00007-759402300004-1
2026-08-03 20:45:02.438 | INFO     | app.funding_intel.providers.grants_gov:initialize:46 - [grants_gov] HTTP client initialised against https://api.grants.gov/v1/api
2026-08-03 20:45:04.739 | INFO     | app.funding_intel.providers.nsf:initialize:50 - [nsf] HTTP client initialised against https://api.nsf.gov/services/v1
2026-08-03 20:45:07.678 | INFO     | app.funding_intel.providers.openalex:initialize:78 - [openalex] HTTP client initialised against https://api.openalex.org (api_key=yes, mailto=funding-intel@research-platform.local)
2026-08-03 20:45:14.876 | INFO     | app.funding_intel.providers.cordis:initialize:51 - [cordis] HTTP client initialised against https://cordis.europa.eu/api
2026-08-03 21:00:00.048 | INFO     | app.funding_intel.providers.nih:initialize:52 - [nih] HTTP client initialised against https://api.reporter.nih.gov/v2
2026-08-03 21:00:00.209 | INFO     | app.main:lifespan:37 - Shutting down
2026-08-03 21:00:00.247 | INFO     | app.db.mongo:close_mongo_connection:35 - MongoDB connection closed
2026-08-03 21:00:00.738 | ERROR    | app.funding_intel.scheduler.jobs:_scheduler_event_listener:122 - [scheduler] job failed: 
2026-08-03 23:31:44.403 | INFO     | app.core.logging:setup_logging:26 - Logging initialized for Research Funding & Innovation Intelligence Platform v1.0.0
2026-08-03 23:31:45.033 | INFO     | app.main:lifespan:22 - Starting Research Funding & Innovation Intelligence Platform v1.0.0
2026-08-03 23:31:45.253 | INFO     | app.db:init_db:45 - Database tables created successfully
2026-08-03 23:31:45.358 | INFO     | app.db.mongo:connect_to_mongo:26 - Connected to MongoDB successfully
2026-08-03 23:31:45.391 | INFO     | app.funding_intel.scheduler.jobs:start_scheduler:171 - [scheduler] funding intel background jobs started
2026-08-03 23:34:33.743 | INFO     | app.main:lifespan:37 - Shutting down
2026-08-03 23:34:33.747 | INFO     | app.db.mongo:close_mongo_connection:35 - MongoDB connection closed
2026-08-05 18:22:17.406 | INFO     | app.core.logging:setup_logging:26 - Logging initialized for Research Funding & Innovation Intelligence Platform v1.0.0
2026-08-05 18:22:20.606 | INFO     | app.core.logging:setup_logging:26 - Logging initialized for Research Funding & Innovation Intelligence Platform v1.0.0
2026-08-05 18:22:20.979 | INFO     | app.main:lifespan:22 - Starting Research Funding & Innovation Intelligence Platform v1.0.0
2026-08-05 18:22:22.055 | INFO     | app.db:init_db:45 - Database tables created successfully
2026-08-05 18:22:22.666 | INFO     | app.db.mongo:connect_to_mongo:26 - Connected to MongoDB successfully
2026-08-05 18:22:22.712 | INFO     | app.funding_intel.scheduler.jobs:start_scheduler:171 - [scheduler] funding intel background jobs started
2026-08-05 18:25:24.436 | ERROR    | app.db:get_db:28 - Database session error: 401: Could not validate credentials
2026-08-05 18:25:24.444 | ERROR    | app.db:get_db:28 - Database session error: 401: Could not validate credentials
2026-08-05 18:25:24.453 | ERROR    | app.db:get_db:28 - Database session error: 401: Could not validate credentials
2026-08-05 18:25:24.461 | ERROR    | app.db:get_db:28 - Database session error: 401: Could not validate credentials
2026-08-05 18:25:50.892 | INFO     | app.services.recommendation_service:regenerate:166 - Regenerated 10 recommendations for user Poojitha
2026-08-05 18:30:00.148 | INFO     | app.funding_intel.providers.nih:initialize:52 - [nih] HTTP client initialised against https://api.reporter.nih.gov/v2
2026-08-05 18:30:03.457 | INFO     | app.funding_intel.providers.nih:fetch_batch:118 - [NIH] offset=0, fetched=1, total=2959526, next_cursor=1:75N94023D00001-P00007-759402300004-1
2026-08-05 18:30:03.487 | INFO     | app.funding_intel.providers.grants_gov:initialize:46 - [grants_gov] HTTP client initialised against https://api.grants.gov/v1/api
2026-08-05 18:30:05.294 | INFO     | app.funding_intel.providers.nsf:initialize:50 - [nsf] HTTP client initialised against https://api.nsf.gov/services/v1
2026-08-05 18:30:08.321 | INFO     | app.funding_intel.providers.openalex:initialize:78 - [openalex] HTTP client initialised against https://api.openalex.org (api_key=yes, mailto=funding-intel@research-platform.local)
2026-08-05 18:30:10.871 | INFO     | app.funding_intel.providers.cordis:initialize:51 - [cordis] HTTP client initialised against https://cordis.europa.eu/api
2026-08-05 18:31:18.273 | INFO     | app.funding_intel.providers.nih:initialize:52 - [nih] HTTP client initialised against https://api.reporter.nih.gov/v2
2026-08-05 18:31:18.302 | INFO     | app.funding_intel.providers.grants_gov:initialize:46 - [grants_gov] HTTP client initialised against https://api.grants.gov/v1/api
2026-08-05 18:31:18.335 | INFO     | app.funding_intel.providers.nsf:initialize:50 - [nsf] HTTP client initialised against https://api.nsf.gov/services/v1
2026-08-05 18:31:18.366 | INFO     | app.funding_intel.providers.openalex:initialize:78 - [openalex] HTTP client initialised against https://api.openalex.org (api_key=yes, mailto=funding-intel@research-platform.local)
2026-08-05 18:31:18.398 | INFO     | app.funding_intel.providers.cordis:initialize:51 - [cordis] HTTP client initialised against https://cordis.europa.eu/api
2026-08-05 18:31:18.679 | INFO     | app.funding_intel.providers.nih:initialize:52 - [nih] HTTP client initialised against https://api.reporter.nih.gov/v2
2026-08-05 18:31:18.708 | INFO     | app.funding_intel.providers.grants_gov:initialize:46 - [grants_gov] HTTP client initialised against https://api.grants.gov/v1/api
2026-08-05 18:31:18.738 | INFO     | app.funding_intel.providers.nsf:initialize:50 - [nsf] HTTP client initialised against https://api.nsf.gov/services/v1
2026-08-05 18:31:18.770 | INFO     | app.funding_intel.providers.openalex:initialize:78 - [openalex] HTTP client initialised against https://api.openalex.org (api_key=yes, mailto=funding-intel@research-platform.local)
2026-08-05 18:31:18.800 | INFO     | app.funding_intel.providers.cordis:initialize:51 - [cordis] HTTP client initialised against https://cordis.europa.eu/api
2026-08-05 18:32:41.014 | INFO     | app.funding_intel.providers.nih:initialize:52 - [nih] HTTP client initialised against https://api.reporter.nih.gov/v2
2026-08-05 18:32:41.043 | INFO     | app.funding_intel.providers.grants_gov:initialize:46 - [grants_gov] HTTP client initialised against https://api.grants.gov/v1/api
2026-08-05 18:32:41.074 | INFO     | app.funding_intel.providers.nsf:initialize:50 - [nsf] HTTP client initialised against https://api.nsf.gov/services/v1
2026-08-05 18:32:41.104 | INFO     | app.funding_intel.providers.openalex:initialize:78 - [openalex] HTTP client initialised against https://api.openalex.org (api_key=yes, mailto=funding-intel@research-platform.local)
2026-08-05 18:32:41.132 | INFO     | app.funding_intel.providers.cordis:initialize:51 - [cordis] HTTP client initialised against https://cordis.europa.eu/api
2026-08-05 18:32:41.287 | INFO     | app.funding_intel.providers.nih:initialize:52 - [nih] HTTP client initialised against https://api.reporter.nih.gov/v2
2026-08-05 18:32:41.316 | INFO     | app.funding_intel.providers.grants_gov:initialize:46 - [grants_gov] HTTP client initialised against https://api.grants.gov/v1/api
2026-08-05 18:32:41.344 | INFO     | app.funding_intel.providers.nsf:initialize:50 - [nsf] HTTP client initialised against https://api.nsf.gov/services/v1
2026-08-05 18:32:41.374 | INFO     | app.funding_intel.providers.openalex:initialize:78 - [openalex] HTTP client initialised against https://api.openalex.org (api_key=yes, mailto=funding-intel@research-platform.local)
2026-08-05 18:32:41.407 | INFO     | app.funding_intel.providers.cordis:initialize:51 - [cordis] HTTP client initialised against https://cordis.europa.eu/api
2026-08-05 18:42:58.238 | INFO     | app.main:lifespan:37 - Shutting down
2026-08-05 18:42:58.250 | INFO     | app.db.mongo:close_mongo_connection:35 - MongoDB connection closed
2026-08-05 18:43:31.782 | INFO     | app.core.logging:setup_logging:26 - Logging initialized for Research Funding & Innovation Intelligence Platform v1.0.0
2026-08-05 18:43:32.405 | INFO     | app.main:lifespan:22 - Starting Research Funding & Innovation Intelligence Platform v1.0.0
2026-08-05 18:43:32.569 | INFO     | app.db:init_db:45 - Database tables created successfully
2026-08-05 18:43:32.663 | INFO     | app.db.mongo:connect_to_mongo:26 - Connected to MongoDB successfully
2026-08-05 18:43:32.704 | INFO     | app.funding_intel.scheduler.jobs:start_scheduler:171 - [scheduler] funding intel background jobs started
2026-08-05 18:45:00.048 | INFO     | app.funding_intel.providers.nih:initialize:52 - [nih] HTTP client initialised against https://api.reporter.nih.gov/v2
2026-08-05 18:45:00.160 | INFO     | app.main:lifespan:37 - Shutting down
2026-08-05 18:45:00.163 | INFO     | app.db.mongo:close_mongo_connection:35 - MongoDB connection closed
2026-08-05 18:45:00.455 | ERROR    | app.funding_intel.scheduler.jobs:_scheduler_event_listener:122 - [scheduler] job failed: 
2026-08-05 18:45:30.400 | INFO     | app.core.logging:setup_logging:26 - Logging initialized for Research Funding & Innovation Intelligence Platform v1.0.0
2026-08-05 18:45:31.072 | INFO     | app.main:lifespan:22 - Starting Research Funding & Innovation Intelligence Platform v1.0.0
2026-08-05 18:45:31.345 | INFO     | app.db:init_db:45 - Database tables created successfully
2026-08-05 18:45:31.387 | INFO     | app.db.mongo:connect_to_mongo:26 - Connected to MongoDB successfully
2026-08-05 18:45:31.408 | INFO     | app.funding_intel.scheduler.jobs:start_scheduler:171 - [scheduler] funding intel background jobs started
2026-08-05 18:58:58.122 | INFO     | app.main:lifespan:37 - Shutting down
2026-08-05 18:58:58.128 | INFO     | app.db.mongo:close_mongo_connection:35 - MongoDB connection closed
2026-08-05 18:59:28.702 | INFO     | app.core.logging:setup_logging:26 - Logging initialized for Research Funding & Innovation Intelligence Platform v1.0.0
2026-08-05 18:59:29.260 | INFO     | app.main:lifespan:22 - Starting Research Funding & Innovation Intelligence Platform v1.0.0
2026-08-05 18:59:29.397 | INFO     | app.db:init_db:45 - Database tables created successfully
2026-08-05 18:59:29.451 | INFO     | app.db.mongo:connect_to_mongo:26 - Connected to MongoDB successfully
2026-08-05 18:59:29.470 | INFO     | app.funding_intel.scheduler.jobs:start_scheduler:171 - [scheduler] funding intel background jobs started
2026-08-05 19:00:00.045 | INFO     | app.funding_intel.providers.nih:initialize:52 - [nih] HTTP client initialised against https://api.reporter.nih.gov/v2
2026-08-05 19:00:03.252 | INFO     | app.funding_intel.providers.nih:fetch_batch:118 - [NIH] offset=0, fetched=1, total=2959526, next_cursor=1:75N94023D00001-P00007-759402300004-1
2026-08-05 19:00:03.282 | INFO     | app.funding_intel.providers.grants_gov:initialize:46 - [grants_gov] HTTP client initialised against https://api.grants.gov/v1/api
2026-08-05 19:00:04.493 | INFO     | app.funding_intel.providers.nsf:initialize:50 - [nsf] HTTP client initialised against https://api.nsf.gov/services/v1
2026-08-05 19:00:05.571 | INFO     | app.funding_intel.providers.openalex:initialize:78 - [openalex] HTTP client initialised against https://api.openalex.org (api_key=yes, mailto=funding-intel@research-platform.local)
2026-08-05 19:00:07.344 | INFO     | app.funding_intel.providers.cordis:initialize:51 - [cordis] HTTP client initialised against https://cordis.europa.eu/api
2026-08-05 19:09:01.823 | INFO     | app.main:lifespan:37 - Shutting down
2026-08-05 19:09:01.827 | INFO     | app.db.mongo:close_mongo_connection:35 - MongoDB connection closed
2026-08-05 19:09:40.001 | INFO     | app.core.logging:setup_logging:26 - Logging initialized for Research Funding & Innovation Intelligence Platform v1.0.0
2026-08-05 19:09:40.655 | INFO     | app.main:lifespan:22 - Starting Research Funding & Innovation Intelligence Platform v1.0.0
2026-08-05 19:09:40.785 | INFO     | app.db:init_db:45 - Database tables created successfully
2026-08-05 19:09:40.842 | INFO     | app.db.mongo:connect_to_mongo:26 - Connected to MongoDB successfully
2026-08-05 19:09:40.864 | INFO     | app.funding_intel.scheduler.jobs:start_scheduler:171 - [scheduler] funding intel background jobs started
2026-08-05 19:15:00.070 | INFO     | app.funding_intel.providers.nih:initialize:52 - [nih] HTTP client initialised against https://api.reporter.nih.gov/v2
2026-08-05 19:15:00.232 | INFO     | app.main:lifespan:37 - Shutting down
2026-08-05 19:15:00.239 | INFO     | app.db.mongo:close_mongo_connection:35 - MongoDB connection closed
2026-08-05 19:15:00.300 | ERROR    | app.funding_intel.scheduler.jobs:_scheduler_event_listener:122 - [scheduler] job failed: 
2026-08-05 19:16:46.419 | INFO     | app.core.logging:setup_logging:26 - Logging initialized for Research Funding & Innovation Intelligence Platform v1.0.0
2026-08-05 19:16:47.102 | INFO     | app.main:lifespan:22 - Starting Research Funding & Innovation Intelligence Platform v1.0.0
2026-08-05 19:16:47.276 | INFO     | app.db:init_db:45 - Database tables created successfully
2026-08-05 19:16:47.338 | INFO     | app.db.mongo:connect_to_mongo:26 - Connected to MongoDB successfully
2026-08-05 19:16:47.362 | INFO     | app.funding_intel.scheduler.jobs:start_scheduler:171 - [scheduler] funding intel background jobs started
2026-08-05 19:21:06.401 | INFO     | app.main:lifespan:37 - Shutting down
2026-08-05 19:21:06.405 | INFO     | app.db.mongo:close_mongo_connection:35 - MongoDB connection closed
2026-08-05 19:21:43.809 | INFO     | app.core.logging:setup_logging:26 - Logging initialized for Research Funding & Innovation Intelligence Platform v1.0.0
2026-08-05 19:21:44.574 | INFO     | app.main:lifespan:22 - Starting Research Funding & Innovation Intelligence Platform v1.0.0
2026-08-05 19:21:44.768 | INFO     | app.db:init_db:45 - Database tables created successfully
2026-08-05 19:21:44.818 | INFO     | app.db.mongo:connect_to_mongo:26 - Connected to MongoDB successfully
2026-08-05 19:21:44.853 | INFO     | app.funding_intel.scheduler.jobs:start_scheduler:171 - [scheduler] funding intel background jobs started
2026-08-05 19:30:00.081 | INFO     | app.funding_intel.providers.nih:initialize:52 - [nih] HTTP client initialised against https://api.reporter.nih.gov/v2
2026-08-05 19:30:02.976 | INFO     | app.funding_intel.providers.nih:fetch_batch:118 - [NIH] offset=0, fetched=1, total=2959526, next_cursor=1:75N94023D00001-P00007-759402300004-1
2026-08-05 19:30:03.015 | INFO     | app.funding_intel.providers.grants_gov:initialize:46 - [grants_gov] HTTP client initialised against https://api.grants.gov/v1/api
2026-08-05 19:30:04.433 | INFO     | app.funding_intel.providers.nsf:initialize:50 - [nsf] HTTP client initialised against https://api.nsf.gov/services/v1
2026-08-05 19:30:05.653 | INFO     | app.funding_intel.providers.openalex:initialize:78 - [openalex] HTTP client initialised against https://api.openalex.org (api_key=yes, mailto=funding-intel@research-platform.local)
2026-08-05 19:30:08.465 | INFO     | app.funding_intel.providers.cordis:initialize:51 - [cordis] HTTP client initialised against https://cordis.europa.eu/api
2026-08-05 19:30:08.586 | INFO     | app.main:lifespan:37 - Shutting down
2026-08-05 19:30:08.590 | INFO     | app.db.mongo:close_mongo_connection:35 - MongoDB connection closed
2026-08-05 19:30:08.629 | ERROR    | app.funding_intel.scheduler.jobs:_scheduler_event_listener:122 - [scheduler] job failed: 
2026-08-05 19:31:40.688 | INFO     | app.core.logging:setup_logging:26 - Logging initialized for Research Funding & Innovation Intelligence Platform v1.0.0
2026-08-05 19:31:41.442 | INFO     | app.main:lifespan:22 - Starting Research Funding & Innovation Intelligence Platform v1.0.0
2026-08-05 19:31:41.621 | INFO     | app.db:init_db:45 - Database tables created successfully
2026-08-05 19:31:41.662 | INFO     | app.db.mongo:connect_to_mongo:26 - Connected to MongoDB successfully
2026-08-05 19:31:41.689 | INFO     | app.funding_intel.scheduler.jobs:start_scheduler:171 - [scheduler] funding intel background jobs started
2026-08-05 19:32:30.250 | INFO     | app.main:lifespan:37 - Shutting down
2026-08-05 19:32:30.253 | INFO     | app.db.mongo:close_mongo_connection:35 - MongoDB connection closed
2026-08-05 19:33:02.588 | INFO     | app.core.logging:setup_logging:26 - Logging initialized for Research Funding & Innovation Intelligence Platform v1.0.0
2026-08-05 19:33:03.294 | INFO     | app.main:lifespan:22 - Starting Research Funding & Innovation Intelligence Platform v1.0.0
2026-08-05 19:33:03.506 | INFO     | app.db:init_db:45 - Database tables created successfully
2026-08-05 19:33:03.585 | INFO     | app.db.mongo:connect_to_mongo:26 - Connected to MongoDB successfully
2026-08-05 19:33:03.621 | INFO     | app.funding_intel.scheduler.jobs:start_scheduler:171 - [scheduler] funding intel background jobs started
2026-08-05 19:36:13.182 | INFO     | app.main:lifespan:37 - Shutting down
2026-08-05 19:36:13.186 | INFO     | app.db.mongo:close_mongo_connection:35 - MongoDB connection closed
2026-08-05 19:36:46.746 | INFO     | app.core.logging:setup_logging:26 - Logging initialized for Research Funding & Innovation Intelligence Platform v1.0.0
2026-08-05 19:36:47.472 | INFO     | app.main:lifespan:22 - Starting Research Funding & Innovation Intelligence Platform v1.0.0
2026-08-05 19:36:47.701 | INFO     | app.db:init_db:45 - Database tables created successfully
2026-08-05 19:36:47.782 | INFO     | app.db.mongo:connect_to_mongo:26 - Connected to MongoDB successfully
2026-08-05 19:36:47.822 | INFO     | app.funding_intel.scheduler.jobs:start_scheduler:171 - [scheduler] funding intel background jobs started
2026-08-05 19:45:00.177 | INFO     | app.funding_intel.providers.nih:initialize:52 - [nih] HTTP client initialised against https://api.reporter.nih.gov/v2
2026-08-05 19:45:01.842 | INFO     | app.funding_intel.providers.nih:fetch_batch:118 - [NIH] offset=0, fetched=1, total=2959526, next_cursor=1:75N94023D00001-P00007-759402300004-1
2026-08-05 19:45:01.881 | INFO     | app.funding_intel.providers.grants_gov:initialize:46 - [grants_gov] HTTP client initialised against https://api.grants.gov/v1/api
2026-08-05 19:45:03.332 | INFO     | app.funding_intel.providers.nsf:initialize:50 - [nsf] HTTP client initialised against https://api.nsf.gov/services/v1
2026-08-05 19:45:09.624 | INFO     | app.funding_intel.providers.openalex:initialize:78 - [openalex] HTTP client initialised against https://api.openalex.org (api_key=yes, mailto=funding-intel@research-platform.local)
2026-08-05 19:45:11.493 | INFO     | app.funding_intel.providers.cordis:initialize:51 - [cordis] HTTP client initialised against https://cordis.europa.eu/api
2026-08-05 19:45:45.985 | ERROR    | app.db:get_db:28 - Database session error: 401: Could not validate credentials
2026-08-05 19:45:45.999 | ERROR    | app.db:get_db:28 - Database session error: 401: Could not validate credentials
2026-08-05 19:45:46.018 | ERROR    | app.db:get_db:28 - Database session error: 401: Could not validate credentials
2026-08-05 19:45:46.051 | ERROR    | app.db:get_db:28 - Database session error: 401: Could not validate credentials
2026-08-05 19:47:41.802 | INFO     | app.main:lifespan:37 - Shutting down
2026-08-05 19:47:41.806 | INFO     | app.db.mongo:close_mongo_connection:35 - MongoDB connection closed
2026-08-05 19:48:20.307 | INFO     | app.core.logging:setup_logging:26 - Logging initialized for Research Funding & Innovation Intelligence Platform v1.0.0
2026-08-05 19:48:21.053 | INFO     | app.main:lifespan:22 - Starting Research Funding & Innovation Intelligence Platform v1.0.0
2026-08-05 19:48:21.259 | INFO     | app.db:init_db:45 - Database tables created successfully
2026-08-05 19:48:21.358 | INFO     | app.db.mongo:connect_to_mongo:26 - Connected to MongoDB successfully
2026-08-05 19:48:21.416 | INFO     | app.funding_intel.scheduler.jobs:start_scheduler:171 - [scheduler] funding intel background jobs started
2026-08-05 19:49:59.160 | INFO     | app.services.recommendation_service:regenerate:195 - Regenerated 10 recommendations for user Poojitha
2026-08-05 19:50:00.024 | INFO     | app.services.recommendation_service:regenerate:195 - Regenerated 10 recommendations for user Poojitha
2026-08-05 20:00:00.040 | INFO     | app.funding_intel.providers.nih:initialize:52 - [nih] HTTP client initialised against https://api.reporter.nih.gov/v2
2026-08-05 20:00:02.477 | INFO     | app.funding_intel.providers.nih:fetch_batch:118 - [NIH] offset=0, fetched=1, total=2959526, next_cursor=1:75N94023D00001-P00007-759402300004-1
2026-08-05 20:00:02.517 | INFO     | app.funding_intel.providers.grants_gov:initialize:46 - [grants_gov] HTTP client initialised against https://api.grants.gov/v1/api
2026-08-05 20:00:04.101 | INFO     | app.funding_intel.providers.nsf:initialize:50 - [nsf] HTTP client initialised against https://api.nsf.gov/services/v1
2026-08-05 20:00:05.085 | INFO     | app.funding_intel.providers.openalex:initialize:78 - [openalex] HTTP client initialised against https://api.openalex.org (api_key=yes, mailto=funding-intel@research-platform.local)
2026-08-05 20:00:07.618 | INFO     | app.funding_intel.providers.cordis:initialize:51 - [cordis] HTTP client initialised against https://cordis.europa.eu/api
2026-08-05 20:15:00.049 | INFO     | app.funding_intel.providers.nih:initialize:52 - [nih] HTTP client initialised against https://api.reporter.nih.gov/v2
2026-08-05 20:15:00.174 | INFO     | app.main:lifespan:37 - Shutting down
2026-08-05 20:15:00.179 | INFO     | app.db.mongo:close_mongo_connection:35 - MongoDB connection closed
2026-08-05 20:15:00.253 | ERROR    | app.funding_intel.scheduler.jobs:_scheduler_event_listener:122 - [scheduler] job failed: 
2026-08-05 20:52:34.457 | INFO     | app.core.logging:setup_logging:26 - Logging initialized for Research Funding & Innovation Intelligence Platform v1.0.0
2026-08-05 20:52:34.620 | INFO     | app.main:lifespan:22 - Starting Research Funding & Innovation Intelligence Platform v1.0.0
2026-08-05 20:52:34.823 | INFO     | app.db:init_db:45 - Database tables created successfully
2026-08-05 20:52:34.982 | INFO     | app.db.mongo:connect_to_mongo:26 - Connected to MongoDB successfully
2026-08-05 20:52:35.000 | INFO     | app.funding_intel.scheduler.jobs:start_scheduler:171 - [scheduler] funding intel background jobs started
2026-08-05 20:52:35.162 | ERROR    | app.db:get_db:28 - Database session error: 401: Could not validate credentials
2026-08-05 20:52:35.169 | ERROR    | app.db:get_db:28 - Database session error: 401: Could not validate credentials
2026-08-05 20:52:35.183 | ERROR    | app.db:get_db:28 - Database session error: 401: Could not validate credentials
2026-08-05 20:52:35.193 | ERROR    | app.db:get_db:28 - Database session error: 401: Could not validate credentials
2026-08-05 20:52:45.938 | ERROR    | app.db:get_db:28 - Database session error: (psycopg2.errors.UndefinedColumn) column funding.summary does not exist
LINE 1: ...itle, funding.description AS funding_description, funding.su...
                                                             ^

[SQL: SELECT funding.id AS funding_id, funding.title AS funding_title, funding.description AS funding_description, funding.summary AS funding_summary, funding.keywords AS funding_keywords, funding.research_domain AS funding_research_domain, funding.research_area AS funding_research_area, funding.category AS funding_category, funding.agency AS funding_agency, funding.organization AS funding_organization, funding.sponsor AS funding_sponsor, funding.country AS funding_country, funding.funding_type AS funding_funding_type, funding.amount_min AS funding_amount_min, funding.amount_max AS funding_amount_max, funding.currency AS funding_currency, funding.application_deadline AS funding_application_deadline, funding.posted_date AS funding_posted_date, funding.status AS funding_status, funding.eligibility AS funding_eligibility, funding.url AS funding_url, funding.source AS funding_source, funding.is_active AS funding_is_active, funding.extra_metadata AS funding_extra_metadata, funding.created_at AS funding_created_at, funding.updated_at AS funding_updated_at 
FROM funding]
(Background on this error at: https://sqlalche.me/e/20/f405)
2026-08-05 20:52:45.945 | ERROR    | app.main:unhandled_exception_handler:109 - Unhandled error: (psycopg2.errors.UndefinedColumn) column funding.summary does not exist
LINE 1: ...itle, funding.description AS funding_description, funding.su...
                                                             ^

[SQL: SELECT funding.id AS funding_id, funding.title AS funding_title, funding.description AS funding_description, funding.summary AS funding_summary, funding.keywords AS funding_keywords, funding.research_domain AS funding_research_domain, funding.research_area AS funding_research_area, funding.category AS funding_category, funding.agency AS funding_agency, funding.organization AS funding_organization, funding.sponsor AS funding_sponsor, funding.country AS funding_country, funding.funding_type AS funding_funding_type, funding.amount_min AS funding_amount_min, funding.amount_max AS funding_amount_max, funding.currency AS funding_currency, funding.application_deadline AS funding_application_deadline, funding.posted_date AS funding_posted_date, funding.status AS funding_status, funding.eligibility AS funding_eligibility, funding.url AS funding_url, funding.source AS funding_source, funding.is_active AS funding_is_active, funding.extra_metadata AS funding_extra_metadata, funding.created_at AS funding_created_at, funding.updated_at AS funding_updated_at 
FROM funding]
(Background on this error at: https://sqlalche.me/e/20/f405)
2026-08-05 20:52:46.516 | ERROR    | app.db:get_db:28 - Database session error: (psycopg2.errors.UndefinedColumn) column funding.summary does not exist
LINE 1: ...itle, funding.description AS funding_description, funding.su...
                                                             ^

[SQL: SELECT funding.id AS funding_id, funding.title AS funding_title, funding.description AS funding_description, funding.summary AS funding_summary, funding.keywords AS funding_keywords, funding.research_domain AS funding_research_domain, funding.research_area AS funding_research_area, funding.category AS funding_category, funding.agency AS funding_agency, funding.organization AS funding_organization, funding.sponsor AS funding_sponsor, funding.country AS funding_country, funding.funding_type AS funding_funding_type, funding.amount_min AS funding_amount_min, funding.amount_max AS funding_amount_max, funding.currency AS funding_currency, funding.application_deadline AS funding_application_deadline, funding.posted_date AS funding_posted_date, funding.status AS funding_status, funding.eligibility AS funding_eligibility, funding.url AS funding_url, funding.source AS funding_source, funding.is_active AS funding_is_active, funding.extra_metadata AS funding_extra_metadata, funding.created_at AS funding_created_at, funding.updated_at AS funding_updated_at 
FROM funding]
(Background on this error at: https://sqlalche.me/e/20/f405)
2026-08-05 20:52:46.526 | ERROR    | app.main:unhandled_exception_handler:109 - Unhandled error: (psycopg2.errors.UndefinedColumn) column funding.summary does not exist
LINE 1: ...itle, funding.description AS funding_description, funding.su...
                                                             ^

[SQL: SELECT funding.id AS funding_id, funding.title AS funding_title, funding.description AS funding_description, funding.summary AS funding_summary, funding.keywords AS funding_keywords, funding.research_domain AS funding_research_domain, funding.research_area AS funding_research_area, funding.category AS funding_category, funding.agency AS funding_agency, funding.organization AS funding_organization, funding.sponsor AS funding_sponsor, funding.country AS funding_country, funding.funding_type AS funding_funding_type, funding.amount_min AS funding_amount_min, funding.amount_max AS funding_amount_max, funding.currency AS funding_currency, funding.application_deadline AS funding_application_deadline, funding.posted_date AS funding_posted_date, funding.status AS funding_status, funding.eligibility AS funding_eligibility, funding.url AS funding_url, funding.source AS funding_source, funding.is_active AS funding_is_active, funding.extra_metadata AS funding_extra_metadata, funding.created_at AS funding_created_at, funding.updated_at AS funding_updated_at 
FROM funding]
(Background on this error at: https://sqlalche.me/e/20/f405)
2026-08-05 20:52:46.540 | ERROR    | app.db:get_db:28 - Database session error: (psycopg2.errors.UndefinedColumn) column funding.summary does not exist
LINE 1: ...itle, funding.description AS funding_description, funding.su...
                                                             ^

[SQL: SELECT funding.id AS funding_id, funding.title AS funding_title, funding.description AS funding_description, funding.summary AS funding_summary, funding.keywords AS funding_keywords, funding.research_domain AS funding_research_domain, funding.research_area AS funding_research_area, funding.category AS funding_category, funding.agency AS funding_agency, funding.organization AS funding_organization, funding.sponsor AS funding_sponsor, funding.country AS funding_country, funding.funding_type AS funding_funding_type, funding.amount_min AS funding_amount_min, funding.amount_max AS funding_amount_max, funding.currency AS funding_currency, funding.application_deadline AS funding_application_deadline, funding.posted_date AS funding_posted_date, funding.status AS funding_status, funding.eligibility AS funding_eligibility, funding.url AS funding_url, funding.source AS funding_source, funding.is_active AS funding_is_active, funding.extra_metadata AS funding_extra_metadata, funding.created_at AS funding_created_at, funding.updated_at AS funding_updated_at 
FROM funding]
(Background on this error at: https://sqlalche.me/e/20/f405)
2026-08-05 20:52:46.556 | ERROR    | app.main:unhandled_exception_handler:109 - Unhandled error: (psycopg2.errors.UndefinedColumn) column funding.summary does not exist
LINE 1: ...itle, funding.description AS funding_description, funding.su...
                                                             ^

[SQL: SELECT funding.id AS funding_id, funding.title AS funding_title, funding.description AS funding_description, funding.summary AS funding_summary, funding.keywords AS funding_keywords, funding.research_domain AS funding_research_domain, funding.research_area AS funding_research_area, funding.category AS funding_category, funding.agency AS funding_agency, funding.organization AS funding_organization, funding.sponsor AS funding_sponsor, funding.country AS funding_country, funding.funding_type AS funding_funding_type, funding.amount_min AS funding_amount_min, funding.amount_max AS funding_amount_max, funding.currency AS funding_currency, funding.application_deadline AS funding_application_deadline, funding.posted_date AS funding_posted_date, funding.status AS funding_status, funding.eligibility AS funding_eligibility, funding.url AS funding_url, funding.source AS funding_source, funding.is_active AS funding_is_active, funding.extra_metadata AS funding_extra_metadata, funding.created_at AS funding_created_at, funding.updated_at AS funding_updated_at 
FROM funding]
(Background on this error at: https://sqlalche.me/e/20/f405)
2026-08-05 20:52:46.575 | ERROR    | app.db:get_db:28 - Database session error: (psycopg2.errors.UndefinedColumn) column funding.summary does not exist
LINE 1: ...itle, funding.description AS funding_description, funding.su...
                                                             ^

[SQL: SELECT funding.id AS funding_id, funding.title AS funding_title, funding.description AS funding_description, funding.summary AS funding_summary, funding.keywords AS funding_keywords, funding.research_domain AS funding_research_domain, funding.research_area AS funding_research_area, funding.category AS funding_category, funding.agency AS funding_agency, funding.organization AS funding_organization, funding.sponsor AS funding_sponsor, funding.country AS funding_country, funding.funding_type AS funding_funding_type, funding.amount_min AS funding_amount_min, funding.amount_max AS funding_amount_max, funding.currency AS funding_currency, funding.application_deadline AS funding_application_deadline, funding.posted_date AS funding_posted_date, funding.status AS funding_status, funding.eligibility AS funding_eligibility, funding.url AS funding_url, funding.source AS funding_source, funding.is_active AS funding_is_active, funding.extra_metadata AS funding_extra_metadata, funding.created_at AS funding_created_at, funding.updated_at AS funding_updated_at 
FROM funding]
(Background on this error at: https://sqlalche.me/e/20/f405)
2026-08-05 20:52:46.581 | ERROR    | app.main:unhandled_exception_handler:109 - Unhandled error: (psycopg2.errors.UndefinedColumn) column funding.summary does not exist
LINE 1: ...itle, funding.description AS funding_description, funding.su...
                                                             ^

[SQL: SELECT funding.id AS funding_id, funding.title AS funding_title, funding.description AS funding_description, funding.summary AS funding_summary, funding.keywords AS funding_keywords, funding.research_domain AS funding_research_domain, funding.research_area AS funding_research_area, funding.category AS funding_category, funding.agency AS funding_agency, funding.organization AS funding_organization, funding.sponsor AS funding_sponsor, funding.country AS funding_country, funding.funding_type AS funding_funding_type, funding.amount_min AS funding_amount_min, funding.amount_max AS funding_amount_max, funding.currency AS funding_currency, funding.application_deadline AS funding_application_deadline, funding.posted_date AS funding_posted_date, funding.status AS funding_status, funding.eligibility AS funding_eligibility, funding.url AS funding_url, funding.source AS funding_source, funding.is_active AS funding_is_active, funding.extra_metadata AS funding_extra_metadata, funding.created_at AS funding_created_at, funding.updated_at AS funding_updated_at 
FROM funding]
(Background on this error at: https://sqlalche.me/e/20/f405)
2026-08-05 20:52:51.254 | ERROR    | app.db:get_db:28 - Database session error: (psycopg2.errors.UndefinedColumn) column funding.summary does not exist
LINE 1: ...itle, funding.description AS funding_description, funding.su...
                                                             ^

[SQL: SELECT funding.id AS funding_id, funding.title AS funding_title, funding.description AS funding_description, funding.summary AS funding_summary, funding.keywords AS funding_keywords, funding.research_domain AS funding_research_domain, funding.research_area AS funding_research_area, funding.category AS funding_category, funding.agency AS funding_agency, funding.organization AS funding_organization, funding.sponsor AS funding_sponsor, funding.country AS funding_country, funding.funding_type AS funding_funding_type, funding.amount_min AS funding_amount_min, funding.amount_max AS funding_amount_max, funding.currency AS funding_currency, funding.application_deadline AS funding_application_deadline, funding.posted_date AS funding_posted_date, funding.status AS funding_status, funding.eligibility AS funding_eligibility, funding.url AS funding_url, funding.source AS funding_source, funding.is_active AS funding_is_active, funding.extra_metadata AS funding_extra_metadata, funding.created_at AS funding_created_at, funding.updated_at AS funding_updated_at 
FROM funding]
(Background on this error at: https://sqlalche.me/e/20/f405)
2026-08-05 20:52:51.265 | ERROR    | app.main:unhandled_exception_handler:109 - Unhandled error: (psycopg2.errors.UndefinedColumn) column funding.summary does not exist
LINE 1: ...itle, funding.description AS funding_description, funding.su...
                                                             ^

[SQL: SELECT funding.id AS funding_id, funding.title AS funding_title, funding.description AS funding_description, funding.summary AS funding_summary, funding.keywords AS funding_keywords, funding.research_domain AS funding_research_domain, funding.research_area AS funding_research_area, funding.category AS funding_category, funding.agency AS funding_agency, funding.organization AS funding_organization, funding.sponsor AS funding_sponsor, funding.country AS funding_country, funding.funding_type AS funding_funding_type, funding.amount_min AS funding_amount_min, funding.amount_max AS funding_amount_max, funding.currency AS funding_currency, funding.application_deadline AS funding_application_deadline, funding.posted_date AS funding_posted_date, funding.status AS funding_status, funding.eligibility AS funding_eligibility, funding.url AS funding_url, funding.source AS funding_source, funding.is_active AS funding_is_active, funding.extra_metadata AS funding_extra_metadata, funding.created_at AS funding_created_at, funding.updated_at AS funding_updated_at 
FROM funding]
(Background on this error at: https://sqlalche.me/e/20/f405)
2026-08-05 20:52:51.273 | ERROR    | app.db:get_db:28 - Database session error: (psycopg2.errors.UndefinedColumn) column funding.summary does not exist
LINE 1: ...itle, funding.description AS funding_description, funding.su...
                                                             ^

[SQL: SELECT funding.id AS funding_id, funding.title AS funding_title, funding.description AS funding_description, funding.summary AS funding_summary, funding.keywords AS funding_keywords, funding.research_domain AS funding_research_domain, funding.research_area AS funding_research_area, funding.category AS funding_category, funding.agency AS funding_agency, funding.organization AS funding_organization, funding.sponsor AS funding_sponsor, funding.country AS funding_country, funding.funding_type AS funding_funding_type, funding.amount_min AS funding_amount_min, funding.amount_max AS funding_amount_max, funding.currency AS funding_currency, funding.application_deadline AS funding_application_deadline, funding.posted_date AS funding_posted_date, funding.status AS funding_status, funding.eligibility AS funding_eligibility, funding.url AS funding_url, funding.source AS funding_source, funding.is_active AS funding_is_active, funding.extra_metadata AS funding_extra_metadata, funding.created_at AS funding_created_at, funding.updated_at AS funding_updated_at 
FROM funding]
(Background on this error at: https://sqlalche.me/e/20/f405)
2026-08-05 20:52:51.276 | ERROR    | app.main:unhandled_exception_handler:109 - Unhandled error: (psycopg2.errors.UndefinedColumn) column funding.summary does not exist
LINE 1: ...itle, funding.description AS funding_description, funding.su...
                                                             ^

[SQL: SELECT funding.id AS funding_id, funding.title AS funding_title, funding.description AS funding_description, funding.summary AS funding_summary, funding.keywords AS funding_keywords, funding.research_domain AS funding_research_domain, funding.research_area AS funding_research_area, funding.category AS funding_category, funding.agency AS funding_agency, funding.organization AS funding_organization, funding.sponsor AS funding_sponsor, funding.country AS funding_country, funding.funding_type AS funding_funding_type, funding.amount_min AS funding_amount_min, funding.amount_max AS funding_amount_max, funding.currency AS funding_currency, funding.application_deadline AS funding_application_deadline, funding.posted_date AS funding_posted_date, funding.status AS funding_status, funding.eligibility AS funding_eligibility, funding.url AS funding_url, funding.source AS funding_source, funding.is_active AS funding_is_active, funding.extra_metadata AS funding_extra_metadata, funding.created_at AS funding_created_at, funding.updated_at AS funding_updated_at 
FROM funding]
(Background on this error at: https://sqlalche.me/e/20/f405)
2026-08-05 20:52:51.622 | ERROR    | app.db:get_db:28 - Database session error: (psycopg2.errors.UndefinedColumn) column funding.summary does not exist
LINE 1: ...itle, funding.description AS funding_description, funding.su...
                                                             ^

[SQL: SELECT funding.id AS funding_id, funding.title AS funding_title, funding.description AS funding_description, funding.summary AS funding_summary, funding.keywords AS funding_keywords, funding.research_domain AS funding_research_domain, funding.research_area AS funding_research_area, funding.category AS funding_category, funding.agency AS funding_agency, funding.organization AS funding_organization, funding.sponsor AS funding_sponsor, funding.country AS funding_country, funding.funding_type AS funding_funding_type, funding.amount_min AS funding_amount_min, funding.amount_max AS funding_amount_max, funding.currency AS funding_currency, funding.application_deadline AS funding_application_deadline, funding.posted_date AS funding_posted_date, funding.status AS funding_status, funding.eligibility AS funding_eligibility, funding.url AS funding_url, funding.source AS funding_source, funding.is_active AS funding_is_active, funding.extra_metadata AS funding_extra_metadata, funding.created_at AS funding_created_at, funding.updated_at AS funding_updated_at 
FROM funding]
(Background on this error at: https://sqlalche.me/e/20/f405)
2026-08-05 20:52:51.634 | ERROR    | app.db:get_db:28 - Database session error: (psycopg2.errors.UndefinedColumn) column funding.summary does not exist
LINE 1: ...itle, funding.description AS funding_description, funding.su...
                                                             ^

[SQL: SELECT funding.id AS funding_id, funding.title AS funding_title, funding.description AS funding_description, funding.summary AS funding_summary, funding.keywords AS funding_keywords, funding.research_domain AS funding_research_domain, funding.research_area AS funding_research_area, funding.category AS funding_category, funding.agency AS funding_agency, funding.organization AS funding_organization, funding.sponsor AS funding_sponsor, funding.country AS funding_country, funding.funding_type AS funding_funding_type, funding.amount_min AS funding_amount_min, funding.amount_max AS funding_amount_max, funding.currency AS funding_currency, funding.application_deadline AS funding_application_deadline, funding.posted_date AS funding_posted_date, funding.status AS funding_status, funding.eligibility AS funding_eligibility, funding.url AS funding_url, funding.source AS funding_source, funding.is_active AS funding_is_active, funding.extra_metadata AS funding_extra_metadata, funding.created_at AS funding_created_at, funding.updated_at AS funding_updated_at 
FROM funding]
(Background on this error at: https://sqlalche.me/e/20/f405)
2026-08-05 20:52:51.636 | ERROR    | app.main:unhandled_exception_handler:109 - Unhandled error: (psycopg2.errors.UndefinedColumn) column funding.summary does not exist
LINE 1: ...itle, funding.description AS funding_description, funding.su...
                                                             ^

[SQL: SELECT funding.id AS funding_id, funding.title AS funding_title, funding.description AS funding_description, funding.summary AS funding_summary, funding.keywords AS funding_keywords, funding.research_domain AS funding_research_domain, funding.research_area AS funding_research_area, funding.category AS funding_category, funding.agency AS funding_agency, funding.organization AS funding_organization, funding.sponsor AS funding_sponsor, funding.country AS funding_country, funding.funding_type AS funding_funding_type, funding.amount_min AS funding_amount_min, funding.amount_max AS funding_amount_max, funding.currency AS funding_currency, funding.application_deadline AS funding_application_deadline, funding.posted_date AS funding_posted_date, funding.status AS funding_status, funding.eligibility AS funding_eligibility, funding.url AS funding_url, funding.source AS funding_source, funding.is_active AS funding_is_active, funding.extra_metadata AS funding_extra_metadata, funding.created_at AS funding_created_at, funding.updated_at AS funding_updated_at 
FROM funding]
(Background on this error at: https://sqlalche.me/e/20/f405)
2026-08-05 20:52:51.654 | ERROR    | app.main:unhandled_exception_handler:109 - Unhandled error: (psycopg2.errors.UndefinedColumn) column funding.summary does not exist
LINE 1: ...itle, funding.description AS funding_description, funding.su...
                                                             ^

[SQL: SELECT funding.id AS funding_id, funding.title AS funding_title, funding.description AS funding_description, funding.summary AS funding_summary, funding.keywords AS funding_keywords, funding.research_domain AS funding_research_domain, funding.research_area AS funding_research_area, funding.category AS funding_category, funding.agency AS funding_agency, funding.organization AS funding_organization, funding.sponsor AS funding_sponsor, funding.country AS funding_country, funding.funding_type AS funding_funding_type, funding.amount_min AS funding_amount_min, funding.amount_max AS funding_amount_max, funding.currency AS funding_currency, funding.application_deadline AS funding_application_deadline, funding.posted_date AS funding_posted_date, funding.status AS funding_status, funding.eligibility AS funding_eligibility, funding.url AS funding_url, funding.source AS funding_source, funding.is_active AS funding_is_active, funding.extra_metadata AS funding_extra_metadata, funding.created_at AS funding_created_at, funding.updated_at AS funding_updated_at 
FROM funding]
(Background on this error at: https://sqlalche.me/e/20/f405)
2026-08-05 20:52:52.616 | ERROR    | app.db:get_db:28 - Database session error: (psycopg2.errors.UndefinedColumn) column funding.summary does not exist
LINE 1: ...itle, funding.description AS funding_description, funding.su...
                                                             ^

[SQL: SELECT funding.id AS funding_id, funding.title AS funding_title, funding.description AS funding_description, funding.summary AS funding_summary, funding.keywords AS funding_keywords, funding.research_domain AS funding_research_domain, funding.research_area AS funding_research_area, funding.category AS funding_category, funding.agency AS funding_agency, funding.organization AS funding_organization, funding.sponsor AS funding_sponsor, funding.country AS funding_country, funding.funding_type AS funding_funding_type, funding.amount_min AS funding_amount_min, funding.amount_max AS funding_amount_max, funding.currency AS funding_currency, funding.application_deadline AS funding_application_deadline, funding.posted_date AS funding_posted_date, funding.status AS funding_status, funding.eligibility AS funding_eligibility, funding.url AS funding_url, funding.source AS funding_source, funding.is_active AS funding_is_active, funding.extra_metadata AS funding_extra_metadata, funding.created_at AS funding_created_at, funding.updated_at AS funding_updated_at 
FROM funding 
WHERE funding.id = %(pk_1)s]
[parameters: {'pk_1': 1}]
(Background on this error at: https://sqlalche.me/e/20/f405)
2026-08-05 20:52:52.620 | ERROR    | app.main:unhandled_exception_handler:109 - Unhandled error: (psycopg2.errors.UndefinedColumn) column funding.summary does not exist
LINE 1: ...itle, funding.description AS funding_description, funding.su...
                                                             ^

[SQL: SELECT funding.id AS funding_id, funding.title AS funding_title, funding.description AS funding_description, funding.summary AS funding_summary, funding.keywords AS funding_keywords, funding.research_domain AS funding_research_domain, funding.research_area AS funding_research_area, funding.category AS funding_category, funding.agency AS funding_agency, funding.organization AS funding_organization, funding.sponsor AS funding_sponsor, funding.country AS funding_country, funding.funding_type AS funding_funding_type, funding.amount_min AS funding_amount_min, funding.amount_max AS funding_amount_max, funding.currency AS funding_currency, funding.application_deadline AS funding_application_deadline, funding.posted_date AS funding_posted_date, funding.status AS funding_status, funding.eligibility AS funding_eligibility, funding.url AS funding_url, funding.source AS funding_source, funding.is_active AS funding_is_active, funding.extra_metadata AS funding_extra_metadata, funding.created_at AS funding_created_at, funding.updated_at AS funding_updated_at 
FROM funding 
WHERE funding.id = %(pk_1)s]
[parameters: {'pk_1': 1}]
(Background on this error at: https://sqlalche.me/e/20/f405)
2026-08-05 20:52:52.829 | ERROR    | app.db:get_db:28 - Database session error: (psycopg2.errors.UndefinedColumn) column funding.summary does not exist
LINE 1: ...itle, funding.description AS funding_description, funding.su...
                                                             ^

[SQL: SELECT funding.id AS funding_id, funding.title AS funding_title, funding.description AS funding_description, funding.summary AS funding_summary, funding.keywords AS funding_keywords, funding.research_domain AS funding_research_domain, funding.research_area AS funding_research_area, funding.category AS funding_category, funding.agency AS funding_agency, funding.organization AS funding_organization, funding.sponsor AS funding_sponsor, funding.country AS funding_country, funding.funding_type AS funding_funding_type, funding.amount_min AS funding_amount_min, funding.amount_max AS funding_amount_max, funding.currency AS funding_currency, funding.application_deadline AS funding_application_deadline, funding.posted_date AS funding_posted_date, funding.status AS funding_status, funding.eligibility AS funding_eligibility, funding.url AS funding_url, funding.source AS funding_source, funding.is_active AS funding_is_active, funding.extra_metadata AS funding_extra_metadata, funding.created_at AS funding_created_at, funding.updated_at AS funding_updated_at 
FROM funding 
WHERE funding.id = %(pk_1)s]
[parameters: {'pk_1': 1}]
(Background on this error at: https://sqlalche.me/e/20/f405)
2026-08-05 20:52:52.835 | ERROR    | app.main:unhandled_exception_handler:109 - Unhandled error: (psycopg2.errors.UndefinedColumn) column funding.summary does not exist
LINE 1: ...itle, funding.description AS funding_description, funding.su...
                                                             ^

[SQL: SELECT funding.id AS funding_id, funding.title AS funding_title, funding.description AS funding_description, funding.summary AS funding_summary, funding.keywords AS funding_keywords, funding.research_domain AS funding_research_domain, funding.research_area AS funding_research_area, funding.category AS funding_category, funding.agency AS funding_agency, funding.organization AS funding_organization, funding.sponsor AS funding_sponsor, funding.country AS funding_country, funding.funding_type AS funding_funding_type, funding.amount_min AS funding_amount_min, funding.amount_max AS funding_amount_max, funding.currency AS funding_currency, funding.application_deadline AS funding_application_deadline, funding.posted_date AS funding_posted_date, funding.status AS funding_status, funding.eligibility AS funding_eligibility, funding.url AS funding_url, funding.source AS funding_source, funding.is_active AS funding_is_active, funding.extra_metadata AS funding_extra_metadata, funding.created_at AS funding_created_at, funding.updated_at AS funding_updated_at 
FROM funding 
WHERE funding.id = %(pk_1)s]
[parameters: {'pk_1': 1}]
(Background on this error at: https://sqlalche.me/e/20/f405)
2026-08-05 20:52:58.271 | ERROR    | app.db:get_db:28 - Database session error: (psycopg2.errors.UndefinedColumn) column funding.summary does not exist
LINE 2: ...itle, funding.description AS funding_description, funding.su...
                                                             ^

[SQL: SELECT count(*) AS count_1 
FROM (SELECT funding.id AS funding_id, funding.title AS funding_title, funding.description AS funding_description, funding.summary AS funding_summary, funding.keywords AS funding_keywords, funding.research_domain AS funding_research_domain, funding.research_area AS funding_research_area, funding.category AS funding_category, funding.agency AS funding_agency, funding.organization AS funding_organization, funding.sponsor AS funding_sponsor, funding.country AS funding_country, funding.funding_type AS funding_funding_type, funding.amount_min AS funding_amount_min, funding.amount_max AS funding_amount_max, funding.currency AS funding_currency, funding.application_deadline AS funding_application_deadline, funding.posted_date AS funding_posted_date, funding.status AS funding_status, funding.eligibility AS funding_eligibility, funding.url AS funding_url, funding.source AS funding_source, funding.is_active AS funding_is_active, funding.extra_metadata AS funding_extra_metadata, funding.created_at AS funding_created_at, funding.updated_at AS funding_updated_at 
FROM funding 
WHERE funding.is_active = true) AS anon_1]
(Background on this error at: https://sqlalche.me/e/20/f405)
2026-08-05 20:52:58.276 | ERROR    | app.main:unhandled_exception_handler:109 - Unhandled error: (psycopg2.errors.UndefinedColumn) column funding.summary does not exist
LINE 2: ...itle, funding.description AS funding_description, funding.su...
                                                             ^

[SQL: SELECT count(*) AS count_1 
FROM (SELECT funding.id AS funding_id, funding.title AS funding_title, funding.description AS funding_description, funding.summary AS funding_summary, funding.keywords AS funding_keywords, funding.research_domain AS funding_research_domain, funding.research_area AS funding_research_area, funding.category AS funding_category, funding.agency AS funding_agency, funding.organization AS funding_organization, funding.sponsor AS funding_sponsor, funding.country AS funding_country, funding.funding_type AS funding_funding_type, funding.amount_min AS funding_amount_min, funding.amount_max AS funding_amount_max, funding.currency AS funding_currency, funding.application_deadline AS funding_application_deadline, funding.posted_date AS funding_posted_date, funding.status AS funding_status, funding.eligibility AS funding_eligibility, funding.url AS funding_url, funding.source AS funding_source, funding.is_active AS funding_is_active, funding.extra_metadata AS funding_extra_metadata, funding.created_at AS funding_created_at, funding.updated_at AS funding_updated_at 
FROM funding 
WHERE funding.is_active = true) AS anon_1]
(Background on this error at: https://sqlalche.me/e/20/f405)
2026-08-05 20:52:58.337 | ERROR    | app.db:get_db:28 - Database session error: (psycopg2.errors.UndefinedColumn) column funding.summary does not exist
LINE 2: ...itle, funding.description AS funding_description, funding.su...
                                                             ^

[SQL: SELECT count(*) AS count_1 
FROM (SELECT funding.id AS funding_id, funding.title AS funding_title, funding.description AS funding_description, funding.summary AS funding_summary, funding.keywords AS funding_keywords, funding.research_domain AS funding_research_domain, funding.research_area AS funding_research_area, funding.category AS funding_category, funding.agency AS funding_agency, funding.organization AS funding_organization, funding.sponsor AS funding_sponsor, funding.country AS funding_country, funding.funding_type AS funding_funding_type, funding.amount_min AS funding_amount_min, funding.amount_max AS funding_amount_max, funding.currency AS funding_currency, funding.application_deadline AS funding_application_deadline, funding.posted_date AS funding_posted_date, funding.status AS funding_status, funding.eligibility AS funding_eligibility, funding.url AS funding_url, funding.source AS funding_source, funding.is_active AS funding_is_active, funding.extra_metadata AS funding_extra_metadata, funding.created_at AS funding_created_at, funding.updated_at AS funding_updated_at 
FROM funding 
WHERE funding.is_active = true) AS anon_1]
(Background on this error at: https://sqlalche.me/e/20/f405)
2026-08-05 20:52:58.340 | ERROR    | app.main:unhandled_exception_handler:109 - Unhandled error: (psycopg2.errors.UndefinedColumn) column funding.summary does not exist
LINE 2: ...itle, funding.description AS funding_description, funding.su...
                                                             ^

[SQL: SELECT count(*) AS count_1 
FROM (SELECT funding.id AS funding_id, funding.title AS funding_title, funding.description AS funding_description, funding.summary AS funding_summary, funding.keywords AS funding_keywords, funding.research_domain AS funding_research_domain, funding.research_area AS funding_research_area, funding.category AS funding_category, funding.agency AS funding_agency, funding.organization AS funding_organization, funding.sponsor AS funding_sponsor, funding.country AS funding_country, funding.funding_type AS funding_funding_type, funding.amount_min AS funding_amount_min, funding.amount_max AS funding_amount_max, funding.currency AS funding_currency, funding.application_deadline AS funding_application_deadline, funding.posted_date AS funding_posted_date, funding.status AS funding_status, funding.eligibility AS funding_eligibility, funding.url AS funding_url, funding.source AS funding_source, funding.is_active AS funding_is_active, funding.extra_metadata AS funding_extra_metadata, funding.created_at AS funding_created_at, funding.updated_at AS funding_updated_at 
FROM funding 
WHERE funding.is_active = true) AS anon_1]
(Background on this error at: https://sqlalche.me/e/20/f405)
2026-08-05 20:53:08.077 | ERROR    | app.db:get_db:28 - Database session error: (psycopg2.errors.UndefinedColumn) column funding.summary does not exist
LINE 1: ...itle, funding.description AS funding_description, funding.su...
                                                             ^

[SQL: SELECT funding.id AS funding_id, funding.title AS funding_title, funding.description AS funding_description, funding.summary AS funding_summary, funding.keywords AS funding_keywords, funding.research_domain AS funding_research_domain, funding.research_area AS funding_research_area, funding.category AS funding_category, funding.agency AS funding_agency, funding.organization AS funding_organization, funding.sponsor AS funding_sponsor, funding.country AS funding_country, funding.funding_type AS funding_funding_type, funding.amount_min AS funding_amount_min, funding.amount_max AS funding_amount_max, funding.currency AS funding_currency, funding.application_deadline AS funding_application_deadline, funding.posted_date AS funding_posted_date, funding.status AS funding_status, funding.eligibility AS funding_eligibility, funding.url AS funding_url, funding.source AS funding_source, funding.is_active AS funding_is_active, funding.extra_metadata AS funding_extra_metadata, funding.created_at AS funding_created_at, funding.updated_at AS funding_updated_at 
FROM funding 
WHERE funding.id = %(pk_1)s]
[parameters: {'pk_1': 1}]
(Background on this error at: https://sqlalche.me/e/20/f405)
2026-08-05 20:53:08.084 | ERROR    | app.main:unhandled_exception_handler:109 - Unhandled error: (psycopg2.errors.UndefinedColumn) column funding.summary does not exist
LINE 1: ...itle, funding.description AS funding_description, funding.su...
                                                             ^

[SQL: SELECT funding.id AS funding_id, funding.title AS funding_title, funding.description AS funding_description, funding.summary AS funding_summary, funding.keywords AS funding_keywords, funding.research_domain AS funding_research_domain, funding.research_area AS funding_research_area, funding.category AS funding_category, funding.agency AS funding_agency, funding.organization AS funding_organization, funding.sponsor AS funding_sponsor, funding.country AS funding_country, funding.funding_type AS funding_funding_type, funding.amount_min AS funding_amount_min, funding.amount_max AS funding_amount_max, funding.currency AS funding_currency, funding.application_deadline AS funding_application_deadline, funding.posted_date AS funding_posted_date, funding.status AS funding_status, funding.eligibility AS funding_eligibility, funding.url AS funding_url, funding.source AS funding_source, funding.is_active AS funding_is_active, funding.extra_metadata AS funding_extra_metadata, funding.created_at AS funding_created_at, funding.updated_at AS funding_updated_at 
FROM funding 
WHERE funding.id = %(pk_1)s]
[parameters: {'pk_1': 1}]
(Background on this error at: https://sqlalche.me/e/20/f405)
2026-08-05 20:53:08.335 | ERROR    | app.db:get_db:28 - Database session error: (psycopg2.errors.UndefinedColumn) column funding.summary does not exist
LINE 1: ...itle, funding.description AS funding_description, funding.su...
                                                             ^

[SQL: SELECT funding.id AS funding_id, funding.title AS funding_title, funding.description AS funding_description, funding.summary AS funding_summary, funding.keywords AS funding_keywords, funding.research_domain AS funding_research_domain, funding.research_area AS funding_research_area, funding.category AS funding_category, funding.agency AS funding_agency, funding.organization AS funding_organization, funding.sponsor AS funding_sponsor, funding.country AS funding_country, funding.funding_type AS funding_funding_type, funding.amount_min AS funding_amount_min, funding.amount_max AS funding_amount_max, funding.currency AS funding_currency, funding.application_deadline AS funding_application_deadline, funding.posted_date AS funding_posted_date, funding.status AS funding_status, funding.eligibility AS funding_eligibility, funding.url AS funding_url, funding.source AS funding_source, funding.is_active AS funding_is_active, funding.extra_metadata AS funding_extra_metadata, funding.created_at AS funding_created_at, funding.updated_at AS funding_updated_at 
FROM funding 
WHERE funding.id = %(pk_1)s]
[parameters: {'pk_1': 1}]
(Background on this error at: https://sqlalche.me/e/20/f405)
2026-08-05 20:53:08.338 | ERROR    | app.main:unhandled_exception_handler:109 - Unhandled error: (psycopg2.errors.UndefinedColumn) column funding.summary does not exist
LINE 1: ...itle, funding.description AS funding_description, funding.su...
                                                             ^

[SQL: SELECT funding.id AS funding_id, funding.title AS funding_title, funding.description AS funding_description, funding.summary AS funding_summary, funding.keywords AS funding_keywords, funding.research_domain AS funding_research_domain, funding.research_area AS funding_research_area, funding.category AS funding_category, funding.agency AS funding_agency, funding.organization AS funding_organization, funding.sponsor AS funding_sponsor, funding.country AS funding_country, funding.funding_type AS funding_funding_type, funding.amount_min AS funding_amount_min, funding.amount_max AS funding_amount_max, funding.currency AS funding_currency, funding.application_deadline AS funding_application_deadline, funding.posted_date AS funding_posted_date, funding.status AS funding_status, funding.eligibility AS funding_eligibility, funding.url AS funding_url, funding.source AS funding_source, funding.is_active AS funding_is_active, funding.extra_metadata AS funding_extra_metadata, funding.created_at AS funding_created_at, funding.updated_at AS funding_updated_at 
FROM funding 
WHERE funding.id = %(pk_1)s]
[parameters: {'pk_1': 1}]
(Background on this error at: https://sqlalche.me/e/20/f405)
2026-08-05 20:53:11.388 | ERROR    | app.db:get_db:28 - Database session error: (psycopg2.errors.UndefinedColumn) column funding.summary does not exist
LINE 2: ...itle, funding.description AS funding_description, funding.su...
                                                             ^

[SQL: SELECT count(*) AS count_1 
FROM (SELECT funding.id AS funding_id, funding.title AS funding_title, funding.description AS funding_description, funding.summary AS funding_summary, funding.keywords AS funding_keywords, funding.research_domain AS funding_research_domain, funding.research_area AS funding_research_area, funding.category AS funding_category, funding.agency AS funding_agency, funding.organization AS funding_organization, funding.sponsor AS funding_sponsor, funding.country AS funding_country, funding.funding_type AS funding_funding_type, funding.amount_min AS funding_amount_min, funding.amount_max AS funding_amount_max, funding.currency AS funding_currency, funding.application_deadline AS funding_application_deadline, funding.posted_date AS funding_posted_date, funding.status AS funding_status, funding.eligibility AS funding_eligibility, funding.url AS funding_url, funding.source AS funding_source, funding.is_active AS funding_is_active, funding.extra_metadata AS funding_extra_metadata, funding.created_at AS funding_created_at, funding.updated_at AS funding_updated_at 
FROM funding 
WHERE funding.is_active = true) AS anon_1]
(Background on this error at: https://sqlalche.me/e/20/f405)
2026-08-05 20:53:11.392 | ERROR    | app.main:unhandled_exception_handler:109 - Unhandled error: (psycopg2.errors.UndefinedColumn) column funding.summary does not exist
LINE 2: ...itle, funding.description AS funding_description, funding.su...
                                                             ^

[SQL: SELECT count(*) AS count_1 
FROM (SELECT funding.id AS funding_id, funding.title AS funding_title, funding.description AS funding_description, funding.summary AS funding_summary, funding.keywords AS funding_keywords, funding.research_domain AS funding_research_domain, funding.research_area AS funding_research_area, funding.category AS funding_category, funding.agency AS funding_agency, funding.organization AS funding_organization, funding.sponsor AS funding_sponsor, funding.country AS funding_country, funding.funding_type AS funding_funding_type, funding.amount_min AS funding_amount_min, funding.amount_max AS funding_amount_max, funding.currency AS funding_currency, funding.application_deadline AS funding_application_deadline, funding.posted_date AS funding_posted_date, funding.status AS funding_status, funding.eligibility AS funding_eligibility, funding.url AS funding_url, funding.source AS funding_source, funding.is_active AS funding_is_active, funding.extra_metadata AS funding_extra_metadata, funding.created_at AS funding_created_at, funding.updated_at AS funding_updated_at 
FROM funding 
WHERE funding.is_active = true) AS anon_1]
(Background on this error at: https://sqlalche.me/e/20/f405)
2026-08-05 20:53:11.731 | ERROR    | app.db:get_db:28 - Database session error: (psycopg2.errors.UndefinedColumn) column funding.summary does not exist
LINE 2: ...itle, funding.description AS funding_description, funding.su...
                                                             ^

[SQL: SELECT count(*) AS count_1 
FROM (SELECT funding.id AS funding_id, funding.title AS funding_title, funding.description AS funding_description, funding.summary AS funding_summary, funding.keywords AS funding_keywords, funding.research_domain AS funding_research_domain, funding.research_area AS funding_research_area, funding.category AS funding_category, funding.agency AS funding_agency, funding.organization AS funding_organization, funding.sponsor AS funding_sponsor, funding.country AS funding_country, funding.funding_type AS funding_funding_type, funding.amount_min AS funding_amount_min, funding.amount_max AS funding_amount_max, funding.currency AS funding_currency, funding.application_deadline AS funding_application_deadline, funding.posted_date AS funding_posted_date, funding.status AS funding_status, funding.eligibility AS funding_eligibility, funding.url AS funding_url, funding.source AS funding_source, funding.is_active AS funding_is_active, funding.extra_metadata AS funding_extra_metadata, funding.created_at AS funding_created_at, funding.updated_at AS funding_updated_at 
FROM funding 
WHERE funding.is_active = true) AS anon_1]
(Background on this error at: https://sqlalche.me/e/20/f405)
2026-08-05 20:53:11.734 | ERROR    | app.main:unhandled_exception_handler:109 - Unhandled error: (psycopg2.errors.UndefinedColumn) column funding.summary does not exist
LINE 2: ...itle, funding.description AS funding_description, funding.su...
                                                             ^

[SQL: SELECT count(*) AS count_1 
FROM (SELECT funding.id AS funding_id, funding.title AS funding_title, funding.description AS funding_description, funding.summary AS funding_summary, funding.keywords AS funding_keywords, funding.research_domain AS funding_research_domain, funding.research_area AS funding_research_area, funding.category AS funding_category, funding.agency AS funding_agency, funding.organization AS funding_organization, funding.sponsor AS funding_sponsor, funding.country AS funding_country, funding.funding_type AS funding_funding_type, funding.amount_min AS funding_amount_min, funding.amount_max AS funding_amount_max, funding.currency AS funding_currency, funding.application_deadline AS funding_application_deadline, funding.posted_date AS funding_posted_date, funding.status AS funding_status, funding.eligibility AS funding_eligibility, funding.url AS funding_url, funding.source AS funding_source, funding.is_active AS funding_is_active, funding.extra_metadata AS funding_extra_metadata, funding.created_at AS funding_created_at, funding.updated_at AS funding_updated_at 
FROM funding 
WHERE funding.is_active = true) AS anon_1]
(Background on this error at: https://sqlalche.me/e/20/f405)
2026-08-05 20:53:16.877 | ERROR    | app.db:get_db:28 - Database session error: (psycopg2.errors.UndefinedColumn) column funding.summary does not exist
LINE 1: ...itle, funding.description AS funding_description, funding.su...
                                                             ^

[SQL: SELECT funding.id AS funding_id, funding.title AS funding_title, funding.description AS funding_description, funding.summary AS funding_summary, funding.keywords AS funding_keywords, funding.research_domain AS funding_research_domain, funding.research_area AS funding_research_area, funding.category AS funding_category, funding.agency AS funding_agency, funding.organization AS funding_organization, funding.sponsor AS funding_sponsor, funding.country AS funding_country, funding.funding_type AS funding_funding_type, funding.amount_min AS funding_amount_min, funding.amount_max AS funding_amount_max, funding.currency AS funding_currency, funding.application_deadline AS funding_application_deadline, funding.posted_date AS funding_posted_date, funding.status AS funding_status, funding.eligibility AS funding_eligibility, funding.url AS funding_url, funding.source AS funding_source, funding.is_active AS funding_is_active, funding.extra_metadata AS funding_extra_metadata, funding.created_at AS funding_created_at, funding.updated_at AS funding_updated_at 
FROM funding]
(Background on this error at: https://sqlalche.me/e/20/f405)
2026-08-05 20:53:16.881 | ERROR    | app.main:unhandled_exception_handler:109 - Unhandled error: (psycopg2.errors.UndefinedColumn) column funding.summary does not exist
LINE 1: ...itle, funding.description AS funding_description, funding.su...
                                                             ^

[SQL: SELECT funding.id AS funding_id, funding.title AS funding_title, funding.description AS funding_description, funding.summary AS funding_summary, funding.keywords AS funding_keywords, funding.research_domain AS funding_research_domain, funding.research_area AS funding_research_area, funding.category AS funding_category, funding.agency AS funding_agency, funding.organization AS funding_organization, funding.sponsor AS funding_sponsor, funding.country AS funding_country, funding.funding_type AS funding_funding_type, funding.amount_min AS funding_amount_min, funding.amount_max AS funding_amount_max, funding.currency AS funding_currency, funding.application_deadline AS funding_application_deadline, funding.posted_date AS funding_posted_date, funding.status AS funding_status, funding.eligibility AS funding_eligibility, funding.url AS funding_url, funding.source AS funding_source, funding.is_active AS funding_is_active, funding.extra_metadata AS funding_extra_metadata, funding.created_at AS funding_created_at, funding.updated_at AS funding_updated_at 
FROM funding]
(Background on this error at: https://sqlalche.me/e/20/f405)
2026-08-05 20:53:17.213 | ERROR    | app.db:get_db:28 - Database session error: (psycopg2.errors.UndefinedColumn) column funding.summary does not exist
LINE 1: ...itle, funding.description AS funding_description, funding.su...
                                                             ^

[SQL: SELECT funding.id AS funding_id, funding.title AS funding_title, funding.description AS funding_description, funding.summary AS funding_summary, funding.keywords AS funding_keywords, funding.research_domain AS funding_research_domain, funding.research_area AS funding_research_area, funding.category AS funding_category, funding.agency AS funding_agency, funding.organization AS funding_organization, funding.sponsor AS funding_sponsor, funding.country AS funding_country, funding.funding_type AS funding_funding_type, funding.amount_min AS funding_amount_min, funding.amount_max AS funding_amount_max, funding.currency AS funding_currency, funding.application_deadline AS funding_application_deadline, funding.posted_date AS funding_posted_date, funding.status AS funding_status, funding.eligibility AS funding_eligibility, funding.url AS funding_url, funding.source AS funding_source, funding.is_active AS funding_is_active, funding.extra_metadata AS funding_extra_metadata, funding.created_at AS funding_created_at, funding.updated_at AS funding_updated_at 
FROM funding]
(Background on this error at: https://sqlalche.me/e/20/f405)
2026-08-05 20:53:17.222 | ERROR    | app.main:unhandled_exception_handler:109 - Unhandled error: (psycopg2.errors.UndefinedColumn) column funding.summary does not exist
LINE 1: ...itle, funding.description AS funding_description, funding.su...
                                                             ^

[SQL: SELECT funding.id AS funding_id, funding.title AS funding_title, funding.description AS funding_description, funding.summary AS funding_summary, funding.keywords AS funding_keywords, funding.research_domain AS funding_research_domain, funding.research_area AS funding_research_area, funding.category AS funding_category, funding.agency AS funding_agency, funding.organization AS funding_organization, funding.sponsor AS funding_sponsor, funding.country AS funding_country, funding.funding_type AS funding_funding_type, funding.amount_min AS funding_amount_min, funding.amount_max AS funding_amount_max, funding.currency AS funding_currency, funding.application_deadline AS funding_application_deadline, funding.posted_date AS funding_posted_date, funding.status AS funding_status, funding.eligibility AS funding_eligibility, funding.url AS funding_url, funding.source AS funding_source, funding.is_active AS funding_is_active, funding.extra_metadata AS funding_extra_metadata, funding.created_at AS funding_created_at, funding.updated_at AS funding_updated_at 
FROM funding]
(Background on this error at: https://sqlalche.me/e/20/f405)
2026-08-05 20:53:17.274 | ERROR    | app.db:get_db:28 - Database session error: (psycopg2.errors.UndefinedColumn) column funding.summary does not exist
LINE 1: ...itle, funding.description AS funding_description, funding.su...
                                                             ^

[SQL: SELECT funding.id AS funding_id, funding.title AS funding_title, funding.description AS funding_description, funding.summary AS funding_summary, funding.keywords AS funding_keywords, funding.research_domain AS funding_research_domain, funding.research_area AS funding_research_area, funding.category AS funding_category, funding.agency AS funding_agency, funding.organization AS funding_organization, funding.sponsor AS funding_sponsor, funding.country AS funding_country, funding.funding_type AS funding_funding_type, funding.amount_min AS funding_amount_min, funding.amount_max AS funding_amount_max, funding.currency AS funding_currency, funding.application_deadline AS funding_application_deadline, funding.posted_date AS funding_posted_date, funding.status AS funding_status, funding.eligibility AS funding_eligibility, funding.url AS funding_url, funding.source AS funding_source, funding.is_active AS funding_is_active, funding.extra_metadata AS funding_extra_metadata, funding.created_at AS funding_created_at, funding.updated_at AS funding_updated_at 
FROM funding]
(Background on this error at: https://sqlalche.me/e/20/f405)
2026-08-05 20:53:17.288 | ERROR    | app.main:unhandled_exception_handler:109 - Unhandled error: (psycopg2.errors.UndefinedColumn) column funding.summary does not exist
LINE 1: ...itle, funding.description AS funding_description, funding.su...
                                                             ^

[SQL: SELECT funding.id AS funding_id, funding.title AS funding_title, funding.description AS funding_description, funding.summary AS funding_summary, funding.keywords AS funding_keywords, funding.research_domain AS funding_research_domain, funding.research_area AS funding_research_area, funding.category AS funding_category, funding.agency AS funding_agency, funding.organization AS funding_organization, funding.sponsor AS funding_sponsor, funding.country AS funding_country, funding.funding_type AS funding_funding_type, funding.amount_min AS funding_amount_min, funding.amount_max AS funding_amount_max, funding.currency AS funding_currency, funding.application_deadline AS funding_application_deadline, funding.posted_date AS funding_posted_date, funding.status AS funding_status, funding.eligibility AS funding_eligibility, funding.url AS funding_url, funding.source AS funding_source, funding.is_active AS funding_is_active, funding.extra_metadata AS funding_extra_metadata, funding.created_at AS funding_created_at, funding.updated_at AS funding_updated_at 
FROM funding]
(Background on this error at: https://sqlalche.me/e/20/f405)
2026-08-05 20:53:17.347 | ERROR    | app.db:get_db:28 - Database session error: (psycopg2.errors.UndefinedColumn) column funding.summary does not exist
LINE 1: ...itle, funding.description AS funding_description, funding.su...
                                                             ^

[SQL: SELECT funding.id AS funding_id, funding.title AS funding_title, funding.description AS funding_description, funding.summary AS funding_summary, funding.keywords AS funding_keywords, funding.research_domain AS funding_research_domain, funding.research_area AS funding_research_area, funding.category AS funding_category, funding.agency AS funding_agency, funding.organization AS funding_organization, funding.sponsor AS funding_sponsor, funding.country AS funding_country, funding.funding_type AS funding_funding_type, funding.amount_min AS funding_amount_min, funding.amount_max AS funding_amount_max, funding.currency AS funding_currency, funding.application_deadline AS funding_application_deadline, funding.posted_date AS funding_posted_date, funding.status AS funding_status, funding.eligibility AS funding_eligibility, funding.url AS funding_url, funding.source AS funding_source, funding.is_active AS funding_is_active, funding.extra_metadata AS funding_extra_metadata, funding.created_at AS funding_created_at, funding.updated_at AS funding_updated_at 
FROM funding]
(Background on this error at: https://sqlalche.me/e/20/f405)
2026-08-05 20:53:17.352 | ERROR    | app.main:unhandled_exception_handler:109 - Unhandled error: (psycopg2.errors.UndefinedColumn) column funding.summary does not exist
LINE 1: ...itle, funding.description AS funding_description, funding.su...
                                                             ^

[SQL: SELECT funding.id AS funding_id, funding.title AS funding_title, funding.description AS funding_description, funding.summary AS funding_summary, funding.keywords AS funding_keywords, funding.research_domain AS funding_research_domain, funding.research_area AS funding_research_area, funding.category AS funding_category, funding.agency AS funding_agency, funding.organization AS funding_organization, funding.sponsor AS funding_sponsor, funding.country AS funding_country, funding.funding_type AS funding_funding_type, funding.amount_min AS funding_amount_min, funding.amount_max AS funding_amount_max, funding.currency AS funding_currency, funding.application_deadline AS funding_application_deadline, funding.posted_date AS funding_posted_date, funding.status AS funding_status, funding.eligibility AS funding_eligibility, funding.url AS funding_url, funding.source AS funding_source, funding.is_active AS funding_is_active, funding.extra_metadata AS funding_extra_metadata, funding.created_at AS funding_created_at, funding.updated_at AS funding_updated_at 
FROM funding]
(Background on this error at: https://sqlalche.me/e/20/f405)
2026-08-05 20:53:35.270 | ERROR    | app.db:get_db:28 - Database session error: (psycopg2.errors.UndefinedColumn) column funding.summary does not exist
LINE 1: ...itle, funding.description AS funding_description, funding.su...
                                                             ^

[SQL: SELECT funding.id AS funding_id, funding.title AS funding_title, funding.description AS funding_description, funding.summary AS funding_summary, funding.keywords AS funding_keywords, funding.research_domain AS funding_research_domain, funding.research_area AS funding_research_area, funding.category AS funding_category, funding.agency AS funding_agency, funding.organization AS funding_organization, funding.sponsor AS funding_sponsor, funding.country AS funding_country, funding.funding_type AS funding_funding_type, funding.amount_min AS funding_amount_min, funding.amount_max AS funding_amount_max, funding.currency AS funding_currency, funding.application_deadline AS funding_application_deadline, funding.posted_date AS funding_posted_date, funding.status AS funding_status, funding.eligibility AS funding_eligibility, funding.url AS funding_url, funding.source AS funding_source, funding.is_active AS funding_is_active, funding.extra_metadata AS funding_extra_metadata, funding.created_at AS funding_created_at, funding.updated_at AS funding_updated_at 
FROM funding]
(Background on this error at: https://sqlalche.me/e/20/f405)
2026-08-05 20:53:35.284 | ERROR    | app.main:unhandled_exception_handler:109 - Unhandled error: (psycopg2.errors.UndefinedColumn) column funding.summary does not exist
LINE 1: ...itle, funding.description AS funding_description, funding.su...
                                                             ^

[SQL: SELECT funding.id AS funding_id, funding.title AS funding_title, funding.description AS funding_description, funding.summary AS funding_summary, funding.keywords AS funding_keywords, funding.research_domain AS funding_research_domain, funding.research_area AS funding_research_area, funding.category AS funding_category, funding.agency AS funding_agency, funding.organization AS funding_organization, funding.sponsor AS funding_sponsor, funding.country AS funding_country, funding.funding_type AS funding_funding_type, funding.amount_min AS funding_amount_min, funding.amount_max AS funding_amount_max, funding.currency AS funding_currency, funding.application_deadline AS funding_application_deadline, funding.posted_date AS funding_posted_date, funding.status AS funding_status, funding.eligibility AS funding_eligibility, funding.url AS funding_url, funding.source AS funding_source, funding.is_active AS funding_is_active, funding.extra_metadata AS funding_extra_metadata, funding.created_at AS funding_created_at, funding.updated_at AS funding_updated_at 
FROM funding]
(Background on this error at: https://sqlalche.me/e/20/f405)
2026-08-05 20:53:35.295 | ERROR    | app.db:get_db:28 - Database session error: (psycopg2.errors.UndefinedColumn) column funding.summary does not exist
LINE 1: ...itle, funding.description AS funding_description, funding.su...
                                                             ^

[SQL: SELECT funding.id AS funding_id, funding.title AS funding_title, funding.description AS funding_description, funding.summary AS funding_summary, funding.keywords AS funding_keywords, funding.research_domain AS funding_research_domain, funding.research_area AS funding_research_area, funding.category AS funding_category, funding.agency AS funding_agency, funding.organization AS funding_organization, funding.sponsor AS funding_sponsor, funding.country AS funding_country, funding.funding_type AS funding_funding_type, funding.amount_min AS funding_amount_min, funding.amount_max AS funding_amount_max, funding.currency AS funding_currency, funding.application_deadline AS funding_application_deadline, funding.posted_date AS funding_posted_date, funding.status AS funding_status, funding.eligibility AS funding_eligibility, funding.url AS funding_url, funding.source AS funding_source, funding.is_active AS funding_is_active, funding.extra_metadata AS funding_extra_metadata, funding.created_at AS funding_created_at, funding.updated_at AS funding_updated_at 
FROM funding]
(Background on this error at: https://sqlalche.me/e/20/f405)
2026-08-05 20:53:35.311 | ERROR    | app.main:unhandled_exception_handler:109 - Unhandled error: (psycopg2.errors.UndefinedColumn) column funding.summary does not exist
LINE 1: ...itle, funding.description AS funding_description, funding.su...
                                                             ^

[SQL: SELECT funding.id AS funding_id, funding.title AS funding_title, funding.description AS funding_description, funding.summary AS funding_summary, funding.keywords AS funding_keywords, funding.research_domain AS funding_research_domain, funding.research_area AS funding_research_area, funding.category AS funding_category, funding.agency AS funding_agency, funding.organization AS funding_organization, funding.sponsor AS funding_sponsor, funding.country AS funding_country, funding.funding_type AS funding_funding_type, funding.amount_min AS funding_amount_min, funding.amount_max AS funding_amount_max, funding.currency AS funding_currency, funding.application_deadline AS funding_application_deadline, funding.posted_date AS funding_posted_date, funding.status AS funding_status, funding.eligibility AS funding_eligibility, funding.url AS funding_url, funding.source AS funding_source, funding.is_active AS funding_is_active, funding.extra_metadata AS funding_extra_metadata, funding.created_at AS funding_created_at, funding.updated_at AS funding_updated_at 
FROM funding]
(Background on this error at: https://sqlalche.me/e/20/f405)
2026-08-05 20:53:35.328 | ERROR    | app.db:get_db:28 - Database session error: (psycopg2.errors.UndefinedColumn) column funding.summary does not exist
LINE 1: ...itle, funding.description AS funding_description, funding.su...
                                                             ^

[SQL: SELECT funding.id AS funding_id, funding.title AS funding_title, funding.description AS funding_description, funding.summary AS funding_summary, funding.keywords AS funding_keywords, funding.research_domain AS funding_research_domain, funding.research_area AS funding_research_area, funding.category AS funding_category, funding.agency AS funding_agency, funding.organization AS funding_organization, funding.sponsor AS funding_sponsor, funding.country AS funding_country, funding.funding_type AS funding_funding_type, funding.amount_min AS funding_amount_min, funding.amount_max AS funding_amount_max, funding.currency AS funding_currency, funding.application_deadline AS funding_application_deadline, funding.posted_date AS funding_posted_date, funding.status AS funding_status, funding.eligibility AS funding_eligibility, funding.url AS funding_url, funding.source AS funding_source, funding.is_active AS funding_is_active, funding.extra_metadata AS funding_extra_metadata, funding.created_at AS funding_created_at, funding.updated_at AS funding_updated_at 
FROM funding]
(Background on this error at: https://sqlalche.me/e/20/f405)
2026-08-05 20:53:35.339 | ERROR    | app.main:unhandled_exception_handler:109 - Unhandled error: (psycopg2.errors.UndefinedColumn) column funding.summary does not exist
LINE 1: ...itle, funding.description AS funding_description, funding.su...
                                                             ^

[SQL: SELECT funding.id AS funding_id, funding.title AS funding_title, funding.description AS funding_description, funding.summary AS funding_summary, funding.keywords AS funding_keywords, funding.research_domain AS funding_research_domain, funding.research_area AS funding_research_area, funding.category AS funding_category, funding.agency AS funding_agency, funding.organization AS funding_organization, funding.sponsor AS funding_sponsor, funding.country AS funding_country, funding.funding_type AS funding_funding_type, funding.amount_min AS funding_amount_min, funding.amount_max AS funding_amount_max, funding.currency AS funding_currency, funding.application_deadline AS funding_application_deadline, funding.posted_date AS funding_posted_date, funding.status AS funding_status, funding.eligibility AS funding_eligibility, funding.url AS funding_url, funding.source AS funding_source, funding.is_active AS funding_is_active, funding.extra_metadata AS funding_extra_metadata, funding.created_at AS funding_created_at, funding.updated_at AS funding_updated_at 
FROM funding]
(Background on this error at: https://sqlalche.me/e/20/f405)
2026-08-05 20:53:35.386 | ERROR    | app.db:get_db:28 - Database session error: (psycopg2.errors.UndefinedColumn) column funding.summary does not exist
LINE 1: ...itle, funding.description AS funding_description, funding.su...
                                                             ^

[SQL: SELECT funding.id AS funding_id, funding.title AS funding_title, funding.description AS funding_description, funding.summary AS funding_summary, funding.keywords AS funding_keywords, funding.research_domain AS funding_research_domain, funding.research_area AS funding_research_area, funding.category AS funding_category, funding.agency AS funding_agency, funding.organization AS funding_organization, funding.sponsor AS funding_sponsor, funding.country AS funding_country, funding.funding_type AS funding_funding_type, funding.amount_min AS funding_amount_min, funding.amount_max AS funding_amount_max, funding.currency AS funding_currency, funding.application_deadline AS funding_application_deadline, funding.posted_date AS funding_posted_date, funding.status AS funding_status, funding.eligibility AS funding_eligibility, funding.url AS funding_url, funding.source AS funding_source, funding.is_active AS funding_is_active, funding.extra_metadata AS funding_extra_metadata, funding.created_at AS funding_created_at, funding.updated_at AS funding_updated_at 
FROM funding]
(Background on this error at: https://sqlalche.me/e/20/f405)
2026-08-05 20:53:35.391 | ERROR    | app.main:unhandled_exception_handler:109 - Unhandled error: (psycopg2.errors.UndefinedColumn) column funding.summary does not exist
LINE 1: ...itle, funding.description AS funding_description, funding.su...
                                                             ^

[SQL: SELECT funding.id AS funding_id, funding.title AS funding_title, funding.description AS funding_description, funding.summary AS funding_summary, funding.keywords AS funding_keywords, funding.research_domain AS funding_research_domain, funding.research_area AS funding_research_area, funding.category AS funding_category, funding.agency AS funding_agency, funding.organization AS funding_organization, funding.sponsor AS funding_sponsor, funding.country AS funding_country, funding.funding_type AS funding_funding_type, funding.amount_min AS funding_amount_min, funding.amount_max AS funding_amount_max, funding.currency AS funding_currency, funding.application_deadline AS funding_application_deadline, funding.posted_date AS funding_posted_date, funding.status AS funding_status, funding.eligibility AS funding_eligibility, funding.url AS funding_url, funding.source AS funding_source, funding.is_active AS funding_is_active, funding.extra_metadata AS funding_extra_metadata, funding.created_at AS funding_created_at, funding.updated_at AS funding_updated_at 
FROM funding]
(Background on this error at: https://sqlalche.me/e/20/f405)
2026-08-05 20:53:36.583 | ERROR    | app.db:get_db:28 - Database session error: (psycopg2.errors.UndefinedColumn) column funding.summary does not exist
LINE 1: ...itle, funding.description AS funding_description, funding.su...
                                                             ^

[SQL: SELECT funding.id AS funding_id, funding.title AS funding_title, funding.description AS funding_description, funding.summary AS funding_summary, funding.keywords AS funding_keywords, funding.research_domain AS funding_research_domain, funding.research_area AS funding_research_area, funding.category AS funding_category, funding.agency AS funding_agency, funding.organization AS funding_organization, funding.sponsor AS funding_sponsor, funding.country AS funding_country, funding.funding_type AS funding_funding_type, funding.amount_min AS funding_amount_min, funding.amount_max AS funding_amount_max, funding.currency AS funding_currency, funding.application_deadline AS funding_application_deadline, funding.posted_date AS funding_posted_date, funding.status AS funding_status, funding.eligibility AS funding_eligibility, funding.url AS funding_url, funding.source AS funding_source, funding.is_active AS funding_is_active, funding.extra_metadata AS funding_extra_metadata, funding.created_at AS funding_created_at, funding.updated_at AS funding_updated_at 
FROM funding]
(Background on this error at: https://sqlalche.me/e/20/f405)
2026-08-05 20:53:36.585 | ERROR    | app.db:get_db:28 - Database session error: (psycopg2.errors.UndefinedColumn) column funding.summary does not exist
LINE 1: ...itle, funding.description AS funding_description, funding.su...
                                                             ^

[SQL: SELECT funding.id AS funding_id, funding.title AS funding_title, funding.description AS funding_description, funding.summary AS funding_summary, funding.keywords AS funding_keywords, funding.research_domain AS funding_research_domain, funding.research_area AS funding_research_area, funding.category AS funding_category, funding.agency AS funding_agency, funding.organization AS funding_organization, funding.sponsor AS funding_sponsor, funding.country AS funding_country, funding.funding_type AS funding_funding_type, funding.amount_min AS funding_amount_min, funding.amount_max AS funding_amount_max, funding.currency AS funding_currency, funding.application_deadline AS funding_application_deadline, funding.posted_date AS funding_posted_date, funding.status AS funding_status, funding.eligibility AS funding_eligibility, funding.url AS funding_url, funding.source AS funding_source, funding.is_active AS funding_is_active, funding.extra_metadata AS funding_extra_metadata, funding.created_at AS funding_created_at, funding.updated_at AS funding_updated_at 
FROM funding]
(Background on this error at: https://sqlalche.me/e/20/f405)
2026-08-05 20:53:36.589 | ERROR    | app.main:unhandled_exception_handler:109 - Unhandled error: (psycopg2.errors.UndefinedColumn) column funding.summary does not exist
LINE 1: ...itle, funding.description AS funding_description, funding.su...
                                                             ^

[SQL: SELECT funding.id AS funding_id, funding.title AS funding_title, funding.description AS funding_description, funding.summary AS funding_summary, funding.keywords AS funding_keywords, funding.research_domain AS funding_research_domain, funding.research_area AS funding_research_area, funding.category AS funding_category, funding.agency AS funding_agency, funding.organization AS funding_organization, funding.sponsor AS funding_sponsor, funding.country AS funding_country, funding.funding_type AS funding_funding_type, funding.amount_min AS funding_amount_min, funding.amount_max AS funding_amount_max, funding.currency AS funding_currency, funding.application_deadline AS funding_application_deadline, funding.posted_date AS funding_posted_date, funding.status AS funding_status, funding.eligibility AS funding_eligibility, funding.url AS funding_url, funding.source AS funding_source, funding.is_active AS funding_is_active, funding.extra_metadata AS funding_extra_metadata, funding.created_at AS funding_created_at, funding.updated_at AS funding_updated_at 
FROM funding]
(Background on this error at: https://sqlalche.me/e/20/f405)
2026-08-05 20:53:36.595 | ERROR    | app.main:unhandled_exception_handler:109 - Unhandled error: (psycopg2.errors.UndefinedColumn) column funding.summary does not exist
LINE 1: ...itle, funding.description AS funding_description, funding.su...
                                                             ^

[SQL: SELECT funding.id AS funding_id, funding.title AS funding_title, funding.description AS funding_description, funding.summary AS funding_summary, funding.keywords AS funding_keywords, funding.research_domain AS funding_research_domain, funding.research_area AS funding_research_area, funding.category AS funding_category, funding.agency AS funding_agency, funding.organization AS funding_organization, funding.sponsor AS funding_sponsor, funding.country AS funding_country, funding.funding_type AS funding_funding_type, funding.amount_min AS funding_amount_min, funding.amount_max AS funding_amount_max, funding.currency AS funding_currency, funding.application_deadline AS funding_application_deadline, funding.posted_date AS funding_posted_date, funding.status AS funding_status, funding.eligibility AS funding_eligibility, funding.url AS funding_url, funding.source AS funding_source, funding.is_active AS funding_is_active, funding.extra_metadata AS funding_extra_metadata, funding.created_at AS funding_created_at, funding.updated_at AS funding_updated_at 
FROM funding]
(Background on this error at: https://sqlalche.me/e/20/f405)
2026-08-05 20:53:36.873 | ERROR    | app.db:get_db:28 - Database session error: (psycopg2.errors.UndefinedColumn) column funding.summary does not exist
LINE 1: ...itle, funding.description AS funding_description, funding.su...
                                                             ^

[SQL: SELECT funding.id AS funding_id, funding.title AS funding_title, funding.description AS funding_description, funding.summary AS funding_summary, funding.keywords AS funding_keywords, funding.research_domain AS funding_research_domain, funding.research_area AS funding_research_area, funding.category AS funding_category, funding.agency AS funding_agency, funding.organization AS funding_organization, funding.sponsor AS funding_sponsor, funding.country AS funding_country, funding.funding_type AS funding_funding_type, funding.amount_min AS funding_amount_min, funding.amount_max AS funding_amount_max, funding.currency AS funding_currency, funding.application_deadline AS funding_application_deadline, funding.posted_date AS funding_posted_date, funding.status AS funding_status, funding.eligibility AS funding_eligibility, funding.url AS funding_url, funding.source AS funding_source, funding.is_active AS funding_is_active, funding.extra_metadata AS funding_extra_metadata, funding.created_at AS funding_created_at, funding.updated_at AS funding_updated_at 
FROM funding]
(Background on this error at: https://sqlalche.me/e/20/f405)
2026-08-05 20:53:36.884 | ERROR    | app.main:unhandled_exception_handler:109 - Unhandled error: (psycopg2.errors.UndefinedColumn) column funding.summary does not exist
LINE 1: ...itle, funding.description AS funding_description, funding.su...
                                                             ^

[SQL: SELECT funding.id AS funding_id, funding.title AS funding_title, funding.description AS funding_description, funding.summary AS funding_summary, funding.keywords AS funding_keywords, funding.research_domain AS funding_research_domain, funding.research_area AS funding_research_area, funding.category AS funding_category, funding.agency AS funding_agency, funding.organization AS funding_organization, funding.sponsor AS funding_sponsor, funding.country AS funding_country, funding.funding_type AS funding_funding_type, funding.amount_min AS funding_amount_min, funding.amount_max AS funding_amount_max, funding.currency AS funding_currency, funding.application_deadline AS funding_application_deadline, funding.posted_date AS funding_posted_date, funding.status AS funding_status, funding.eligibility AS funding_eligibility, funding.url AS funding_url, funding.source AS funding_source, funding.is_active AS funding_is_active, funding.extra_metadata AS funding_extra_metadata, funding.created_at AS funding_created_at, funding.updated_at AS funding_updated_at 
FROM funding]
(Background on this error at: https://sqlalche.me/e/20/f405)
2026-08-05 20:53:36.907 | ERROR    | app.db:get_db:28 - Database session error: (psycopg2.errors.UndefinedColumn) column funding.summary does not exist
LINE 1: ...itle, funding.description AS funding_description, funding.su...
                                                             ^

[SQL: SELECT funding.id AS funding_id, funding.title AS funding_title, funding.description AS funding_description, funding.summary AS funding_summary, funding.keywords AS funding_keywords, funding.research_domain AS funding_research_domain, funding.research_area AS funding_research_area, funding.category AS funding_category, funding.agency AS funding_agency, funding.organization AS funding_organization, funding.sponsor AS funding_sponsor, funding.country AS funding_country, funding.funding_type AS funding_funding_type, funding.amount_min AS funding_amount_min, funding.amount_max AS funding_amount_max, funding.currency AS funding_currency, funding.application_deadline AS funding_application_deadline, funding.posted_date AS funding_posted_date, funding.status AS funding_status, funding.eligibility AS funding_eligibility, funding.url AS funding_url, funding.source AS funding_source, funding.is_active AS funding_is_active, funding.extra_metadata AS funding_extra_metadata, funding.created_at AS funding_created_at, funding.updated_at AS funding_updated_at 
FROM funding]
(Background on this error at: https://sqlalche.me/e/20/f405)
2026-08-05 20:53:36.928 | ERROR    | app.main:unhandled_exception_handler:109 - Unhandled error: (psycopg2.errors.UndefinedColumn) column funding.summary does not exist
LINE 1: ...itle, funding.description AS funding_description, funding.su...
                                                             ^

[SQL: SELECT funding.id AS funding_id, funding.title AS funding_title, funding.description AS funding_description, funding.summary AS funding_summary, funding.keywords AS funding_keywords, funding.research_domain AS funding_research_domain, funding.research_area AS funding_research_area, funding.category AS funding_category, funding.agency AS funding_agency, funding.organization AS funding_organization, funding.sponsor AS funding_sponsor, funding.country AS funding_country, funding.funding_type AS funding_funding_type, funding.amount_min AS funding_amount_min, funding.amount_max AS funding_amount_max, funding.currency AS funding_currency, funding.application_deadline AS funding_application_deadline, funding.posted_date AS funding_posted_date, funding.status AS funding_status, funding.eligibility AS funding_eligibility, funding.url AS funding_url, funding.source AS funding_source, funding.is_active AS funding_is_active, funding.extra_metadata AS funding_extra_metadata, funding.created_at AS funding_created_at, funding.updated_at AS funding_updated_at 
FROM funding]
(Background on this error at: https://sqlalche.me/e/20/f405)
2026-08-05 20:53:39.303 | ERROR    | app.db:get_db:28 - Database session error: (psycopg2.errors.UndefinedColumn) column funding.summary does not exist
LINE 1: ...itle, funding.description AS funding_description, funding.su...
                                                             ^

[SQL: SELECT funding.id AS funding_id, funding.title AS funding_title, funding.description AS funding_description, funding.summary AS funding_summary, funding.keywords AS funding_keywords, funding.research_domain AS funding_research_domain, funding.research_area AS funding_research_area, funding.category AS funding_category, funding.agency AS funding_agency, funding.organization AS funding_organization, funding.sponsor AS funding_sponsor, funding.country AS funding_country, funding.funding_type AS funding_funding_type, funding.amount_min AS funding_amount_min, funding.amount_max AS funding_amount_max, funding.currency AS funding_currency, funding.application_deadline AS funding_application_deadline, funding.posted_date AS funding_posted_date, funding.status AS funding_status, funding.eligibility AS funding_eligibility, funding.url AS funding_url, funding.source AS funding_source, funding.is_active AS funding_is_active, funding.extra_metadata AS funding_extra_metadata, funding.created_at AS funding_created_at, funding.updated_at AS funding_updated_at 
FROM funding 
WHERE funding.is_active = true AND (funding.application_deadline IS NULL OR funding.application_deadline >= %(application_deadline_1)s)]
[parameters: {'application_deadline_1': datetime.datetime(2026, 8, 5, 15, 23, 39, 292400)}]
(Background on this error at: https://sqlalche.me/e/20/f405)
2026-08-05 20:53:39.308 | ERROR    | app.main:unhandled_exception_handler:109 - Unhandled error: (psycopg2.errors.UndefinedColumn) column funding.summary does not exist
LINE 1: ...itle, funding.description AS funding_description, funding.su...
                                                             ^

[SQL: SELECT funding.id AS funding_id, funding.title AS funding_title, funding.description AS funding_description, funding.summary AS funding_summary, funding.keywords AS funding_keywords, funding.research_domain AS funding_research_domain, funding.research_area AS funding_research_area, funding.category AS funding_category, funding.agency AS funding_agency, funding.organization AS funding_organization, funding.sponsor AS funding_sponsor, funding.country AS funding_country, funding.funding_type AS funding_funding_type, funding.amount_min AS funding_amount_min, funding.amount_max AS funding_amount_max, funding.currency AS funding_currency, funding.application_deadline AS funding_application_deadline, funding.posted_date AS funding_posted_date, funding.status AS funding_status, funding.eligibility AS funding_eligibility, funding.url AS funding_url, funding.source AS funding_source, funding.is_active AS funding_is_active, funding.extra_metadata AS funding_extra_metadata, funding.created_at AS funding_created_at, funding.updated_at AS funding_updated_at 
FROM funding 
WHERE funding.is_active = true AND (funding.application_deadline IS NULL OR funding.application_deadline >= %(application_deadline_1)s)]
[parameters: {'application_deadline_1': datetime.datetime(2026, 8, 5, 15, 23, 39, 292400)}]
(Background on this error at: https://sqlalche.me/e/20/f405)
2026-08-05 20:53:39.341 | ERROR    | app.db:get_db:28 - Database session error: (psycopg2.errors.UndefinedColumn) column funding.summary does not exist
LINE 1: ...itle, funding.description AS funding_description, funding.su...
                                                             ^

[SQL: SELECT funding.id AS funding_id, funding.title AS funding_title, funding.description AS funding_description, funding.summary AS funding_summary, funding.keywords AS funding_keywords, funding.research_domain AS funding_research_domain, funding.research_area AS funding_research_area, funding.category AS funding_category, funding.agency AS funding_agency, funding.organization AS funding_organization, funding.sponsor AS funding_sponsor, funding.country AS funding_country, funding.funding_type AS funding_funding_type, funding.amount_min AS funding_amount_min, funding.amount_max AS funding_amount_max, funding.currency AS funding_currency, funding.application_deadline AS funding_application_deadline, funding.posted_date AS funding_posted_date, funding.status AS funding_status, funding.eligibility AS funding_eligibility, funding.url AS funding_url, funding.source AS funding_source, funding.is_active AS funding_is_active, funding.extra_metadata AS funding_extra_metadata, funding.created_at AS funding_created_at, funding.updated_at AS funding_updated_at 
FROM funding 
WHERE funding.is_active = true AND (funding.application_deadline IS NULL OR funding.application_deadline >= %(application_deadline_1)s)]
[parameters: {'application_deadline_1': datetime.datetime(2026, 8, 5, 15, 23, 39, 337758)}]
(Background on this error at: https://sqlalche.me/e/20/f405)
2026-08-05 20:53:39.345 | ERROR    | app.main:unhandled_exception_handler:109 - Unhandled error: (psycopg2.errors.UndefinedColumn) column funding.summary does not exist
LINE 1: ...itle, funding.description AS funding_description, funding.su...
                                                             ^

[SQL: SELECT funding.id AS funding_id, funding.title AS funding_title, funding.description AS funding_description, funding.summary AS funding_summary, funding.keywords AS funding_keywords, funding.research_domain AS funding_research_domain, funding.research_area AS funding_research_area, funding.category AS funding_category, funding.agency AS funding_agency, funding.organization AS funding_organization, funding.sponsor AS funding_sponsor, funding.country AS funding_country, funding.funding_type AS funding_funding_type, funding.amount_min AS funding_amount_min, funding.amount_max AS funding_amount_max, funding.currency AS funding_currency, funding.application_deadline AS funding_application_deadline, funding.posted_date AS funding_posted_date, funding.status AS funding_status, funding.eligibility AS funding_eligibility, funding.url AS funding_url, funding.source AS funding_source, funding.is_active AS funding_is_active, funding.extra_metadata AS funding_extra_metadata, funding.created_at AS funding_created_at, funding.updated_at AS funding_updated_at 
FROM funding 
WHERE funding.is_active = true AND (funding.application_deadline IS NULL OR funding.application_deadline >= %(application_deadline_1)s)]
[parameters: {'application_deadline_1': datetime.datetime(2026, 8, 5, 15, 23, 39, 337758)}]
(Background on this error at: https://sqlalche.me/e/20/f405)
2026-08-05 20:53:40.088 | ERROR    | app.db:get_db:28 - Database session error: (psycopg2.errors.UndefinedColumn) column funding.summary does not exist
LINE 2: ...itle, funding.description AS funding_description, funding.su...
                                                             ^

[SQL: SELECT count(*) AS count_1 
FROM (SELECT funding.id AS funding_id, funding.title AS funding_title, funding.description AS funding_description, funding.summary AS funding_summary, funding.keywords AS funding_keywords, funding.research_domain AS funding_research_domain, funding.research_area AS funding_research_area, funding.category AS funding_category, funding.agency AS funding_agency, funding.organization AS funding_organization, funding.sponsor AS funding_sponsor, funding.country AS funding_country, funding.funding_type AS funding_funding_type, funding.amount_min AS funding_amount_min, funding.amount_max AS funding_amount_max, funding.currency AS funding_currency, funding.application_deadline AS funding_application_deadline, funding.posted_date AS funding_posted_date, funding.status AS funding_status, funding.eligibility AS funding_eligibility, funding.url AS funding_url, funding.source AS funding_source, funding.is_active AS funding_is_active, funding.extra_metadata AS funding_extra_metadata, funding.created_at AS funding_created_at, funding.updated_at AS funding_updated_at 
FROM funding 
WHERE funding.is_active = true) AS anon_1]
(Background on this error at: https://sqlalche.me/e/20/f405)
2026-08-05 20:53:40.091 | ERROR    | app.main:unhandled_exception_handler:109 - Unhandled error: (psycopg2.errors.UndefinedColumn) column funding.summary does not exist
LINE 2: ...itle, funding.description AS funding_description, funding.su...
                                                             ^

[SQL: SELECT count(*) AS count_1 
FROM (SELECT funding.id AS funding_id, funding.title AS funding_title, funding.description AS funding_description, funding.summary AS funding_summary, funding.keywords AS funding_keywords, funding.research_domain AS funding_research_domain, funding.research_area AS funding_research_area, funding.category AS funding_category, funding.agency AS funding_agency, funding.organization AS funding_organization, funding.sponsor AS funding_sponsor, funding.country AS funding_country, funding.funding_type AS funding_funding_type, funding.amount_min AS funding_amount_min, funding.amount_max AS funding_amount_max, funding.currency AS funding_currency, funding.application_deadline AS funding_application_deadline, funding.posted_date AS funding_posted_date, funding.status AS funding_status, funding.eligibility AS funding_eligibility, funding.url AS funding_url, funding.source AS funding_source, funding.is_active AS funding_is_active, funding.extra_metadata AS funding_extra_metadata, funding.created_at AS funding_created_at, funding.updated_at AS funding_updated_at 
FROM funding 
WHERE funding.is_active = true) AS anon_1]
(Background on this error at: https://sqlalche.me/e/20/f405)
2026-08-05 20:53:40.118 | ERROR    | app.db:get_db:28 - Database session error: (psycopg2.errors.UndefinedColumn) column funding.summary does not exist
LINE 2: ...itle, funding.description AS funding_description, funding.su...
                                                             ^

[SQL: SELECT count(*) AS count_1 
FROM (SELECT funding.id AS funding_id, funding.title AS funding_title, funding.description AS funding_description, funding.summary AS funding_summary, funding.keywords AS funding_keywords, funding.research_domain AS funding_research_domain, funding.research_area AS funding_research_area, funding.category AS funding_category, funding.agency AS funding_agency, funding.organization AS funding_organization, funding.sponsor AS funding_sponsor, funding.country AS funding_country, funding.funding_type AS funding_funding_type, funding.amount_min AS funding_amount_min, funding.amount_max AS funding_amount_max, funding.currency AS funding_currency, funding.application_deadline AS funding_application_deadline, funding.posted_date AS funding_posted_date, funding.status AS funding_status, funding.eligibility AS funding_eligibility, funding.url AS funding_url, funding.source AS funding_source, funding.is_active AS funding_is_active, funding.extra_metadata AS funding_extra_metadata, funding.created_at AS funding_created_at, funding.updated_at AS funding_updated_at 
FROM funding 
WHERE funding.is_active = true) AS anon_1]
(Background on this error at: https://sqlalche.me/e/20/f405)
2026-08-05 20:53:40.122 | ERROR    | app.main:unhandled_exception_handler:109 - Unhandled error: (psycopg2.errors.UndefinedColumn) column funding.summary does not exist
LINE 2: ...itle, funding.description AS funding_description, funding.su...
                                                             ^

[SQL: SELECT count(*) AS count_1 
FROM (SELECT funding.id AS funding_id, funding.title AS funding_title, funding.description AS funding_description, funding.summary AS funding_summary, funding.keywords AS funding_keywords, funding.research_domain AS funding_research_domain, funding.research_area AS funding_research_area, funding.category AS funding_category, funding.agency AS funding_agency, funding.organization AS funding_organization, funding.sponsor AS funding_sponsor, funding.country AS funding_country, funding.funding_type AS funding_funding_type, funding.amount_min AS funding_amount_min, funding.amount_max AS funding_amount_max, funding.currency AS funding_currency, funding.application_deadline AS funding_application_deadline, funding.posted_date AS funding_posted_date, funding.status AS funding_status, funding.eligibility AS funding_eligibility, funding.url AS funding_url, funding.source AS funding_source, funding.is_active AS funding_is_active, funding.extra_metadata AS funding_extra_metadata, funding.created_at AS funding_created_at, funding.updated_at AS funding_updated_at 
FROM funding 
WHERE funding.is_active = true) AS anon_1]
(Background on this error at: https://sqlalche.me/e/20/f405)
2026-08-05 20:53:41.485 | ERROR    | app.db:get_db:28 - Database session error: (psycopg2.errors.UndefinedColumn) column funding.summary does not exist
LINE 2: ...itle, funding.description AS funding_description, funding.su...
                                                             ^

[SQL: SELECT count(*) AS count_1 
FROM (SELECT funding.id AS funding_id, funding.title AS funding_title, funding.description AS funding_description, funding.summary AS funding_summary, funding.keywords AS funding_keywords, funding.research_domain AS funding_research_domain, funding.research_area AS funding_research_area, funding.category AS funding_category, funding.agency AS funding_agency, funding.organization AS funding_organization, funding.sponsor AS funding_sponsor, funding.country AS funding_country, funding.funding_type AS funding_funding_type, funding.amount_min AS funding_amount_min, funding.amount_max AS funding_amount_max, funding.currency AS funding_currency, funding.application_deadline AS funding_application_deadline, funding.posted_date AS funding_posted_date, funding.status AS funding_status, funding.eligibility AS funding_eligibility, funding.url AS funding_url, funding.source AS funding_source, funding.is_active AS funding_is_active, funding.extra_metadata AS funding_extra_metadata, funding.created_at AS funding_created_at, funding.updated_at AS funding_updated_at 
FROM funding 
WHERE funding.is_active = true) AS anon_1]
(Background on this error at: https://sqlalche.me/e/20/f405)
2026-08-05 20:53:41.489 | ERROR    | app.main:unhandled_exception_handler:109 - Unhandled error: (psycopg2.errors.UndefinedColumn) column funding.summary does not exist
LINE 2: ...itle, funding.description AS funding_description, funding.su...
                                                             ^

[SQL: SELECT count(*) AS count_1 
FROM (SELECT funding.id AS funding_id, funding.title AS funding_title, funding.description AS funding_description, funding.summary AS funding_summary, funding.keywords AS funding_keywords, funding.research_domain AS funding_research_domain, funding.research_area AS funding_research_area, funding.category AS funding_category, funding.agency AS funding_agency, funding.organization AS funding_organization, funding.sponsor AS funding_sponsor, funding.country AS funding_country, funding.funding_type AS funding_funding_type, funding.amount_min AS funding_amount_min, funding.amount_max AS funding_amount_max, funding.currency AS funding_currency, funding.application_deadline AS funding_application_deadline, funding.posted_date AS funding_posted_date, funding.status AS funding_status, funding.eligibility AS funding_eligibility, funding.url AS funding_url, funding.source AS funding_source, funding.is_active AS funding_is_active, funding.extra_metadata AS funding_extra_metadata, funding.created_at AS funding_created_at, funding.updated_at AS funding_updated_at 
FROM funding 
WHERE funding.is_active = true) AS anon_1]
(Background on this error at: https://sqlalche.me/e/20/f405)
2026-08-05 20:53:41.715 | ERROR    | app.db:get_db:28 - Database session error: (psycopg2.errors.UndefinedColumn) column funding.summary does not exist
LINE 2: ...itle, funding.description AS funding_description, funding.su...
                                                             ^

[SQL: SELECT count(*) AS count_1 
FROM (SELECT funding.id AS funding_id, funding.title AS funding_title, funding.description AS funding_description, funding.summary AS funding_summary, funding.keywords AS funding_keywords, funding.research_domain AS funding_research_domain, funding.research_area AS funding_research_area, funding.category AS funding_category, funding.agency AS funding_agency, funding.organization AS funding_organization, funding.sponsor AS funding_sponsor, funding.country AS funding_country, funding.funding_type AS funding_funding_type, funding.amount_min AS funding_amount_min, funding.amount_max AS funding_amount_max, funding.currency AS funding_currency, funding.application_deadline AS funding_application_deadline, funding.posted_date AS funding_posted_date, funding.status AS funding_status, funding.eligibility AS funding_eligibility, funding.url AS funding_url, funding.source AS funding_source, funding.is_active AS funding_is_active, funding.extra_metadata AS funding_extra_metadata, funding.created_at AS funding_created_at, funding.updated_at AS funding_updated_at 
FROM funding 
WHERE funding.is_active = true) AS anon_1]
(Background on this error at: https://sqlalche.me/e/20/f405)
2026-08-05 20:53:41.720 | ERROR    | app.main:unhandled_exception_handler:109 - Unhandled error: (psycopg2.errors.UndefinedColumn) column funding.summary does not exist
LINE 2: ...itle, funding.description AS funding_description, funding.su...
                                                             ^

[SQL: SELECT count(*) AS count_1 
FROM (SELECT funding.id AS funding_id, funding.title AS funding_title, funding.description AS funding_description, funding.summary AS funding_summary, funding.keywords AS funding_keywords, funding.research_domain AS funding_research_domain, funding.research_area AS funding_research_area, funding.category AS funding_category, funding.agency AS funding_agency, funding.organization AS funding_organization, funding.sponsor AS funding_sponsor, funding.country AS funding_country, funding.funding_type AS funding_funding_type, funding.amount_min AS funding_amount_min, funding.amount_max AS funding_amount_max, funding.currency AS funding_currency, funding.application_deadline AS funding_application_deadline, funding.posted_date AS funding_posted_date, funding.status AS funding_status, funding.eligibility AS funding_eligibility, funding.url AS funding_url, funding.source AS funding_source, funding.is_active AS funding_is_active, funding.extra_metadata AS funding_extra_metadata, funding.created_at AS funding_created_at, funding.updated_at AS funding_updated_at 
FROM funding 
WHERE funding.is_active = true) AS anon_1]
(Background on this error at: https://sqlalche.me/e/20/f405)
2026-08-05 20:53:43.070 | ERROR    | app.db:get_db:28 - Database session error: (psycopg2.errors.UndefinedColumn) column funding.summary does not exist
LINE 1: ...itle, funding.description AS funding_description, funding.su...
                                                             ^

[SQL: SELECT funding.id AS funding_id, funding.title AS funding_title, funding.description AS funding_description, funding.summary AS funding_summary, funding.keywords AS funding_keywords, funding.research_domain AS funding_research_domain, funding.research_area AS funding_research_area, funding.category AS funding_category, funding.agency AS funding_agency, funding.organization AS funding_organization, funding.sponsor AS funding_sponsor, funding.country AS funding_country, funding.funding_type AS funding_funding_type, funding.amount_min AS funding_amount_min, funding.amount_max AS funding_amount_max, funding.currency AS funding_currency, funding.application_deadline AS funding_application_deadline, funding.posted_date AS funding_posted_date, funding.status AS funding_status, funding.eligibility AS funding_eligibility, funding.url AS funding_url, funding.source AS funding_source, funding.is_active AS funding_is_active, funding.extra_metadata AS funding_extra_metadata, funding.created_at AS funding_created_at, funding.updated_at AS funding_updated_at 
FROM funding 
WHERE funding.is_active = true AND (funding.application_deadline IS NULL OR funding.application_deadline >= %(application_deadline_1)s)]
[parameters: {'application_deadline_1': datetime.datetime(2026, 8, 5, 15, 23, 43, 67114)}]
(Background on this error at: https://sqlalche.me/e/20/f405)
2026-08-05 20:53:43.074 | ERROR    | app.main:unhandled_exception_handler:109 - Unhandled error: (psycopg2.errors.UndefinedColumn) column funding.summary does not exist
LINE 1: ...itle, funding.description AS funding_description, funding.su...
                                                             ^

[SQL: SELECT funding.id AS funding_id, funding.title AS funding_title, funding.description AS funding_description, funding.summary AS funding_summary, funding.keywords AS funding_keywords, funding.research_domain AS funding_research_domain, funding.research_area AS funding_research_area, funding.category AS funding_category, funding.agency AS funding_agency, funding.organization AS funding_organization, funding.sponsor AS funding_sponsor, funding.country AS funding_country, funding.funding_type AS funding_funding_type, funding.amount_min AS funding_amount_min, funding.amount_max AS funding_amount_max, funding.currency AS funding_currency, funding.application_deadline AS funding_application_deadline, funding.posted_date AS funding_posted_date, funding.status AS funding_status, funding.eligibility AS funding_eligibility, funding.url AS funding_url, funding.source AS funding_source, funding.is_active AS funding_is_active, funding.extra_metadata AS funding_extra_metadata, funding.created_at AS funding_created_at, funding.updated_at AS funding_updated_at 
FROM funding 
WHERE funding.is_active = true AND (funding.application_deadline IS NULL OR funding.application_deadline >= %(application_deadline_1)s)]
[parameters: {'application_deadline_1': datetime.datetime(2026, 8, 5, 15, 23, 43, 67114)}]
(Background on this error at: https://sqlalche.me/e/20/f405)
2026-08-05 20:53:43.109 | ERROR    | app.db:get_db:28 - Database session error: (psycopg2.errors.UndefinedColumn) column funding.summary does not exist
LINE 1: ...itle, funding.description AS funding_description, funding.su...
                                                             ^

[SQL: SELECT funding.id AS funding_id, funding.title AS funding_title, funding.description AS funding_description, funding.summary AS funding_summary, funding.keywords AS funding_keywords, funding.research_domain AS funding_research_domain, funding.research_area AS funding_research_area, funding.category AS funding_category, funding.agency AS funding_agency, funding.organization AS funding_organization, funding.sponsor AS funding_sponsor, funding.country AS funding_country, funding.funding_type AS funding_funding_type, funding.amount_min AS funding_amount_min, funding.amount_max AS funding_amount_max, funding.currency AS funding_currency, funding.application_deadline AS funding_application_deadline, funding.posted_date AS funding_posted_date, funding.status AS funding_status, funding.eligibility AS funding_eligibility, funding.url AS funding_url, funding.source AS funding_source, funding.is_active AS funding_is_active, funding.extra_metadata AS funding_extra_metadata, funding.created_at AS funding_created_at, funding.updated_at AS funding_updated_at 
FROM funding 
WHERE funding.is_active = true AND (funding.application_deadline IS NULL OR funding.application_deadline >= %(application_deadline_1)s)]
[parameters: {'application_deadline_1': datetime.datetime(2026, 8, 5, 15, 23, 43, 105669)}]
(Background on this error at: https://sqlalche.me/e/20/f405)
2026-08-05 20:53:43.114 | ERROR    | app.main:unhandled_exception_handler:109 - Unhandled error: (psycopg2.errors.UndefinedColumn) column funding.summary does not exist
LINE 1: ...itle, funding.description AS funding_description, funding.su...
                                                             ^

[SQL: SELECT funding.id AS funding_id, funding.title AS funding_title, funding.description AS funding_description, funding.summary AS funding_summary, funding.keywords AS funding_keywords, funding.research_domain AS funding_research_domain, funding.research_area AS funding_research_area, funding.category AS funding_category, funding.agency AS funding_agency, funding.organization AS funding_organization, funding.sponsor AS funding_sponsor, funding.country AS funding_country, funding.funding_type AS funding_funding_type, funding.amount_min AS funding_amount_min, funding.amount_max AS funding_amount_max, funding.currency AS funding_currency, funding.application_deadline AS funding_application_deadline, funding.posted_date AS funding_posted_date, funding.status AS funding_status, funding.eligibility AS funding_eligibility, funding.url AS funding_url, funding.source AS funding_source, funding.is_active AS funding_is_active, funding.extra_metadata AS funding_extra_metadata, funding.created_at AS funding_created_at, funding.updated_at AS funding_updated_at 
FROM funding 
WHERE funding.is_active = true AND (funding.application_deadline IS NULL OR funding.application_deadline >= %(application_deadline_1)s)]
[parameters: {'application_deadline_1': datetime.datetime(2026, 8, 5, 15, 23, 43, 105669)}]
(Background on this error at: https://sqlalche.me/e/20/f405)
2026-08-05 20:53:44.110 | ERROR    | app.db:get_db:28 - Database session error: (psycopg2.errors.UndefinedColumn) column funding.summary does not exist
LINE 1: ...itle, funding.description AS funding_description, funding.su...
                                                             ^

[SQL: SELECT funding.id AS funding_id, funding.title AS funding_title, funding.description AS funding_description, funding.summary AS funding_summary, funding.keywords AS funding_keywords, funding.research_domain AS funding_research_domain, funding.research_area AS funding_research_area, funding.category AS funding_category, funding.agency AS funding_agency, funding.organization AS funding_organization, funding.sponsor AS funding_sponsor, funding.country AS funding_country, funding.funding_type AS funding_funding_type, funding.amount_min AS funding_amount_min, funding.amount_max AS funding_amount_max, funding.currency AS funding_currency, funding.application_deadline AS funding_application_deadline, funding.posted_date AS funding_posted_date, funding.status AS funding_status, funding.eligibility AS funding_eligibility, funding.url AS funding_url, funding.source AS funding_source, funding.is_active AS funding_is_active, funding.extra_metadata AS funding_extra_metadata, funding.created_at AS funding_created_at, funding.updated_at AS funding_updated_at 
FROM funding 
WHERE funding.is_active = true AND (funding.application_deadline IS NULL OR funding.application_deadline >= %(application_deadline_1)s)]
[parameters: {'application_deadline_1': datetime.datetime(2026, 8, 5, 15, 23, 44, 105322)}]
(Background on this error at: https://sqlalche.me/e/20/f405)
2026-08-05 20:53:44.117 | ERROR    | app.main:unhandled_exception_handler:109 - Unhandled error: (psycopg2.errors.UndefinedColumn) column funding.summary does not exist
LINE 1: ...itle, funding.description AS funding_description, funding.su...
                                                             ^

[SQL: SELECT funding.id AS funding_id, funding.title AS funding_title, funding.description AS funding_description, funding.summary AS funding_summary, funding.keywords AS funding_keywords, funding.research_domain AS funding_research_domain, funding.research_area AS funding_research_area, funding.category AS funding_category, funding.agency AS funding_agency, funding.organization AS funding_organization, funding.sponsor AS funding_sponsor, funding.country AS funding_country, funding.funding_type AS funding_funding_type, funding.amount_min AS funding_amount_min, funding.amount_max AS funding_amount_max, funding.currency AS funding_currency, funding.application_deadline AS funding_application_deadline, funding.posted_date AS funding_posted_date, funding.status AS funding_status, funding.eligibility AS funding_eligibility, funding.url AS funding_url, funding.source AS funding_source, funding.is_active AS funding_is_active, funding.extra_metadata AS funding_extra_metadata, funding.created_at AS funding_created_at, funding.updated_at AS funding_updated_at 
FROM funding 
WHERE funding.is_active = true AND (funding.application_deadline IS NULL OR funding.application_deadline >= %(application_deadline_1)s)]
[parameters: {'application_deadline_1': datetime.datetime(2026, 8, 5, 15, 23, 44, 105322)}]
(Background on this error at: https://sqlalche.me/e/20/f405)
2026-08-05 20:53:44.167 | ERROR    | app.db:get_db:28 - Database session error: (psycopg2.errors.UndefinedColumn) column funding.summary does not exist
LINE 1: ...itle, funding.description AS funding_description, funding.su...
                                                             ^

[SQL: SELECT funding.id AS funding_id, funding.title AS funding_title, funding.description AS funding_description, funding.summary AS funding_summary, funding.keywords AS funding_keywords, funding.research_domain AS funding_research_domain, funding.research_area AS funding_research_area, funding.category AS funding_category, funding.agency AS funding_agency, funding.organization AS funding_organization, funding.sponsor AS funding_sponsor, funding.country AS funding_country, funding.funding_type AS funding_funding_type, funding.amount_min AS funding_amount_min, funding.amount_max AS funding_amount_max, funding.currency AS funding_currency, funding.application_deadline AS funding_application_deadline, funding.posted_date AS funding_posted_date, funding.status AS funding_status, funding.eligibility AS funding_eligibility, funding.url AS funding_url, funding.source AS funding_source, funding.is_active AS funding_is_active, funding.extra_metadata AS funding_extra_metadata, funding.created_at AS funding_created_at, funding.updated_at AS funding_updated_at 
FROM funding 
WHERE funding.is_active = true AND (funding.application_deadline IS NULL OR funding.application_deadline >= %(application_deadline_1)s)]
[parameters: {'application_deadline_1': datetime.datetime(2026, 8, 5, 15, 23, 44, 158879)}]
(Background on this error at: https://sqlalche.me/e/20/f405)
2026-08-05 20:53:44.173 | ERROR    | app.main:unhandled_exception_handler:109 - Unhandled error: (psycopg2.errors.UndefinedColumn) column funding.summary does not exist
LINE 1: ...itle, funding.description AS funding_description, funding.su...
                                                             ^

[SQL: SELECT funding.id AS funding_id, funding.title AS funding_title, funding.description AS funding_description, funding.summary AS funding_summary, funding.keywords AS funding_keywords, funding.research_domain AS funding_research_domain, funding.research_area AS funding_research_area, funding.category AS funding_category, funding.agency AS funding_agency, funding.organization AS funding_organization, funding.sponsor AS funding_sponsor, funding.country AS funding_country, funding.funding_type AS funding_funding_type, funding.amount_min AS funding_amount_min, funding.amount_max AS funding_amount_max, funding.currency AS funding_currency, funding.application_deadline AS funding_application_deadline, funding.posted_date AS funding_posted_date, funding.status AS funding_status, funding.eligibility AS funding_eligibility, funding.url AS funding_url, funding.source AS funding_source, funding.is_active AS funding_is_active, funding.extra_metadata AS funding_extra_metadata, funding.created_at AS funding_created_at, funding.updated_at AS funding_updated_at 
FROM funding 
WHERE funding.is_active = true AND (funding.application_deadline IS NULL OR funding.application_deadline >= %(application_deadline_1)s)]
[parameters: {'application_deadline_1': datetime.datetime(2026, 8, 5, 15, 23, 44, 158879)}]
(Background on this error at: https://sqlalche.me/e/20/f405)
2026-08-05 20:55:13.687 | INFO     | app.core.logging:setup_logging:26 - Logging initialized for Research Funding & Innovation Intelligence Platform v1.0.0
2026-08-05 20:55:13.785 | INFO     | app.main:lifespan:22 - Starting Research Funding & Innovation Intelligence Platform v1.0.0
2026-08-05 20:55:13.844 | INFO     | app.db:init_db:45 - Database tables created successfully
2026-08-05 20:55:13.890 | INFO     | app.db.mongo:connect_to_mongo:26 - Connected to MongoDB successfully
2026-08-05 20:55:13.894 | INFO     | app.funding_intel.scheduler.jobs:start_scheduler:171 - [scheduler] funding intel background jobs started
2026-08-05 20:55:13.895 | INFO     | app.main:lifespan:37 - Shutting down
2026-08-05 20:55:13.895 | INFO     | app.db.mongo:close_mongo_connection:35 - MongoDB connection closed
2026-08-05 20:55:15.344 | ERROR    | app.db:get_db:28 - Database session error: (psycopg2.errors.UndefinedColumn) column funding.summary does not exist
LINE 1: ...itle, funding.description AS funding_description, funding.su...
                                                             ^

[SQL: SELECT funding.id AS funding_id, funding.title AS funding_title, funding.description AS funding_description, funding.summary AS funding_summary, funding.keywords AS funding_keywords, funding.research_domain AS funding_research_domain, funding.research_area AS funding_research_area, funding.category AS funding_category, funding.agency AS funding_agency, funding.organization AS funding_organization, funding.sponsor AS funding_sponsor, funding.country AS funding_country, funding.funding_type AS funding_funding_type, funding.amount_min AS funding_amount_min, funding.amount_max AS funding_amount_max, funding.currency AS funding_currency, funding.application_deadline AS funding_application_deadline, funding.posted_date AS funding_posted_date, funding.status AS funding_status, funding.eligibility AS funding_eligibility, funding.url AS funding_url, funding.source AS funding_source, funding.is_active AS funding_is_active, funding.extra_metadata AS funding_extra_metadata, funding.created_at AS funding_created_at, funding.updated_at AS funding_updated_at 
FROM funding]
(Background on this error at: https://sqlalche.me/e/20/f405)
2026-08-05 20:55:15.348 | ERROR    | app.main:unhandled_exception_handler:109 - Unhandled error: (psycopg2.errors.UndefinedColumn) column funding.summary does not exist
LINE 1: ...itle, funding.description AS funding_description, funding.su...
                                                             ^

[SQL: SELECT funding.id AS funding_id, funding.title AS funding_title, funding.description AS funding_description, funding.summary AS funding_summary, funding.keywords AS funding_keywords, funding.research_domain AS funding_research_domain, funding.research_area AS funding_research_area, funding.category AS funding_category, funding.agency AS funding_agency, funding.organization AS funding_organization, funding.sponsor AS funding_sponsor, funding.country AS funding_country, funding.funding_type AS funding_funding_type, funding.amount_min AS funding_amount_min, funding.amount_max AS funding_amount_max, funding.currency AS funding_currency, funding.application_deadline AS funding_application_deadline, funding.posted_date AS funding_posted_date, funding.status AS funding_status, funding.eligibility AS funding_eligibility, funding.url AS funding_url, funding.source AS funding_source, funding.is_active AS funding_is_active, funding.extra_metadata AS funding_extra_metadata, funding.created_at AS funding_created_at, funding.updated_at AS funding_updated_at 
FROM funding]
(Background on this error at: https://sqlalche.me/e/20/f405)
2026-08-05 20:55:22.361 | ERROR    | app.db:get_db:28 - Database session error: (psycopg2.errors.UndefinedColumn) column funding.summary does not exist
LINE 2: ...itle, funding.description AS funding_description, funding.su...
                                                             ^

[SQL: SELECT count(*) AS count_1 
FROM (SELECT funding.id AS funding_id, funding.title AS funding_title, funding.description AS funding_description, funding.summary AS funding_summary, funding.keywords AS funding_keywords, funding.research_domain AS funding_research_domain, funding.research_area AS funding_research_area, funding.category AS funding_category, funding.agency AS funding_agency, funding.organization AS funding_organization, funding.sponsor AS funding_sponsor, funding.country AS funding_country, funding.funding_type AS funding_funding_type, funding.amount_min AS funding_amount_min, funding.amount_max AS funding_amount_max, funding.currency AS funding_currency, funding.application_deadline AS funding_application_deadline, funding.posted_date AS funding_posted_date, funding.status AS funding_status, funding.eligibility AS funding_eligibility, funding.url AS funding_url, funding.source AS funding_source, funding.is_active AS funding_is_active, funding.extra_metadata AS funding_extra_metadata, funding.created_at AS funding_created_at, funding.updated_at AS funding_updated_at 
FROM funding 
WHERE funding.is_active = true) AS anon_1]
(Background on this error at: https://sqlalche.me/e/20/f405)
2026-08-05 20:55:22.365 | ERROR    | app.main:unhandled_exception_handler:109 - Unhandled error: (psycopg2.errors.UndefinedColumn) column funding.summary does not exist
LINE 2: ...itle, funding.description AS funding_description, funding.su...
                                                             ^

[SQL: SELECT count(*) AS count_1 
FROM (SELECT funding.id AS funding_id, funding.title AS funding_title, funding.description AS funding_description, funding.summary AS funding_summary, funding.keywords AS funding_keywords, funding.research_domain AS funding_research_domain, funding.research_area AS funding_research_area, funding.category AS funding_category, funding.agency AS funding_agency, funding.organization AS funding_organization, funding.sponsor AS funding_sponsor, funding.country AS funding_country, funding.funding_type AS funding_funding_type, funding.amount_min AS funding_amount_min, funding.amount_max AS funding_amount_max, funding.currency AS funding_currency, funding.application_deadline AS funding_application_deadline, funding.posted_date AS funding_posted_date, funding.status AS funding_status, funding.eligibility AS funding_eligibility, funding.url AS funding_url, funding.source AS funding_source, funding.is_active AS funding_is_active, funding.extra_metadata AS funding_extra_metadata, funding.created_at AS funding_created_at, funding.updated_at AS funding_updated_at 
FROM funding 
WHERE funding.is_active = true) AS anon_1]
(Background on this error at: https://sqlalche.me/e/20/f405)
2026-08-05 20:55:22.497 | ERROR    | app.db:get_db:28 - Database session error: (psycopg2.errors.UndefinedColumn) column funding.summary does not exist
LINE 1: ...itle, funding.description AS funding_description, funding.su...
                                                             ^

[SQL: SELECT funding.id AS funding_id, funding.title AS funding_title, funding.description AS funding_description, funding.summary AS funding_summary, funding.keywords AS funding_keywords, funding.research_domain AS funding_research_domain, funding.research_area AS funding_research_area, funding.category AS funding_category, funding.agency AS funding_agency, funding.organization AS funding_organization, funding.sponsor AS funding_sponsor, funding.country AS funding_country, funding.funding_type AS funding_funding_type, funding.amount_min AS funding_amount_min, funding.amount_max AS funding_amount_max, funding.currency AS funding_currency, funding.application_deadline AS funding_application_deadline, funding.posted_date AS funding_posted_date, funding.status AS funding_status, funding.eligibility AS funding_eligibility, funding.url AS funding_url, funding.source AS funding_source, funding.is_active AS funding_is_active, funding.extra_metadata AS funding_extra_metadata, funding.created_at AS funding_created_at, funding.updated_at AS funding_updated_at 
FROM funding 
WHERE funding.is_active = true AND (funding.application_deadline IS NULL OR funding.application_deadline >= %(application_deadline_1)s)]
[parameters: {'application_deadline_1': datetime.datetime(2026, 8, 5, 15, 25, 22, 490726)}]
(Background on this error at: https://sqlalche.me/e/20/f405)
2026-08-05 20:55:22.501 | ERROR    | app.main:unhandled_exception_handler:109 - Unhandled error: (psycopg2.errors.UndefinedColumn) column funding.summary does not exist
LINE 1: ...itle, funding.description AS funding_description, funding.su...
                                                             ^

[SQL: SELECT funding.id AS funding_id, funding.title AS funding_title, funding.description AS funding_description, funding.summary AS funding_summary, funding.keywords AS funding_keywords, funding.research_domain AS funding_research_domain, funding.research_area AS funding_research_area, funding.category AS funding_category, funding.agency AS funding_agency, funding.organization AS funding_organization, funding.sponsor AS funding_sponsor, funding.country AS funding_country, funding.funding_type AS funding_funding_type, funding.amount_min AS funding_amount_min, funding.amount_max AS funding_amount_max, funding.currency AS funding_currency, funding.application_deadline AS funding_application_deadline, funding.posted_date AS funding_posted_date, funding.status AS funding_status, funding.eligibility AS funding_eligibility, funding.url AS funding_url, funding.source AS funding_source, funding.is_active AS funding_is_active, funding.extra_metadata AS funding_extra_metadata, funding.created_at AS funding_created_at, funding.updated_at AS funding_updated_at 
FROM funding 
WHERE funding.is_active = true AND (funding.application_deadline IS NULL OR funding.application_deadline >= %(application_deadline_1)s)]
[parameters: {'application_deadline_1': datetime.datetime(2026, 8, 5, 15, 25, 22, 490726)}]
(Background on this error at: https://sqlalche.me/e/20/f405)
2026-08-05 20:57:10.942 | INFO     | app.main:lifespan:37 - Shutting down
2026-08-05 20:57:10.944 | INFO     | app.db.mongo:close_mongo_connection:35 - MongoDB connection closed
2026-08-05 20:57:36.171 | INFO     | app.core.logging:setup_logging:26 - Logging initialized for Research Funding & Innovation Intelligence Platform v1.0.0
2026-08-05 20:57:36.385 | INFO     | app.main:lifespan:22 - Starting Research Funding & Innovation Intelligence Platform v1.0.0
2026-08-05 20:57:36.486 | INFO     | app.db:init_db:45 - Database tables created successfully
2026-08-05 20:57:36.512 | INFO     | app.db.mongo:connect_to_mongo:26 - Connected to MongoDB successfully
2026-08-05 20:57:36.522 | INFO     | app.funding_intel.scheduler.jobs:start_scheduler:171 - [scheduler] funding intel background jobs started
2026-08-05 21:00:00.028 | INFO     | app.funding_intel.providers.nih:initialize:52 - [nih] HTTP client initialised against https://api.reporter.nih.gov/v2
2026-08-05 21:00:01.719 | INFO     | app.funding_intel.providers.nih:fetch_batch:115 - [NIH] offset=0, fetched=1, total=2959526, next_cursor=1:75N94023D00001-P00007-759402300004-1
2026-08-05 21:00:01.751 | INFO     | app.funding_intel.providers.grants_gov:initialize:46 - [grants_gov] HTTP client initialised against https://api.grants.gov/v1/api
2026-08-05 21:00:03.022 | INFO     | app.funding_intel.providers.nsf:initialize:50 - [nsf] HTTP client initialised against https://api.nsf.gov/services/v1
2026-08-05 21:00:04.081 | INFO     | app.funding_intel.providers.openalex:initialize:78 - [openalex] HTTP client initialised against https://api.openalex.org (api_key=yes, mailto=funding-intel@research-platform.local)
2026-08-05 21:00:04.958 | INFO     | app.funding_intel.providers.cordis:initialize:51 - [cordis] HTTP client initialised against https://cordis.europa.eu/api
2026-08-05 21:01:40.863 | ERROR    | app.db:get_db:28 - Database session error: 401: Invalid credentials
2026-08-05 21:01:47.072 | ERROR    | app.db:get_db:28 - Database session error: 401: Invalid credentials
2026-08-05 21:03:26.972 | INFO     | app.services.recommendation_service:regenerate:208 - Regenerated 10 recommendations for user researcher
2026-08-05 21:03:56.017 | INFO     | app.services.recommendation_service:regenerate:208 - Regenerated 10 recommendations for user Poojitha
2026-08-05 21:11:24.363 | INFO     | app.services.recommendation_service:regenerate:208 - Regenerated 10 recommendations for user Poojitha
2026-08-05 21:15:00.050 | INFO     | app.funding_intel.providers.nih:initialize:52 - [nih] HTTP client initialised against https://api.reporter.nih.gov/v2
2026-08-05 21:15:01.633 | INFO     | app.funding_intel.providers.nih:fetch_batch:115 - [NIH] offset=0, fetched=1, total=2959526, next_cursor=1:75N94023D00001-P00007-759402300004-1
2026-08-05 21:15:01.643 | INFO     | app.funding_intel.providers.grants_gov:initialize:46 - [grants_gov] HTTP client initialised against https://api.grants.gov/v1/api
2026-08-05 21:15:02.705 | INFO     | app.funding_intel.providers.nsf:initialize:50 - [nsf] HTTP client initialised against https://api.nsf.gov/services/v1
2026-08-05 21:16:38.507 | INFO     | app.core.logging:setup_logging:26 - Logging initialized for Research Funding & Innovation Intelligence Platform v1.0.0
2026-08-05 21:16:38.716 | INFO     | app.main:lifespan:22 - Starting Research Funding & Innovation Intelligence Platform v1.0.0
2026-08-05 21:16:38.817 | INFO     | app.db:init_db:45 - Database tables created successfully
2026-08-05 21:16:39.218 | INFO     | app.db.mongo:connect_to_mongo:26 - Connected to MongoDB successfully
2026-08-05 21:16:39.256 | INFO     | app.funding_intel.scheduler.jobs:start_scheduler:171 - [scheduler] funding intel background jobs started
2026-08-05 21:18:21.855 | INFO     | app.funding_intel.providers.nih:initialize:52 - [nih] HTTP client initialised against https://api.reporter.nih.gov/v2
2026-08-05 21:18:21.878 | INFO     | app.funding_intel.providers.grants_gov:initialize:46 - [grants_gov] HTTP client initialised against https://api.grants.gov/v1/api
2026-08-05 21:18:21.904 | INFO     | app.funding_intel.providers.nsf:initialize:50 - [nsf] HTTP client initialised against https://api.nsf.gov/services/v1
2026-08-05 21:18:21.928 | INFO     | app.funding_intel.providers.openalex:initialize:78 - [openalex] HTTP client initialised against https://api.openalex.org (api_key=yes, mailto=funding-intel@research-platform.local)
2026-08-05 21:18:21.951 | INFO     | app.funding_intel.providers.cordis:initialize:51 - [cordis] HTTP client initialised against https://cordis.europa.eu/api
2026-08-05 21:18:22.120 | INFO     | app.funding_intel.providers.nih:initialize:52 - [nih] HTTP client initialised against https://api.reporter.nih.gov/v2
2026-08-05 21:18:22.139 | INFO     | app.funding_intel.providers.grants_gov:initialize:46 - [grants_gov] HTTP client initialised against https://api.grants.gov/v1/api
2026-08-05 21:18:22.179 | INFO     | app.funding_intel.providers.nsf:initialize:50 - [nsf] HTTP client initialised against https://api.nsf.gov/services/v1
2026-08-05 21:18:22.220 | INFO     | app.funding_intel.providers.openalex:initialize:78 - [openalex] HTTP client initialised against https://api.openalex.org (api_key=yes, mailto=funding-intel@research-platform.local)
2026-08-05 21:18:22.251 | INFO     | app.funding_intel.providers.cordis:initialize:51 - [cordis] HTTP client initialised against https://cordis.europa.eu/api
2026-08-05 21:18:59.060 | INFO     | app.services.recommendation_service:invalidate_all:278 - Invalidated recommendation cache for all users
2026-08-05 21:19:02.620 | INFO     | app.services.recommendation_service:invalidate_all:278 - Invalidated recommendation cache for all users
2026-08-05 21:19:05.893 | INFO     | app.services.recommendation_service:invalidate_all:278 - Invalidated recommendation cache for all users
2026-08-05 21:19:08.878 | INFO     | app.services.recommendation_service:invalidate_all:278 - Invalidated recommendation cache for all users
2026-08-05 21:19:11.973 | INFO     | app.services.recommendation_service:invalidate_all:278 - Invalidated recommendation cache for all users
2026-08-05 21:19:15.285 | INFO     | app.services.recommendation_service:invalidate_all:278 - Invalidated recommendation cache for all users
2026-08-05 21:19:18.216 | INFO     | app.services.recommendation_service:invalidate_all:278 - Invalidated recommendation cache for all users
2026-08-05 21:19:21.822 | INFO     | app.services.recommendation_service:invalidate_all:278 - Invalidated recommendation cache for all users
2026-08-05 21:19:25.466 | INFO     | app.services.recommendation_service:invalidate_all:278 - Invalidated recommendation cache for all users
2026-08-05 21:19:29.384 | INFO     | app.services.recommendation_service:invalidate_all:278 - Invalidated recommendation cache for all users
2026-08-05 21:22:26.378 | INFO     | app.services.recommendation_service:regenerate:208 - Regenerated 10 recommendations for user researcher
2026-08-05 21:30:53.486 | INFO     | app.core.logging:setup_logging:26 - Logging initialized for Research Funding & Innovation Intelligence Platform v1.0.0
2026-08-05 21:30:53.813 | INFO     | app.main:lifespan:22 - Starting Research Funding & Innovation Intelligence Platform v1.0.0
2026-08-05 21:30:54.128 | INFO     | app.db:init_db:45 - Database tables created successfully
2026-08-05 21:30:54.183 | INFO     | app.db.mongo:connect_to_mongo:26 - Connected to MongoDB successfully
2026-08-05 21:30:54.202 | INFO     | app.funding_intel.scheduler.jobs:start_scheduler:171 - [scheduler] funding intel background jobs started
2026-08-05 21:45:00.083 | INFO     | app.funding_intel.providers.nih:initialize:52 - [nih] HTTP client initialised against https://api.reporter.nih.gov/v2
2026-08-05 21:45:01.676 | INFO     | app.funding_intel.providers.nih:fetch_batch:115 - [NIH] offset=0, fetched=1, total=2959526, next_cursor=1:75N94023D00001-P00007-759402300004-1
2026-08-05 21:45:01.691 | INFO     | app.funding_intel.providers.grants_gov:initialize:46 - [grants_gov] HTTP client initialised against https://api.grants.gov/v1/api
2026-08-05 21:45:02.640 | INFO     | app.funding_intel.providers.nsf:initialize:50 - [nsf] HTTP client initialised against https://api.nsf.gov/services/v1
2026-08-05 21:45:03.659 | INFO     | app.funding_intel.providers.openalex:initialize:78 - [openalex] HTTP client initialised against https://api.openalex.org (api_key=yes, mailto=funding-intel@research-platform.local)
2026-08-05 21:45:05.214 | INFO     | app.funding_intel.providers.cordis:initialize:51 - [cordis] HTTP client initialised against https://cordis.europa.eu/api
2026-08-05 21:46:55.792 | INFO     | app.services.recommendation_service:regenerate:208 - Regenerated 10 recommendations for user researcher
2026-08-05 21:47:20.284 | INFO     | app.services.recommendation_service:regenerate:208 - Regenerated 10 recommendations for user researcher
2026-08-05 22:15:00.084 | INFO     | app.funding_intel.providers.nih:initialize:52 - [nih] HTTP client initialised against https://api.reporter.nih.gov/v2
2026-08-05 22:15:01.697 | INFO     | app.funding_intel.providers.nih:fetch_batch:115 - [NIH] offset=0, fetched=1, total=2959526, next_cursor=1:75N94023D00001-P00007-759402300004-1
2026-08-05 22:15:01.730 | INFO     | app.funding_intel.providers.grants_gov:initialize:46 - [grants_gov] HTTP client initialised against https://api.grants.gov/v1/api
2026-08-05 22:15:03.124 | INFO     | app.funding_intel.providers.nsf:initialize:50 - [nsf] HTTP client initialised against https://api.nsf.gov/services/v1
2026-08-05 22:15:04.131 | INFO     | app.funding_intel.providers.openalex:initialize:78 - [openalex] HTTP client initialised against https://api.openalex.org (api_key=yes, mailto=funding-intel@research-platform.local)
2026-08-05 22:15:04.951 | INFO     | app.funding_intel.providers.cordis:initialize:51 - [cordis] HTTP client initialised against https://cordis.europa.eu/api
2026-08-05 22:20:16.470 | INFO     | app.main:lifespan:37 - Shutting down
2026-08-05 22:20:16.475 | INFO     | app.db.mongo:close_mongo_connection:35 - MongoDB connection closed
2026-08-05 22:21:03.950 | INFO     | app.core.logging:setup_logging:26 - Logging initialized for Research Funding & Innovation Intelligence Platform v1.0.0
2026-08-05 22:21:04.400 | INFO     | app.main:lifespan:22 - Starting Research Funding & Innovation Intelligence Platform v1.0.0
2026-08-05 22:21:04.940 | INFO     | app.db:init_db:48 - Database tables created successfully
2026-08-05 22:21:05.441 | INFO     | app.db.mongo:connect_to_mongo:26 - Connected to MongoDB successfully
2026-08-05 22:21:05.465 | INFO     | app.funding_intel.scheduler.jobs:start_scheduler:171 - [scheduler] funding intel background jobs started
2026-08-05 22:30:00.045 | INFO     | app.funding_intel.providers.nih:initialize:52 - [nih] HTTP client initialised against https://api.reporter.nih.gov/v2
2026-08-05 22:30:00.174 | INFO     | app.main:lifespan:37 - Shutting down
2026-08-05 22:30:00.177 | INFO     | app.db.mongo:close_mongo_connection:35 - MongoDB connection closed
2026-08-05 22:30:00.518 | ERROR    | app.funding_intel.scheduler.jobs:_scheduler_event_listener:122 - [scheduler] job failed: 
2026-08-05 22:30:41.082 | INFO     | app.core.logging:setup_logging:26 - Logging initialized for Research Funding & Innovation Intelligence Platform v1.0.0
2026-08-05 22:30:41.602 | INFO     | app.main:lifespan:22 - Starting Research Funding & Innovation Intelligence Platform v1.0.0
2026-08-05 22:30:41.899 | INFO     | app.db:init_db:48 - Database tables created successfully
2026-08-05 22:30:41.954 | INFO     | app.db.mongo:connect_to_mongo:26 - Connected to MongoDB successfully
2026-08-05 22:30:41.977 | INFO     | app.funding_intel.scheduler.jobs:start_scheduler:171 - [scheduler] funding intel background jobs started
2026-08-05 22:35:02.605 | INFO     | app.main:lifespan:37 - Shutting down
2026-08-05 22:35:02.608 | INFO     | app.db.mongo:close_mongo_connection:35 - MongoDB connection closed
2026-08-05 22:55:41.939 | INFO     | app.core.logging:setup_logging:26 - Logging initialized for Research Funding & Innovation Intelligence Platform v1.0.0
2026-08-05 22:55:42.480 | INFO     | app.main:lifespan:24 - Starting Research Funding & Innovation Intelligence Platform v1.0.0
2026-08-05 22:55:42.995 | INFO     | app.db:init_db:51 - Database tables created successfully
2026-08-05 22:55:43.048 | INFO     | app.db.mongo:connect_to_mongo:26 - Connected to MongoDB successfully
2026-08-05 22:55:43.071 | INFO     | app.funding_intel.scheduler.jobs:start_scheduler:171 - [scheduler] funding intel background jobs started
2026-08-05 22:55:43.076 | INFO     | app.patents.scheduler.jobs:start_patent_scheduler:148 - [patent-scheduler] patent intel background jobs started
2026-08-05 22:56:06.825 | INFO     | app.patents.services.dashboard_service:refresh:79 - [patent-dashboard] refreshed; patents=0 avg_score=0.0 recs=0
2026-08-05 22:59:25.782 | INFO     | app.patents.services.dashboard_service:refresh:79 - [patent-dashboard] refreshed; patents=0 avg_score=0.0 recs=0
2026-08-05 22:59:26.045 | INFO     | app.patents.services.dashboard_service:refresh:79 - [patent-dashboard] refreshed; patents=0 avg_score=0.0 recs=0
2026-08-05 23:00:00.052 | INFO     | app.patents.providers.google_patents:initialize:52 - [google_patents] HTTP client initialised against https://patents.google.com/xhr
2026-08-05 23:00:00.088 | INFO     | app.funding_intel.providers.nih:initialize:52 - [nih] HTTP client initialised against https://api.reporter.nih.gov/v2
2026-08-05 23:00:00.900 | INFO     | app.patents.providers.google_patents:fetch_batch:89 - [google_patents] live endpoint unavailable (Non-JSON response (status 400, content-type 'text/html; charset=utf-8')); using curated dataset
2026-08-05 23:00:00.939 | INFO     | app.patents.providers.uspto:initialize:49 - [uspto] HTTP client initialised against https://api.patentsview.org/patents/query
2026-08-05 23:00:02.120 | INFO     | app.patents.providers.uspto:fetch_batch:88 - [uspto] live endpoint unavailable (Non-JSON response (status 200, content-type 'text/html')); using curated dataset
2026-08-05 23:00:02.160 | INFO     | app.patents.providers.the_lens:initialize:53 - [the_lens] HTTP client initialised against https://www.lens.org/lens/api
2026-08-05 23:00:02.161 | INFO     | app.patents.providers.the_lens:fetch_batch:83 - [the_lens] no LENS_API_TOKEN configured; using curated dataset
2026-08-05 23:00:03.905 | INFO     | app.funding_intel.providers.nih:fetch_batch:115 - [NIH] offset=0, fetched=1, total=2959526, next_cursor=1:75N94023D00001-P00007-759402300004-1
2026-08-05 23:00:03.938 | INFO     | app.funding_intel.providers.grants_gov:initialize:46 - [grants_gov] HTTP client initialised against https://api.grants.gov/v1/api
2026-08-05 23:00:05.946 | INFO     | app.funding_intel.providers.nsf:initialize:50 - [nsf] HTTP client initialised against https://api.nsf.gov/services/v1
2026-08-05 23:00:07.692 | INFO     | app.funding_intel.providers.openalex:initialize:78 - [openalex] HTTP client initialised against https://api.openalex.org (api_key=yes, mailto=funding-intel@research-platform.local)
2026-08-05 23:00:09.624 | INFO     | app.funding_intel.providers.cordis:initialize:51 - [cordis] HTTP client initialised against https://cordis.europa.eu/api
2026-08-05 23:03:17.827 | INFO     | app.services.recommendation_service:regenerate:208 - Regenerated 10 recommendations for user researcher
2026-08-05 23:03:21.438 | INFO     | app.services.recommendation_service:regenerate:208 - Regenerated 10 recommendations for user researcher
2026-08-05 23:03:22.497 | INFO     | app.services.recommendation_service:regenerate:208 - Regenerated 10 recommendations for user researcher
2026-08-05 23:03:23.433 | INFO     | app.services.recommendation_service:regenerate:208 - Regenerated 10 recommendations for user researcher
2026-08-05 23:03:33.462 | INFO     | app.services.recommendation_service:regenerate:208 - Regenerated 10 recommendations for user researcher
2026-08-05 23:03:33.503 | INFO     | app.services.recommendation_service:regenerate:208 - Regenerated 10 recommendations for user researcher
2026-08-05 23:06:48.654 | INFO     | app.patents.services.dashboard_service:refresh:79 - [patent-dashboard] refreshed; patents=0 avg_score=0.0 recs=0
2026-08-05 23:07:04.022 | INFO     | app.patents.services.dashboard_service:refresh:79 - [patent-dashboard] refreshed; patents=0 avg_score=0.0 recs=0
2026-08-05 23:07:06.062 | INFO     | app.patents.providers.google_patents:initialize:52 - [google_patents] HTTP client initialised against https://patents.google.com/xhr
2026-08-05 23:07:07.060 | INFO     | app.patents.providers.google_patents:fetch_batch:89 - [google_patents] live endpoint unavailable (Non-JSON response (status 400, content-type 'text/html; charset=utf-8')); using curated dataset
2026-08-05 23:07:07.968 | INFO     | app.patents.providers.google_patents:fetch_batch:89 - [google_patents] live endpoint unavailable (Non-JSON response (status 400, content-type 'text/html; charset=utf-8')); using curated dataset
2026-08-05 23:07:08.010 | INFO     | app.patents.providers.uspto:initialize:49 - [uspto] HTTP client initialised against https://api.patentsview.org/patents/query
2026-08-05 23:07:10.126 | INFO     | app.patents.providers.uspto:fetch_batch:88 - [uspto] live endpoint unavailable (Non-JSON response (status 200, content-type 'text/html')); using curated dataset
2026-08-05 23:07:10.978 | INFO     | app.patents.providers.uspto:fetch_batch:88 - [uspto] live endpoint unavailable (Non-JSON response (status 200, content-type 'text/html')); using curated dataset
2026-08-05 23:07:11.026 | INFO     | app.patents.providers.the_lens:initialize:53 - [the_lens] HTTP client initialised against https://www.lens.org/lens/api
2026-08-05 23:07:11.043 | INFO     | app.patents.providers.the_lens:fetch_batch:83 - [the_lens] no LENS_API_TOKEN configured; using curated dataset
2026-08-05 23:07:11.153 | INFO     | app.patents.providers.the_lens:fetch_batch:83 - [the_lens] no LENS_API_TOKEN configured; using curated dataset
2026-08-05 23:07:14.145 | INFO     | app.patents.services.dashboard_service:refresh:79 - [patent-dashboard] refreshed; patents=7 avg_score=0.682 recs=6
2026-08-05 23:07:14.283 | INFO     | app.patents.services.dashboard_service:refresh:79 - [patent-dashboard] refreshed; patents=14 avg_score=0.682 recs=6
2026-08-05 23:07:14.585 | INFO     | app.patents.services.dashboard_service:refresh:79 - [patent-dashboard] refreshed; patents=14 avg_score=0.682 recs=6
2026-08-05 23:08:01.698 | ERROR    | app.db:get_db:28 - Database session error: name 'Patent' is not defined
2026-08-05 23:08:01.703 | ERROR    | app.main:unhandled_exception_handler:121 - Unhandled error: name 'Patent' is not defined
2026-08-05 23:08:02.162 | ERROR    | app.db:get_db:28 - Database session error: name 'Patent' is not defined
2026-08-05 23:08:02.174 | ERROR    | app.main:unhandled_exception_handler:121 - Unhandled error: name 'Patent' is not defined
2026-08-05 23:08:03.867 | ERROR    | app.db:get_db:28 - Database session error: name 'Patent' is not defined
2026-08-05 23:08:03.875 | ERROR    | app.main:unhandled_exception_handler:121 - Unhandled error: name 'Patent' is not defined
2026-08-05 23:08:05.220 | ERROR    | app.db:get_db:28 - Database session error: name 'Patent' is not defined
2026-08-05 23:08:05.230 | ERROR    | app.main:unhandled_exception_handler:121 - Unhandled error: name 'Patent' is not defined
2026-08-05 23:08:13.393 | INFO     | app.funding_intel.providers.nih:initialize:52 - [nih] HTTP client initialised against https://api.reporter.nih.gov/v2
2026-08-05 23:08:13.428 | INFO     | app.funding_intel.providers.grants_gov:initialize:46 - [grants_gov] HTTP client initialised against https://api.grants.gov/v1/api
2026-08-05 23:08:13.460 | INFO     | app.funding_intel.providers.nsf:initialize:50 - [nsf] HTTP client initialised against https://api.nsf.gov/services/v1
2026-08-05 23:08:13.497 | INFO     | app.funding_intel.providers.openalex:initialize:78 - [openalex] HTTP client initialised against https://api.openalex.org (api_key=yes, mailto=funding-intel@research-platform.local)
2026-08-05 23:08:13.531 | INFO     | app.funding_intel.providers.cordis:initialize:51 - [cordis] HTTP client initialised against https://cordis.europa.eu/api
2026-08-05 23:08:13.803 | INFO     | app.funding_intel.providers.nih:initialize:52 - [nih] HTTP client initialised against https://api.reporter.nih.gov/v2
2026-08-05 23:08:13.837 | INFO     | app.funding_intel.providers.grants_gov:initialize:46 - [grants_gov] HTTP client initialised against https://api.grants.gov/v1/api
2026-08-05 23:08:13.866 | INFO     | app.funding_intel.providers.nsf:initialize:50 - [nsf] HTTP client initialised against https://api.nsf.gov/services/v1
2026-08-05 23:08:13.919 | INFO     | app.funding_intel.providers.openalex:initialize:78 - [openalex] HTTP client initialised against https://api.openalex.org (api_key=yes, mailto=funding-intel@research-platform.local)
2026-08-05 23:08:13.970 | INFO     | app.funding_intel.providers.cordis:initialize:51 - [cordis] HTTP client initialised against https://cordis.europa.eu/api
2026-08-05 23:10:27.482 | INFO     | app.patents.services.dashboard_service:refresh:79 - [patent-dashboard] refreshed; patents=14 avg_score=0.7178 recs=9
2026-08-05 23:10:27.842 | INFO     | app.patents.services.dashboard_service:refresh:79 - [patent-dashboard] refreshed; patents=14 avg_score=0.7178 recs=9
2026-08-05 23:10:31.680 | INFO     | app.patents.services.dashboard_service:refresh:79 - [patent-dashboard] refreshed; patents=14 avg_score=0.7178 recs=9
2026-08-05 23:10:32.050 | INFO     | app.patents.services.dashboard_service:refresh:79 - [patent-dashboard] refreshed; patents=14 avg_score=0.7178 recs=9
2026-08-05 23:15:00.061 | INFO     | app.funding_intel.providers.nih:initialize:52 - [nih] HTTP client initialised against https://api.reporter.nih.gov/v2
2026-08-05 23:15:02.511 | INFO     | app.funding_intel.providers.nih:fetch_batch:115 - [NIH] offset=0, fetched=1, total=2959526, next_cursor=1:75N94023D00001-P00007-759402300004-1
2026-08-05 23:15:02.554 | INFO     | app.funding_intel.providers.grants_gov:initialize:46 - [grants_gov] HTTP client initialised against https://api.grants.gov/v1/api
2026-08-05 23:15:04.716 | INFO     | app.funding_intel.providers.nsf:initialize:50 - [nsf] HTTP client initialised against https://api.nsf.gov/services/v1
2026-08-05 23:15:06.461 | INFO     | app.funding_intel.providers.openalex:initialize:78 - [openalex] HTTP client initialised against https://api.openalex.org (api_key=yes, mailto=funding-intel@research-platform.local)
2026-08-05 23:15:07.493 | INFO     | app.funding_intel.providers.cordis:initialize:51 - [cordis] HTTP client initialised against https://cordis.europa.eu/api
2026-08-05 23:28:49.569 | INFO     | app.patents.services.dashboard_service:refresh:79 - [patent-dashboard] refreshed; patents=14 avg_score=0.7178 recs=9
2026-08-05 23:30:00.031 | INFO     | app.patents.providers.google_patents:initialize:52 - [google_patents] HTTP client initialised against https://patents.google.com/xhr
2026-08-05 23:30:00.057 | INFO     | app.funding_intel.providers.nih:initialize:52 - [nih] HTTP client initialised against https://api.reporter.nih.gov/v2
2026-08-05 23:30:00.572 | WARNING  | app.patents.core.http_client:request:97 - [google_patents] HTTP 503 on GET /query (attempt 1/3); retrying in 1.5s
2026-08-05 23:30:02.306 | INFO     | app.funding_intel.providers.nih:fetch_batch:115 - [NIH] offset=0, fetched=1, total=2959526, next_cursor=1:75N94023D00001-P00007-759402300004-1
2026-08-05 23:30:02.328 | INFO     | app.funding_intel.providers.grants_gov:initialize:46 - [grants_gov] HTTP client initialised against https://api.grants.gov/v1/api
2026-08-05 23:30:02.390 | WARNING  | app.patents.core.http_client:request:97 - [google_patents] HTTP 503 on GET /query (attempt 2/3); retrying in 3.0s
2026-08-05 23:30:03.643 | INFO     | app.funding_intel.providers.nsf:initialize:50 - [nsf] HTTP client initialised against https://api.nsf.gov/services/v1
2026-08-05 23:30:05.197 | INFO     | app.funding_intel.providers.openalex:initialize:78 - [openalex] HTTP client initialised against https://api.openalex.org (api_key=yes, mailto=funding-intel@research-platform.local)
2026-08-05 23:30:05.794 | WARNING  | app.patents.core.http_client:request:97 - [google_patents] HTTP 503 on GET /query (attempt 3/3); retrying in 6.0s
2026-08-05 23:30:06.218 | INFO     | app.funding_intel.providers.cordis:initialize:51 - [cordis] HTTP client initialised against https://cordis.europa.eu/api
2026-08-05 23:30:12.339 | INFO     | app.patents.providers.google_patents:fetch_batch:89 - [google_patents] live endpoint unavailable (Server error '503 Service Unavailable' for url 'https://patents.google.com/xhr/query?q=%2A&num=1'
For more information check: https://developer.mozilla.org/en-US/docs/Web/HTTP/Status/503); using curated dataset
2026-08-05 23:30:12.377 | INFO     | app.patents.providers.uspto:initialize:49 - [uspto] HTTP client initialised against https://api.patentsview.org/patents/query
2026-08-05 23:30:13.386 | INFO     | app.patents.providers.uspto:fetch_batch:88 - [uspto] live endpoint unavailable (Non-JSON response (status 200, content-type 'text/html')); using curated dataset
2026-08-05 23:30:13.422 | INFO     | app.patents.providers.the_lens:initialize:53 - [the_lens] HTTP client initialised against https://www.lens.org/lens/api
2026-08-05 23:30:13.424 | INFO     | app.patents.providers.the_lens:fetch_batch:83 - [the_lens] no LENS_API_TOKEN configured; using curated dataset
2026-08-05 23:45:00.063 | INFO     | app.funding_intel.providers.nih:initialize:52 - [nih] HTTP client initialised against https://api.reporter.nih.gov/v2
2026-08-05 23:45:01.661 | INFO     | app.funding_intel.providers.nih:fetch_batch:115 - [NIH] offset=0, fetched=1, total=2959526, next_cursor=1:75N94023D00001-P00007-759402300004-1
2026-08-05 23:45:01.701 | INFO     | app.funding_intel.providers.grants_gov:initialize:46 - [grants_gov] HTTP client initialised against https://api.grants.gov/v1/api
2026-08-05 23:45:02.762 | INFO     | app.funding_intel.providers.nsf:initialize:50 - [nsf] HTTP client initialised against https://api.nsf.gov/services/v1
2026-08-05 23:45:03.773 | INFO     | app.funding_intel.providers.openalex:initialize:78 - [openalex] HTTP client initialised against https://api.openalex.org (api_key=yes, mailto=funding-intel@research-platform.local)
2026-08-05 23:45:04.614 | INFO     | app.funding_intel.providers.cordis:initialize:51 - [cordis] HTTP client initialised against https://cordis.europa.eu/api
2026-08-06 00:00:00.053 | INFO     | app.funding_intel.providers.nih:initialize:52 - [nih] HTTP client initialised against https://api.reporter.nih.gov/v2
2026-08-06 00:00:00.098 | INFO     | app.patents.providers.google_patents:initialize:52 - [google_patents] HTTP client initialised against https://patents.google.com/xhr
2026-08-06 00:00:00.672 | WARNING  | app.patents.core.http_client:request:97 - [google_patents] HTTP 503 on GET /query (attempt 1/3); retrying in 1.5s
2026-08-06 00:00:01.743 | INFO     | app.funding_intel.providers.nih:fetch_batch:115 - [NIH] offset=0, fetched=1, total=2959526, next_cursor=1:75N94023D00001-P00007-759402300004-1
2026-08-06 00:00:01.791 | INFO     | app.funding_intel.providers.grants_gov:initialize:46 - [grants_gov] HTTP client initialised against https://api.grants.gov/v1/api
2026-08-06 00:00:02.616 | WARNING  | app.patents.core.http_client:request:97 - [google_patents] HTTP 503 on GET /query (attempt 2/3); retrying in 3.0s
2026-08-06 00:00:02.779 | INFO     | app.funding_intel.providers.nsf:initialize:50 - [nsf] HTTP client initialised against https://api.nsf.gov/services/v1
2026-08-06 00:00:03.794 | INFO     | app.funding_intel.providers.openalex:initialize:78 - [openalex] HTTP client initialised against https://api.openalex.org (api_key=yes, mailto=funding-intel@research-platform.local)
2026-08-06 00:00:04.939 | INFO     | app.funding_intel.providers.cordis:initialize:51 - [cordis] HTTP client initialised against https://cordis.europa.eu/api
2026-08-06 00:00:05.914 | WARNING  | app.patents.core.http_client:request:97 - [google_patents] HTTP 503 on GET /query (attempt 3/3); retrying in 6.0s
2026-08-06 00:00:12.682 | INFO     | app.patents.providers.google_patents:fetch_batch:89 - [google_patents] live endpoint unavailable (Server error '503 Service Unavailable' for url 'https://patents.google.com/xhr/query?q=%2A&num=1'
For more information check: https://developer.mozilla.org/en-US/docs/Web/HTTP/Status/503); using curated dataset
2026-08-06 00:00:12.728 | INFO     | app.patents.providers.uspto:initialize:49 - [uspto] HTTP client initialised against https://api.patentsview.org/patents/query
2026-08-06 00:00:14.444 | INFO     | app.patents.providers.uspto:fetch_batch:88 - [uspto] live endpoint unavailable (Non-JSON response (status 200, content-type 'text/html')); using curated dataset
2026-08-06 00:00:14.495 | INFO     | app.patents.providers.the_lens:initialize:53 - [the_lens] HTTP client initialised against https://www.lens.org/lens/api
2026-08-06 00:00:14.497 | INFO     | app.patents.providers.the_lens:fetch_batch:83 - [the_lens] no LENS_API_TOKEN configured; using curated dataset
2026-08-06 09:37:50.890 | INFO     | app.core.logging:setup_logging:26 - Logging initialized for Research Funding & Innovation Intelligence Platform v1.0.0
2026-08-06 09:37:51.086 | INFO     | app.main:lifespan:24 - Starting Research Funding & Innovation Intelligence Platform v1.0.0
2026-08-06 09:37:51.258 | INFO     | app.db:init_db:51 - Database tables created successfully
2026-08-06 09:37:51.931 | INFO     | app.db.mongo:connect_to_mongo:26 - Connected to MongoDB successfully
2026-08-06 09:37:52.004 | INFO     | app.funding_intel.scheduler.jobs:start_scheduler:171 - [scheduler] funding intel background jobs started
2026-08-06 09:37:52.006 | INFO     | app.patents.scheduler.jobs:start_patent_scheduler:148 - [patent-scheduler] patent intel background jobs started
2026-08-06 09:38:11.750 | ERROR    | app.db:get_db:28 - Database session error: 401: Could not validate credentials
2026-08-06 09:38:11.758 | ERROR    | app.db:get_db:28 - Database session error: 401: Could not validate credentials
2026-08-06 09:38:11.767 | ERROR    | app.db:get_db:28 - Database session error: 401: Could not validate credentials
2026-08-06 09:38:11.773 | ERROR    | app.db:get_db:28 - Database session error: 401: Could not validate credentials
2026-08-06 09:38:33.255 | ERROR    | app.db:get_db:28 - Database session error: 401: Invalid credentials
2026-08-06 09:38:38.965 | ERROR    | app.db:get_db:28 - Database session error: 401: Invalid credentials
2026-08-06 09:41:39.943 | INFO     | app.services.recommendation_service:regenerate:208 - Regenerated 10 recommendations for user researcher
2026-08-06 09:41:51.445 | INFO     | app.services.recommendation_service:regenerate:208 - Regenerated 10 recommendations for user researcher
2026-08-06 09:42:05.708 | INFO     | app.services.recommendation_service:regenerate:208 - Regenerated 10 recommendations for user researcher
2026-08-06 09:42:09.312 | INFO     | app.services.recommendation_service:regenerate:208 - Regenerated 10 recommendations for user researcher
2026-08-06 09:42:12.052 | INFO     | app.services.recommendation_service:regenerate:208 - Regenerated 10 recommendations for user researcher
2026-08-06 09:42:14.982 | INFO     | app.services.recommendation_service:regenerate:208 - Regenerated 10 recommendations for user researcher
2026-08-06 09:48:41.272 | INFO     | app.patents.services.dashboard_service:refresh:79 - [patent-dashboard] refreshed; patents=14 avg_score=0.7178 recs=9
2026-08-06 10:08:10.181 | ERROR    | app.db:get_db:28 - Database session error: 401: Invalid credentials
2026-08-06 10:08:30.035 | ERROR    | app.db:get_db:28 - Database session error: 401: Invalid credentials
2026-08-06 10:08:31.194 | ERROR    | app.db:get_db:28 - Database session error: 401: Invalid credentials
2026-08-06 10:10:00.121 | INFO     | app.funding_intel.providers.nih:initialize:52 - [nih] HTTP client initialised against https://api.reporter.nih.gov/v2
2026-08-06 10:10:00.189 | INFO     | app.funding_intel.providers.grants_gov:initialize:46 - [grants_gov] HTTP client initialised against https://api.grants.gov/v1/api
2026-08-06 10:10:00.237 | INFO     | app.funding_intel.providers.nsf:initialize:50 - [nsf] HTTP client initialised against https://api.nsf.gov/services/v1
2026-08-06 10:10:00.287 | INFO     | app.funding_intel.providers.openalex:initialize:78 - [openalex] HTTP client initialised against https://api.openalex.org (api_key=yes, mailto=funding-intel@research-platform.local)
2026-08-06 10:10:00.333 | INFO     | app.funding_intel.providers.cordis:initialize:51 - [cordis] HTTP client initialised against https://cordis.europa.eu/api
2026-08-06 10:10:00.687 | INFO     | app.funding_intel.providers.nih:initialize:52 - [nih] HTTP client initialised against https://api.reporter.nih.gov/v2
2026-08-06 10:10:00.725 | INFO     | app.funding_intel.providers.grants_gov:initialize:46 - [grants_gov] HTTP client initialised against https://api.grants.gov/v1/api
2026-08-06 10:10:00.758 | INFO     | app.funding_intel.providers.nsf:initialize:50 - [nsf] HTTP client initialised against https://api.nsf.gov/services/v1
2026-08-06 10:10:00.791 | INFO     | app.funding_intel.providers.openalex:initialize:78 - [openalex] HTTP client initialised against https://api.openalex.org (api_key=yes, mailto=funding-intel@research-platform.local)
2026-08-06 10:10:00.841 | INFO     | app.funding_intel.providers.cordis:initialize:51 - [cordis] HTTP client initialised against https://cordis.europa.eu/api
2026-08-06 10:11:16.358 | ERROR    | app.db:get_db:28 - Database session error: name 'Patent' is not defined
2026-08-06 10:11:16.365 | ERROR    | app.main:unhandled_exception_handler:121 - Unhandled error: name 'Patent' is not defined
2026-08-06 10:11:16.817 | ERROR    | app.db:get_db:28 - Database session error: name 'Patent' is not defined
2026-08-06 10:11:16.824 | ERROR    | app.main:unhandled_exception_handler:121 - Unhandled error: name 'Patent' is not defined
2026-08-06 10:11:20.497 | ERROR    | app.db:get_db:28 - Database session error: name 'Patent' is not defined
2026-08-06 10:11:20.506 | ERROR    | app.main:unhandled_exception_handler:121 - Unhandled error: name 'Patent' is not defined
2026-08-06 10:11:23.775 | INFO     | app.patents.services.dashboard_service:refresh:79 - [patent-dashboard] refreshed; patents=14 avg_score=0.7178 recs=9
2026-08-06 10:15:00.035 | INFO     | app.funding_intel.providers.nih:initialize:52 - [nih] HTTP client initialised against https://api.reporter.nih.gov/v2
2026-08-06 10:15:03.036 | INFO     | app.funding_intel.providers.nih:fetch_batch:115 - [NIH] offset=0, fetched=1, total=2959526, next_cursor=1:75N94023D00001-P00007-759402300004-1
2026-08-06 10:15:03.077 | INFO     | app.funding_intel.providers.grants_gov:initialize:46 - [grants_gov] HTTP client initialised against https://api.grants.gov/v1/api
2026-08-06 10:15:04.701 | INFO     | app.funding_intel.providers.nsf:initialize:50 - [nsf] HTTP client initialised against https://api.nsf.gov/services/v1
2026-08-06 10:15:06.757 | INFO     | app.funding_intel.providers.openalex:initialize:78 - [openalex] HTTP client initialised against https://api.openalex.org (api_key=yes, mailto=funding-intel@research-platform.local)
2026-08-06 10:15:07.836 | INFO     | app.funding_intel.providers.cordis:initialize:51 - [cordis] HTTP client initialised against https://cordis.europa.eu/api
2026-08-06 10:26:26.734 | INFO     | app.main:lifespan:44 - Shutting down
2026-08-06 10:26:26.738 | INFO     | app.db.mongo:close_mongo_connection:35 - MongoDB connection closed
2026-08-06 10:27:01.866 | INFO     | app.core.logging:setup_logging:26 - Logging initialized for Research Funding & Innovation Intelligence Platform v1.0.0
2026-08-06 10:27:02.316 | INFO     | app.main:lifespan:24 - Starting Research Funding & Innovation Intelligence Platform v1.0.0
2026-08-06 10:27:02.493 | INFO     | app.db:init_db:51 - Database tables created successfully
2026-08-06 10:27:02.533 | INFO     | app.db.mongo:connect_to_mongo:26 - Connected to MongoDB successfully
2026-08-06 10:27:02.550 | INFO     | app.funding_intel.scheduler.jobs:start_scheduler:171 - [scheduler] funding intel background jobs started
2026-08-06 10:27:02.553 | INFO     | app.patents.scheduler.jobs:start_patent_scheduler:148 - [patent-scheduler] patent intel background jobs started
2026-08-06 10:30:00.125 | INFO     | app.patents.providers.google_patents:initialize:52 - [google_patents] HTTP client initialised against https://patents.google.com/xhr
2026-08-06 10:30:00.181 | INFO     | app.funding_intel.providers.nih:initialize:52 - [nih] HTTP client initialised against https://api.reporter.nih.gov/v2
2026-08-06 10:30:00.298 | INFO     | app.main:lifespan:44 - Shutting down
2026-08-06 10:30:00.307 | INFO     | app.db.mongo:close_mongo_connection:35 - MongoDB connection closed
2026-08-06 10:30:01.052 | ERROR    | app.funding_intel.scheduler.jobs:_scheduler_event_listener:122 - [scheduler] job failed: 
2026-08-06 10:30:01.053 | ERROR    | app.patents.scheduler.jobs:_scheduler_event_listener:98 - [patent-scheduler] job failed: 
2026-08-06 10:30:56.321 | INFO     | app.core.logging:setup_logging:26 - Logging initialized for Research Funding & Innovation Intelligence Platform v1.0.0
2026-08-06 10:30:57.012 | INFO     | app.main:lifespan:24 - Starting Research Funding & Innovation Intelligence Platform v1.0.0
2026-08-06 10:30:57.277 | INFO     | app.db:init_db:51 - Database tables created successfully
2026-08-06 10:30:57.384 | INFO     | app.db.mongo:connect_to_mongo:26 - Connected to MongoDB successfully
2026-08-06 10:30:57.438 | INFO     | app.funding_intel.scheduler.jobs:start_scheduler:171 - [scheduler] funding intel background jobs started
2026-08-06 10:30:57.443 | INFO     | app.patents.scheduler.jobs:start_patent_scheduler:148 - [patent-scheduler] patent intel background jobs started
2026-08-06 10:33:16.940 | INFO     | app.main:lifespan:44 - Shutting down
2026-08-06 10:33:16.942 | INFO     | app.db.mongo:close_mongo_connection:35 - MongoDB connection closed
2026-08-06 10:33:59.738 | INFO     | app.core.logging:setup_logging:26 - Logging initialized for Research Funding & Innovation Intelligence Platform v1.0.0
2026-08-06 10:34:00.308 | INFO     | app.main:lifespan:24 - Starting Research Funding & Innovation Intelligence Platform v1.0.0
2026-08-06 10:34:00.507 | INFO     | app.db:init_db:51 - Database tables created successfully
2026-08-06 10:34:00.569 | INFO     | app.db.mongo:connect_to_mongo:26 - Connected to MongoDB successfully
2026-08-06 10:34:00.595 | INFO     | app.funding_intel.scheduler.jobs:start_scheduler:171 - [scheduler] funding intel background jobs started
2026-08-06 10:34:00.600 | INFO     | app.patents.scheduler.jobs:start_patent_scheduler:148 - [patent-scheduler] patent intel background jobs started
2026-08-06 10:38:30.555 | INFO     | app.main:lifespan:44 - Shutting down
2026-08-06 10:38:30.557 | INFO     | app.db.mongo:close_mongo_connection:35 - MongoDB connection closed
2026-08-06 10:38:58.841 | INFO     | app.core.logging:setup_logging:26 - Logging initialized for Research Funding & Innovation Intelligence Platform v1.0.0
2026-08-06 10:38:59.079 | INFO     | app.main:lifespan:24 - Starting Research Funding & Innovation Intelligence Platform v1.0.0
2026-08-06 10:38:59.222 | INFO     | app.db:init_db:51 - Database tables created successfully
2026-08-06 10:38:59.237 | INFO     | app.db.mongo:connect_to_mongo:26 - Connected to MongoDB successfully
2026-08-06 10:38:59.247 | INFO     | app.funding_intel.scheduler.jobs:start_scheduler:171 - [scheduler] funding intel background jobs started
2026-08-06 10:38:59.249 | INFO     | app.patents.scheduler.jobs:start_patent_scheduler:148 - [patent-scheduler] patent intel background jobs started
2026-08-06 10:41:08.701 | INFO     | app.services.recommendation_service:regenerate:208 - Regenerated 500 recommendations for user researcher
2026-08-06 10:41:14.399 | INFO     | app.services.recommendation_service:regenerate:208 - Regenerated 500 recommendations for user researcher
2026-08-06 10:45:00.320 | INFO     | app.funding_intel.providers.nih:initialize:52 - [nih] HTTP client initialised against https://api.reporter.nih.gov/v2
2026-08-06 10:45:03.621 | INFO     | app.funding_intel.providers.nih:fetch_batch:115 - [NIH] offset=0, fetched=1, total=2959526, next_cursor=1:75N94023D00001-P00007-759402300004-1
2026-08-06 10:45:03.903 | INFO     | app.funding_intel.providers.grants_gov:initialize:46 - [grants_gov] HTTP client initialised against https://api.grants.gov/v1/api
2026-08-06 10:45:06.613 | INFO     | app.funding_intel.providers.nsf:initialize:50 - [nsf] HTTP client initialised against https://api.nsf.gov/services/v1
2026-08-06 10:45:08.862 | INFO     | app.funding_intel.providers.openalex:initialize:78 - [openalex] HTTP client initialised against https://api.openalex.org (api_key=yes, mailto=funding-intel@research-platform.local)
2026-08-06 10:45:10.957 | INFO     | app.funding_intel.providers.cordis:initialize:51 - [cordis] HTTP client initialised against https://cordis.europa.eu/api
2026-08-06 10:59:04.427 | INFO     | app.main:lifespan:44 - Shutting down
2026-08-06 10:59:04.430 | INFO     | app.db.mongo:close_mongo_connection:35 - MongoDB connection closed
2026-08-06 10:59:50.606 | INFO     | app.core.logging:setup_logging:26 - Logging initialized for Research Funding & Innovation Intelligence Platform v1.0.0
2026-08-06 10:59:50.781 | INFO     | app.main:lifespan:24 - Starting Research Funding & Innovation Intelligence Platform v1.0.0
2026-08-06 10:59:50.918 | INFO     | app.db:init_db:51 - Database tables created successfully
2026-08-06 10:59:51.354 | INFO     | app.db.mongo:connect_to_mongo:26 - Connected to MongoDB successfully
2026-08-06 10:59:51.389 | INFO     | app.funding_intel.scheduler.jobs:start_scheduler:171 - [scheduler] funding intel background jobs started
2026-08-06 10:59:51.393 | INFO     | app.patents.scheduler.jobs:start_patent_scheduler:148 - [patent-scheduler] patent intel background jobs started
2026-08-06 11:00:00.047 | INFO     | app.funding_intel.providers.nih:initialize:52 - [nih] HTTP client initialised against https://api.reporter.nih.gov/v2
2026-08-06 11:00:00.094 | INFO     | app.patents.providers.the_lens:initialize:91 - [the_lens] HTTP client initialised against https://api.lens.org
2026-08-06 11:00:00.943 | WARNING  | app.patents.providers.lens_client:_post_json:369 - [lens-client] 500 on POST /lens/patent/search (attempt 1/3); retrying in 1.5s
2026-08-06 11:00:01.993 | INFO     | app.funding_intel.providers.nih:fetch_batch:115 - [NIH] offset=0, fetched=1, total=2959526, next_cursor=1:75N94023D00001-P00007-759402300004-1
2026-08-06 11:00:02.022 | INFO     | app.funding_intel.providers.grants_gov:initialize:46 - [grants_gov] HTTP client initialised against https://api.grants.gov/v1/api
2026-08-06 11:00:02.700 | WARNING  | app.patents.providers.lens_client:_post_json:369 - [lens-client] 500 on POST /lens/patent/search (attempt 2/3); retrying in 3.0s
2026-08-06 11:00:02.980 | INFO     | app.funding_intel.providers.nsf:initialize:50 - [nsf] HTTP client initialised against https://api.nsf.gov/services/v1
2026-08-06 11:00:03.980 | INFO     | app.funding_intel.providers.openalex:initialize:78 - [openalex] HTTP client initialised against https://api.openalex.org (api_key=yes, mailto=funding-intel@research-platform.local)
2026-08-06 11:00:05.364 | INFO     | app.funding_intel.providers.cordis:initialize:51 - [cordis] HTTP client initialised against https://cordis.europa.eu/api
2026-08-06 11:00:05.981 | WARNING  | app.patents.providers.lens_client:_post_json:369 - [lens-client] 500 on POST /lens/patent/search (attempt 3/3); retrying in 6.0s
2026-08-06 11:09:07.812 | INFO     | app.main:lifespan:44 - Shutting down
2026-08-06 11:09:07.814 | INFO     | app.db.mongo:close_mongo_connection:35 - MongoDB connection closed
2026-08-06 11:09:32.226 | INFO     | app.core.logging:setup_logging:26 - Logging initialized for Research Funding & Innovation Intelligence Platform v1.0.0
2026-08-06 11:09:32.409 | INFO     | app.main:lifespan:24 - Starting Research Funding & Innovation Intelligence Platform v1.0.0
2026-08-06 11:09:32.536 | INFO     | app.db:init_db:51 - Database tables created successfully
2026-08-06 11:09:32.563 | INFO     | app.db.mongo:connect_to_mongo:26 - Connected to MongoDB successfully
2026-08-06 11:09:32.577 | INFO     | app.funding_intel.scheduler.jobs:start_scheduler:171 - [scheduler] funding intel background jobs started
2026-08-06 11:09:32.582 | INFO     | app.patents.scheduler.jobs:start_patent_scheduler:148 - [patent-scheduler] patent intel background jobs started
2026-08-06 11:15:00.013 | INFO     | app.funding_intel.providers.nih:initialize:52 - [nih] HTTP client initialised against https://api.reporter.nih.gov/v2
2026-08-06 11:15:00.189 | INFO     | app.main:lifespan:44 - Shutting down
2026-08-06 11:15:00.191 | INFO     | app.db.mongo:close_mongo_connection:35 - MongoDB connection closed
2026-08-06 11:15:00.199 | ERROR    | app.funding_intel.scheduler.jobs:_scheduler_event_listener:122 - [scheduler] job failed: 
2026-08-06 11:15:24.747 | INFO     | app.core.logging:setup_logging:26 - Logging initialized for Research Funding & Innovation Intelligence Platform v1.0.0
2026-08-06 11:15:24.923 | INFO     | app.main:lifespan:24 - Starting Research Funding & Innovation Intelligence Platform v1.0.0
2026-08-06 11:15:25.104 | INFO     | app.db:init_db:51 - Database tables created successfully
2026-08-06 11:15:25.139 | INFO     | app.db.mongo:connect_to_mongo:26 - Connected to MongoDB successfully
2026-08-06 11:15:25.145 | INFO     | app.funding_intel.scheduler.jobs:start_scheduler:171 - [scheduler] funding intel background jobs started
2026-08-06 11:15:25.149 | INFO     | app.patents.scheduler.jobs:start_patent_scheduler:148 - [patent-scheduler] patent intel background jobs started
2026-08-06 11:20:02.630 | INFO     | app.main:lifespan:44 - Shutting down
2026-08-06 11:20:02.632 | INFO     | app.db.mongo:close_mongo_connection:35 - MongoDB connection closed
2026-08-06 11:20:27.027 | INFO     | app.core.logging:setup_logging:26 - Logging initialized for Research Funding & Innovation Intelligence Platform v1.0.0
2026-08-06 11:20:27.269 | INFO     | app.main:lifespan:24 - Starting Research Funding & Innovation Intelligence Platform v1.0.0
2026-08-06 11:20:27.406 | INFO     | app.db:init_db:51 - Database tables created successfully
2026-08-06 11:20:27.461 | INFO     | app.db.mongo:connect_to_mongo:26 - Connected to MongoDB successfully
2026-08-06 11:20:27.475 | INFO     | app.funding_intel.scheduler.jobs:start_scheduler:171 - [scheduler] funding intel background jobs started
2026-08-06 11:20:27.479 | INFO     | app.patents.scheduler.jobs:start_patent_scheduler:148 - [patent-scheduler] patent intel background jobs started
2026-08-06 11:21:39.182 | ERROR    | app.db:get_db:28 - Database session error: 401: Could not validate credentials
2026-08-06 11:21:39.193 | ERROR    | app.db:get_db:28 - Database session error: 401: Could not validate credentials
2026-08-06 11:21:39.206 | ERROR    | app.db:get_db:28 - Database session error: 401: Could not validate credentials
2026-08-06 11:21:39.215 | ERROR    | app.db:get_db:28 - Database session error: 401: Could not validate credentials
2026-08-06 11:21:42.070 | ERROR    | app.db:get_db:28 - Database session error: (psycopg2.errors.UndefinedColumn) column patents.applicant_names does not exist
LINE 1: SELECT patents.applicant_names AS patents_applicant_names 
               ^

[SQL: SELECT patents.applicant_names AS patents_applicant_names 
FROM patents 
WHERE patents.applicant_names IS NOT NULL]
(Background on this error at: https://sqlalche.me/e/20/f405)
2026-08-06 11:21:42.078 | ERROR    | app.main:unhandled_exception_handler:121 - Unhandled error: (psycopg2.errors.UndefinedColumn) column patents.applicant_names does not exist
LINE 1: SELECT patents.applicant_names AS patents_applicant_names 
               ^

[SQL: SELECT patents.applicant_names AS patents_applicant_names 
FROM patents 
WHERE patents.applicant_names IS NOT NULL]
(Background on this error at: https://sqlalche.me/e/20/f405)
2026-08-06 11:21:42.323 | ERROR    | app.db:get_db:28 - Database session error: (psycopg2.errors.UndefinedColumn) column patents.applicant_names does not exist
LINE 1: SELECT patents.applicant_names AS patents_applicant_names 
               ^

[SQL: SELECT patents.applicant_names AS patents_applicant_names 
FROM patents 
WHERE patents.applicant_names IS NOT NULL]
(Background on this error at: https://sqlalche.me/e/20/f405)
2026-08-06 11:21:42.330 | ERROR    | app.main:unhandled_exception_handler:121 - Unhandled error: (psycopg2.errors.UndefinedColumn) column patents.applicant_names does not exist
LINE 1: SELECT patents.applicant_names AS patents_applicant_names 
               ^

[SQL: SELECT patents.applicant_names AS patents_applicant_names 
FROM patents 
WHERE patents.applicant_names IS NOT NULL]
(Background on this error at: https://sqlalche.me/e/20/f405)
2026-08-06 11:21:49.953 | ERROR    | app.db:get_db:28 - Database session error: (psycopg2.errors.UndefinedColumn) column patents.applicant_names does not exist
LINE 1: SELECT patents.applicant_names AS patents_applicant_names 
               ^

[SQL: SELECT patents.applicant_names AS patents_applicant_names 
FROM patents 
WHERE patents.applicant_names IS NOT NULL]
(Background on this error at: https://sqlalche.me/e/20/f405)
2026-08-06 11:21:50.064 | ERROR    | app.main:unhandled_exception_handler:121 - Unhandled error: (psycopg2.errors.UndefinedColumn) column patents.applicant_names does not exist
LINE 1: SELECT patents.applicant_names AS patents_applicant_names 
               ^

[SQL: SELECT patents.applicant_names AS patents_applicant_names 
FROM patents 
WHERE patents.applicant_names IS NOT NULL]
(Background on this error at: https://sqlalche.me/e/20/f405)
2026-08-06 11:21:51.469 | ERROR    | app.db:get_db:28 - Database session error: (psycopg2.errors.UndefinedColumn) column patents.applicant_names does not exist
LINE 1: SELECT patents.applicant_names AS patents_applicant_names 
               ^

[SQL: SELECT patents.applicant_names AS patents_applicant_names 
FROM patents 
WHERE patents.applicant_names IS NOT NULL]
(Background on this error at: https://sqlalche.me/e/20/f405)
2026-08-06 11:21:51.596 | ERROR    | app.main:unhandled_exception_handler:121 - Unhandled error: (psycopg2.errors.UndefinedColumn) column patents.applicant_names does not exist
LINE 1: SELECT patents.applicant_names AS patents_applicant_names 
               ^

[SQL: SELECT patents.applicant_names AS patents_applicant_names 
FROM patents 
WHERE patents.applicant_names IS NOT NULL]
(Background on this error at: https://sqlalche.me/e/20/f405)
2026-08-06 11:22:02.390 | ERROR    | app.db:get_db:28 - Database session error: (psycopg2.errors.UndefinedColumn) column patents.applicant_names does not exist
LINE 1: SELECT patents.applicant_names AS patents_applicant_names 
               ^

[SQL: SELECT patents.applicant_names AS patents_applicant_names 
FROM patents 
WHERE patents.applicant_names IS NOT NULL]
(Background on this error at: https://sqlalche.me/e/20/f405)
2026-08-06 11:22:02.396 | ERROR    | app.main:unhandled_exception_handler:121 - Unhandled error: (psycopg2.errors.UndefinedColumn) column patents.applicant_names does not exist
LINE 1: SELECT patents.applicant_names AS patents_applicant_names 
               ^

[SQL: SELECT patents.applicant_names AS patents_applicant_names 
FROM patents 
WHERE patents.applicant_names IS NOT NULL]
(Background on this error at: https://sqlalche.me/e/20/f405)
2026-08-06 11:22:04.515 | ERROR    | app.db:get_db:28 - Database session error: (psycopg2.errors.UndefinedColumn) column patents.applicant_names does not exist
LINE 1: SELECT patents.applicant_names AS patents_applicant_names 
               ^

[SQL: SELECT patents.applicant_names AS patents_applicant_names 
FROM patents 
WHERE patents.applicant_names IS NOT NULL]
(Background on this error at: https://sqlalche.me/e/20/f405)
2026-08-06 11:22:04.853 | ERROR    | app.main:unhandled_exception_handler:121 - Unhandled error: (psycopg2.errors.UndefinedColumn) column patents.applicant_names does not exist
LINE 1: SELECT patents.applicant_names AS patents_applicant_names 
               ^

[SQL: SELECT patents.applicant_names AS patents_applicant_names 
FROM patents 
WHERE patents.applicant_names IS NOT NULL]
(Background on this error at: https://sqlalche.me/e/20/f405)
2026-08-06 11:22:18.257 | ERROR    | app.db:get_db:28 - Database session error: (psycopg2.errors.UndefinedColumn) column patents.applicant_names does not exist
LINE 1: SELECT patents.applicant_names AS patents_applicant_names 
               ^

[SQL: SELECT patents.applicant_names AS patents_applicant_names 
FROM patents 
WHERE patents.applicant_names IS NOT NULL]
(Background on this error at: https://sqlalche.me/e/20/f405)
2026-08-06 11:22:18.460 | ERROR    | app.main:unhandled_exception_handler:121 - Unhandled error: (psycopg2.errors.UndefinedColumn) column patents.applicant_names does not exist
LINE 1: SELECT patents.applicant_names AS patents_applicant_names 
               ^

[SQL: SELECT patents.applicant_names AS patents_applicant_names 
FROM patents 
WHERE patents.applicant_names IS NOT NULL]
(Background on this error at: https://sqlalche.me/e/20/f405)
2026-08-06 11:22:25.087 | ERROR    | app.db:get_db:28 - Database session error: (psycopg2.errors.UndefinedColumn) column patents.applicant_names does not exist
LINE 1: SELECT patents.applicant_names AS patents_applicant_names 
               ^

[SQL: SELECT patents.applicant_names AS patents_applicant_names 
FROM patents 
WHERE patents.applicant_names IS NOT NULL]
(Background on this error at: https://sqlalche.me/e/20/f405)
2026-08-06 11:22:25.401 | ERROR    | app.main:unhandled_exception_handler:121 - Unhandled error: (psycopg2.errors.UndefinedColumn) column patents.applicant_names does not exist
LINE 1: SELECT patents.applicant_names AS patents_applicant_names 
               ^

[SQL: SELECT patents.applicant_names AS patents_applicant_names 
FROM patents 
WHERE patents.applicant_names IS NOT NULL]
(Background on this error at: https://sqlalche.me/e/20/f405)
2026-08-06 11:22:31.026 | ERROR    | app.db:get_db:28 - Database session error: (psycopg2.errors.UndefinedColumn) column patents.applicant_names does not exist
LINE 1: SELECT patents.applicant_names AS patents_applicant_names 
               ^

[SQL: SELECT patents.applicant_names AS patents_applicant_names 
FROM patents 
WHERE patents.applicant_names IS NOT NULL]
(Background on this error at: https://sqlalche.me/e/20/f405)
2026-08-06 11:22:31.037 | ERROR    | app.main:unhandled_exception_handler:121 - Unhandled error: (psycopg2.errors.UndefinedColumn) column patents.applicant_names does not exist
LINE 1: SELECT patents.applicant_names AS patents_applicant_names 
               ^

[SQL: SELECT patents.applicant_names AS patents_applicant_names 
FROM patents 
WHERE patents.applicant_names IS NOT NULL]
(Background on this error at: https://sqlalche.me/e/20/f405)
2026-08-06 11:22:31.367 | INFO     | app.services.recommendation_service:regenerate:208 - Regenerated 0 recommendations for user admin
2026-08-06 11:22:31.574 | ERROR    | app.db:get_db:28 - Database session error: (psycopg2.errors.UndefinedColumn) column patents.applicant_names does not exist
LINE 1: SELECT patents.applicant_names AS patents_applicant_names 
               ^

[SQL: SELECT patents.applicant_names AS patents_applicant_names 
FROM patents 
WHERE patents.applicant_names IS NOT NULL]
(Background on this error at: https://sqlalche.me/e/20/f405)
2026-08-06 11:22:31.583 | ERROR    | app.main:unhandled_exception_handler:121 - Unhandled error: (psycopg2.errors.UndefinedColumn) column patents.applicant_names does not exist
LINE 1: SELECT patents.applicant_names AS patents_applicant_names 
               ^

[SQL: SELECT patents.applicant_names AS patents_applicant_names 
FROM patents 
WHERE patents.applicant_names IS NOT NULL]
(Background on this error at: https://sqlalche.me/e/20/f405)
2026-08-06 11:22:32.536 | INFO     | app.services.recommendation_service:regenerate:208 - Regenerated 0 recommendations for user admin
2026-08-06 11:22:42.500 | ERROR    | app.db:get_db:28 - Database session error: (psycopg2.errors.UndefinedColumn) column patents.applicant_names does not exist
LINE 1: SELECT patents.applicant_names AS patents_applicant_names 
               ^

[SQL: SELECT patents.applicant_names AS patents_applicant_names 
FROM patents 
WHERE patents.applicant_names IS NOT NULL]
(Background on this error at: https://sqlalche.me/e/20/f405)
2026-08-06 11:22:42.784 | ERROR    | app.main:unhandled_exception_handler:121 - Unhandled error: (psycopg2.errors.UndefinedColumn) column patents.applicant_names does not exist
LINE 1: SELECT patents.applicant_names AS patents_applicant_names 
               ^

[SQL: SELECT patents.applicant_names AS patents_applicant_names 
FROM patents 
WHERE patents.applicant_names IS NOT NULL]
(Background on this error at: https://sqlalche.me/e/20/f405)
2026-08-06 11:22:43.537 | ERROR    | app.db:get_db:28 - Database session error: (psycopg2.errors.UndefinedColumn) column patents.applicant_names does not exist
LINE 1: SELECT patents.applicant_names AS patents_applicant_names 
               ^

[SQL: SELECT patents.applicant_names AS patents_applicant_names 
FROM patents 
WHERE patents.applicant_names IS NOT NULL]
(Background on this error at: https://sqlalche.me/e/20/f405)
2026-08-06 11:22:43.713 | ERROR    | app.main:unhandled_exception_handler:121 - Unhandled error: (psycopg2.errors.UndefinedColumn) column patents.applicant_names does not exist
LINE 1: SELECT patents.applicant_names AS patents_applicant_names 
               ^

[SQL: SELECT patents.applicant_names AS patents_applicant_names 
FROM patents 
WHERE patents.applicant_names IS NOT NULL]
(Background on this error at: https://sqlalche.me/e/20/f405)
2026-08-06 11:22:52.182 | ERROR    | app.db:get_db:28 - Database session error: (psycopg2.errors.UndefinedColumn) column patents.applicant_names does not exist
LINE 1: SELECT patents.applicant_names AS patents_applicant_names 
               ^

[SQL: SELECT patents.applicant_names AS patents_applicant_names 
FROM patents 
WHERE patents.applicant_names IS NOT NULL]
(Background on this error at: https://sqlalche.me/e/20/f405)
2026-08-06 11:22:53.236 | ERROR    | app.main:unhandled_exception_handler:121 - Unhandled error: (psycopg2.errors.UndefinedColumn) column patents.applicant_names does not exist
LINE 1: SELECT patents.applicant_names AS patents_applicant_names 
               ^

[SQL: SELECT patents.applicant_names AS patents_applicant_names 
FROM patents 
WHERE patents.applicant_names IS NOT NULL]
(Background on this error at: https://sqlalche.me/e/20/f405)
2026-08-06 11:22:59.251 | ERROR    | app.db:get_db:28 - Database session error: (psycopg2.errors.UndefinedColumn) column patents.applicant_names does not exist
LINE 1: SELECT patents.applicant_names AS patents_applicant_names 
               ^

[SQL: SELECT patents.applicant_names AS patents_applicant_names 
FROM patents 
WHERE patents.applicant_names IS NOT NULL]
(Background on this error at: https://sqlalche.me/e/20/f405)
2026-08-06 11:22:59.799 | ERROR    | app.main:unhandled_exception_handler:121 - Unhandled error: (psycopg2.errors.UndefinedColumn) column patents.applicant_names does not exist
LINE 1: SELECT patents.applicant_names AS patents_applicant_names 
               ^

[SQL: SELECT patents.applicant_names AS patents_applicant_names 
FROM patents 
WHERE patents.applicant_names IS NOT NULL]
(Background on this error at: https://sqlalche.me/e/20/f405)
2026-08-06 11:23:01.500 | ERROR    | app.db:get_db:28 - Database session error: (psycopg2.errors.UndefinedColumn) column patents.applicant_names does not exist
LINE 1: SELECT patents.applicant_names AS patents_applicant_names 
               ^

[SQL: SELECT patents.applicant_names AS patents_applicant_names 
FROM patents 
WHERE patents.applicant_names IS NOT NULL]
(Background on this error at: https://sqlalche.me/e/20/f405)
2026-08-06 11:23:02.131 | ERROR    | app.main:unhandled_exception_handler:121 - Unhandled error: (psycopg2.errors.UndefinedColumn) column patents.applicant_names does not exist
LINE 1: SELECT patents.applicant_names AS patents_applicant_names 
               ^

[SQL: SELECT patents.applicant_names AS patents_applicant_names 
FROM patents 
WHERE patents.applicant_names IS NOT NULL]
(Background on this error at: https://sqlalche.me/e/20/f405)
2026-08-06 11:23:06.565 | ERROR    | app.db:get_db:28 - Database session error: (psycopg2.errors.UndefinedColumn) column patents.applicant_names does not exist
LINE 1: SELECT patents.applicant_names AS patents_applicant_names 
               ^

[SQL: SELECT patents.applicant_names AS patents_applicant_names 
FROM patents 
WHERE patents.applicant_names IS NOT NULL]
(Background on this error at: https://sqlalche.me/e/20/f405)
2026-08-06 11:23:07.165 | ERROR    | app.main:unhandled_exception_handler:121 - Unhandled error: (psycopg2.errors.UndefinedColumn) column patents.applicant_names does not exist
LINE 1: SELECT patents.applicant_names AS patents_applicant_names 
               ^

[SQL: SELECT patents.applicant_names AS patents_applicant_names 
FROM patents 
WHERE patents.applicant_names IS NOT NULL]
(Background on this error at: https://sqlalche.me/e/20/f405)
2026-08-06 11:23:08.455 | ERROR    | app.db:get_db:28 - Database session error: (psycopg2.errors.UndefinedColumn) column patents.applicant_names does not exist
LINE 1: SELECT patents.applicant_names AS patents_applicant_names 
               ^

[SQL: SELECT patents.applicant_names AS patents_applicant_names 
FROM patents 
WHERE patents.applicant_names IS NOT NULL]
(Background on this error at: https://sqlalche.me/e/20/f405)
2026-08-06 11:23:08.724 | ERROR    | app.main:unhandled_exception_handler:121 - Unhandled error: (psycopg2.errors.UndefinedColumn) column patents.applicant_names does not exist
LINE 1: SELECT patents.applicant_names AS patents_applicant_names 
               ^

[SQL: SELECT patents.applicant_names AS patents_applicant_names 
FROM patents 
WHERE patents.applicant_names IS NOT NULL]
(Background on this error at: https://sqlalche.me/e/20/f405)
2026-08-06 11:23:09.484 | ERROR    | app.db:get_db:28 - Database session error: (psycopg2.errors.UndefinedColumn) column patents.applicant_names does not exist
LINE 1: SELECT patents.applicant_names AS patents_applicant_names 
               ^

[SQL: SELECT patents.applicant_names AS patents_applicant_names 
FROM patents 
WHERE patents.applicant_names IS NOT NULL]
(Background on this error at: https://sqlalche.me/e/20/f405)
2026-08-06 11:23:09.487 | ERROR    | app.main:unhandled_exception_handler:121 - Unhandled error: (psycopg2.errors.UndefinedColumn) column patents.applicant_names does not exist
LINE 1: SELECT patents.applicant_names AS patents_applicant_names 
               ^

[SQL: SELECT patents.applicant_names AS patents_applicant_names 
FROM patents 
WHERE patents.applicant_names IS NOT NULL]
(Background on this error at: https://sqlalche.me/e/20/f405)
2026-08-06 11:26:11.600 | ERROR    | app.db:get_db:28 - Database session error: (psycopg2.errors.UndefinedColumn) column patents.applicant_names does not exist
LINE 1: SELECT patents.applicant_names AS patents_applicant_names 
               ^

[SQL: SELECT patents.applicant_names AS patents_applicant_names 
FROM patents 
WHERE patents.applicant_names IS NOT NULL]
(Background on this error at: https://sqlalche.me/e/20/f405)
2026-08-06 11:26:11.603 | ERROR    | app.main:unhandled_exception_handler:121 - Unhandled error: (psycopg2.errors.UndefinedColumn) column patents.applicant_names does not exist
LINE 1: SELECT patents.applicant_names AS patents_applicant_names 
               ^

[SQL: SELECT patents.applicant_names AS patents_applicant_names 
FROM patents 
WHERE patents.applicant_names IS NOT NULL]
(Background on this error at: https://sqlalche.me/e/20/f405)
2026-08-06 11:26:11.752 | ERROR    | app.db:get_db:28 - Database session error: (psycopg2.errors.UndefinedColumn) column patents.applicant_names does not exist
LINE 1: SELECT patents.applicant_names AS patents_applicant_names 
               ^

[SQL: SELECT patents.applicant_names AS patents_applicant_names 
FROM patents 
WHERE patents.applicant_names IS NOT NULL]
(Background on this error at: https://sqlalche.me/e/20/f405)
2026-08-06 11:26:11.756 | ERROR    | app.main:unhandled_exception_handler:121 - Unhandled error: (psycopg2.errors.UndefinedColumn) column patents.applicant_names does not exist
LINE 1: SELECT patents.applicant_names AS patents_applicant_names 
               ^

[SQL: SELECT patents.applicant_names AS patents_applicant_names 
FROM patents 
WHERE patents.applicant_names IS NOT NULL]
(Background on this error at: https://sqlalche.me/e/20/f405)
2026-08-06 11:26:26.070 | ERROR    | app.db:get_db:28 - Database session error: (psycopg2.errors.UndefinedColumn) column patents.applicant_names does not exist
LINE 1: SELECT patents.applicant_names AS patents_applicant_names 
               ^

[SQL: SELECT patents.applicant_names AS patents_applicant_names 
FROM patents 
WHERE patents.applicant_names IS NOT NULL]
(Background on this error at: https://sqlalche.me/e/20/f405)
2026-08-06 11:26:26.077 | ERROR    | app.main:unhandled_exception_handler:121 - Unhandled error: (psycopg2.errors.UndefinedColumn) column patents.applicant_names does not exist
LINE 1: SELECT patents.applicant_names AS patents_applicant_names 
               ^

[SQL: SELECT patents.applicant_names AS patents_applicant_names 
FROM patents 
WHERE patents.applicant_names IS NOT NULL]
(Background on this error at: https://sqlalche.me/e/20/f405)
2026-08-06 11:26:26.388 | ERROR    | app.db:get_db:28 - Database session error: (psycopg2.errors.UndefinedColumn) column patents.applicant_names does not exist
LINE 1: SELECT patents.applicant_names AS patents_applicant_names 
               ^

[SQL: SELECT patents.applicant_names AS patents_applicant_names 
FROM patents 
WHERE patents.applicant_names IS NOT NULL]
(Background on this error at: https://sqlalche.me/e/20/f405)
2026-08-06 11:26:26.409 | ERROR    | app.main:unhandled_exception_handler:121 - Unhandled error: (psycopg2.errors.UndefinedColumn) column patents.applicant_names does not exist
LINE 1: SELECT patents.applicant_names AS patents_applicant_names 
               ^

[SQL: SELECT patents.applicant_names AS patents_applicant_names 
FROM patents 
WHERE patents.applicant_names IS NOT NULL]
(Background on this error at: https://sqlalche.me/e/20/f405)
2026-08-06 11:26:26.437 | ERROR    | app.db:get_db:28 - Database session error: (psycopg2.errors.UndefinedColumn) column patents.applicant_names does not exist
LINE 1: SELECT patents.applicant_names AS patents_applicant_names 
               ^

[SQL: SELECT patents.applicant_names AS patents_applicant_names 
FROM patents 
WHERE patents.applicant_names IS NOT NULL]
(Background on this error at: https://sqlalche.me/e/20/f405)
2026-08-06 11:26:26.442 | ERROR    | app.main:unhandled_exception_handler:121 - Unhandled error: (psycopg2.errors.UndefinedColumn) column patents.applicant_names does not exist
LINE 1: SELECT patents.applicant_names AS patents_applicant_names 
               ^

[SQL: SELECT patents.applicant_names AS patents_applicant_names 
FROM patents 
WHERE patents.applicant_names IS NOT NULL]
(Background on this error at: https://sqlalche.me/e/20/f405)
2026-08-06 11:26:26.574 | ERROR    | app.db:get_db:28 - Database session error: (psycopg2.errors.UndefinedColumn) column patents.applicant_names does not exist
LINE 1: SELECT patents.applicant_names AS patents_applicant_names 
               ^

[SQL: SELECT patents.applicant_names AS patents_applicant_names 
FROM patents 
WHERE patents.applicant_names IS NOT NULL]
(Background on this error at: https://sqlalche.me/e/20/f405)
2026-08-06 11:26:26.576 | ERROR    | app.main:unhandled_exception_handler:121 - Unhandled error: (psycopg2.errors.UndefinedColumn) column patents.applicant_names does not exist
LINE 1: SELECT patents.applicant_names AS patents_applicant_names 
               ^

[SQL: SELECT patents.applicant_names AS patents_applicant_names 
FROM patents 
WHERE patents.applicant_names IS NOT NULL]
(Background on this error at: https://sqlalche.me/e/20/f405)
2026-08-06 11:26:40.352 | ERROR    | app.db:get_db:28 - Database session error: (psycopg2.errors.UndefinedColumn) column patents.applicant_names does not exist
LINE 1: SELECT patents.applicant_names AS patents_applicant_names 
               ^

[SQL: SELECT patents.applicant_names AS patents_applicant_names 
FROM patents 
WHERE patents.applicant_names IS NOT NULL]
(Background on this error at: https://sqlalche.me/e/20/f405)
2026-08-06 11:26:40.358 | ERROR    | app.main:unhandled_exception_handler:121 - Unhandled error: (psycopg2.errors.UndefinedColumn) column patents.applicant_names does not exist
LINE 1: SELECT patents.applicant_names AS patents_applicant_names 
               ^

[SQL: SELECT patents.applicant_names AS patents_applicant_names 
FROM patents 
WHERE patents.applicant_names IS NOT NULL]
(Background on this error at: https://sqlalche.me/e/20/f405)
2026-08-06 11:26:40.572 | ERROR    | app.db:get_db:28 - Database session error: (psycopg2.errors.UndefinedColumn) column patents.applicant_names does not exist
LINE 1: SELECT patents.applicant_names AS patents_applicant_names 
               ^

[SQL: SELECT patents.applicant_names AS patents_applicant_names 
FROM patents 
WHERE patents.applicant_names IS NOT NULL]
(Background on this error at: https://sqlalche.me/e/20/f405)
2026-08-06 11:26:40.574 | ERROR    | app.main:unhandled_exception_handler:121 - Unhandled error: (psycopg2.errors.UndefinedColumn) column patents.applicant_names does not exist
LINE 1: SELECT patents.applicant_names AS patents_applicant_names 
               ^

[SQL: SELECT patents.applicant_names AS patents_applicant_names 
FROM patents 
WHERE patents.applicant_names IS NOT NULL]
(Background on this error at: https://sqlalche.me/e/20/f405)
2026-08-06 11:26:44.130 | ERROR    | app.db:get_db:28 - Database session error: (psycopg2.errors.UndefinedColumn) column patents.applicant_names does not exist
LINE 1: SELECT patents.applicant_names AS patents_applicant_names 
               ^

[SQL: SELECT patents.applicant_names AS patents_applicant_names 
FROM patents 
WHERE patents.applicant_names IS NOT NULL]
(Background on this error at: https://sqlalche.me/e/20/f405)
2026-08-06 11:26:44.133 | ERROR    | app.main:unhandled_exception_handler:121 - Unhandled error: (psycopg2.errors.UndefinedColumn) column patents.applicant_names does not exist
LINE 1: SELECT patents.applicant_names AS patents_applicant_names 
               ^

[SQL: SELECT patents.applicant_names AS patents_applicant_names 
FROM patents 
WHERE patents.applicant_names IS NOT NULL]
(Background on this error at: https://sqlalche.me/e/20/f405)
2026-08-06 11:26:45.135 | ERROR    | app.db:get_db:28 - Database session error: (psycopg2.errors.UndefinedColumn) column patents.applicant_names does not exist
LINE 1: SELECT patents.applicant_names AS patents_applicant_names 
               ^

[SQL: SELECT patents.applicant_names AS patents_applicant_names 
FROM patents 
WHERE patents.applicant_names IS NOT NULL]
(Background on this error at: https://sqlalche.me/e/20/f405)
2026-08-06 11:26:45.140 | ERROR    | app.main:unhandled_exception_handler:121 - Unhandled error: (psycopg2.errors.UndefinedColumn) column patents.applicant_names does not exist
LINE 1: SELECT patents.applicant_names AS patents_applicant_names 
               ^

[SQL: SELECT patents.applicant_names AS patents_applicant_names 
FROM patents 
WHERE patents.applicant_names IS NOT NULL]
(Background on this error at: https://sqlalche.me/e/20/f405)
2026-08-06 11:26:53.562 | INFO     | app.funding_intel.providers.nih:initialize:52 - [nih] HTTP client initialised against https://api.reporter.nih.gov/v2
2026-08-06 11:26:53.584 | INFO     | app.funding_intel.providers.grants_gov:initialize:46 - [grants_gov] HTTP client initialised against https://api.grants.gov/v1/api
2026-08-06 11:26:53.604 | INFO     | app.funding_intel.providers.nsf:initialize:50 - [nsf] HTTP client initialised against https://api.nsf.gov/services/v1
2026-08-06 11:26:53.624 | INFO     | app.funding_intel.providers.openalex:initialize:78 - [openalex] HTTP client initialised against https://api.openalex.org (api_key=yes, mailto=funding-intel@research-platform.local)
2026-08-06 11:26:53.648 | INFO     | app.funding_intel.providers.cordis:initialize:51 - [cordis] HTTP client initialised against https://cordis.europa.eu/api
2026-08-06 11:26:53.922 | INFO     | app.funding_intel.providers.nih:initialize:52 - [nih] HTTP client initialised against https://api.reporter.nih.gov/v2
2026-08-06 11:26:53.936 | INFO     | app.funding_intel.providers.grants_gov:initialize:46 - [grants_gov] HTTP client initialised against https://api.grants.gov/v1/api
2026-08-06 11:26:53.948 | INFO     | app.funding_intel.providers.nsf:initialize:50 - [nsf] HTTP client initialised against https://api.nsf.gov/services/v1
2026-08-06 11:26:53.958 | INFO     | app.funding_intel.providers.openalex:initialize:78 - [openalex] HTTP client initialised against https://api.openalex.org (api_key=yes, mailto=funding-intel@research-platform.local)
2026-08-06 11:26:53.971 | INFO     | app.funding_intel.providers.cordis:initialize:51 - [cordis] HTTP client initialised against https://cordis.europa.eu/api
2026-08-06 11:26:58.955 | ERROR    | app.db:get_db:28 - Database session error: (psycopg2.errors.UndefinedColumn) column patents.applicant_names does not exist
LINE 1: SELECT patents.applicant_names AS patents_applicant_names 
               ^

[SQL: SELECT patents.applicant_names AS patents_applicant_names 
FROM patents 
WHERE patents.applicant_names IS NOT NULL]
(Background on this error at: https://sqlalche.me/e/20/f405)
2026-08-06 11:26:58.959 | ERROR    | app.main:unhandled_exception_handler:121 - Unhandled error: (psycopg2.errors.UndefinedColumn) column patents.applicant_names does not exist
LINE 1: SELECT patents.applicant_names AS patents_applicant_names 
               ^

[SQL: SELECT patents.applicant_names AS patents_applicant_names 
FROM patents 
WHERE patents.applicant_names IS NOT NULL]
(Background on this error at: https://sqlalche.me/e/20/f405)
2026-08-06 11:26:59.008 | ERROR    | app.db:get_db:28 - Database session error: (psycopg2.errors.UndefinedColumn) column patents.applicant_names does not exist
LINE 1: SELECT patents.applicant_names AS patents_applicant_names 
               ^

[SQL: SELECT patents.applicant_names AS patents_applicant_names 
FROM patents 
WHERE patents.applicant_names IS NOT NULL]
(Background on this error at: https://sqlalche.me/e/20/f405)
2026-08-06 11:26:59.012 | ERROR    | app.main:unhandled_exception_handler:121 - Unhandled error: (psycopg2.errors.UndefinedColumn) column patents.applicant_names does not exist
LINE 1: SELECT patents.applicant_names AS patents_applicant_names 
               ^

[SQL: SELECT patents.applicant_names AS patents_applicant_names 
FROM patents 
WHERE patents.applicant_names IS NOT NULL]
(Background on this error at: https://sqlalche.me/e/20/f405)
2026-08-06 11:27:00.220 | ERROR    | app.db:get_db:28 - Database session error: (psycopg2.errors.UndefinedColumn) column patents.applicant_names does not exist
LINE 1: SELECT patents.applicant_names AS patents_applicant_names 
               ^

[SQL: SELECT patents.applicant_names AS patents_applicant_names 
FROM patents 
WHERE patents.applicant_names IS NOT NULL]
(Background on this error at: https://sqlalche.me/e/20/f405)
2026-08-06 11:27:00.225 | ERROR    | app.main:unhandled_exception_handler:121 - Unhandled error: (psycopg2.errors.UndefinedColumn) column patents.applicant_names does not exist
LINE 1: SELECT patents.applicant_names AS patents_applicant_names 
               ^

[SQL: SELECT patents.applicant_names AS patents_applicant_names 
FROM patents 
WHERE patents.applicant_names IS NOT NULL]
(Background on this error at: https://sqlalche.me/e/20/f405)
2026-08-06 11:27:00.284 | ERROR    | app.db:get_db:28 - Database session error: (psycopg2.errors.UndefinedColumn) column patents.applicant_names does not exist
LINE 1: SELECT patents.applicant_names AS patents_applicant_names 
               ^

[SQL: SELECT patents.applicant_names AS patents_applicant_names 
FROM patents 
WHERE patents.applicant_names IS NOT NULL]
(Background on this error at: https://sqlalche.me/e/20/f405)
2026-08-06 11:27:00.297 | ERROR    | app.main:unhandled_exception_handler:121 - Unhandled error: (psycopg2.errors.UndefinedColumn) column patents.applicant_names does not exist
LINE 1: SELECT patents.applicant_names AS patents_applicant_names 
               ^

[SQL: SELECT patents.applicant_names AS patents_applicant_names 
FROM patents 
WHERE patents.applicant_names IS NOT NULL]
(Background on this error at: https://sqlalche.me/e/20/f405)
2026-08-06 11:27:02.647 | ERROR    | app.db:get_db:28 - Database session error: (psycopg2.errors.UndefinedColumn) column patents.applicant_names does not exist
LINE 1: SELECT patents.applicant_names AS patents_applicant_names 
               ^

[SQL: SELECT patents.applicant_names AS patents_applicant_names 
FROM patents 
WHERE patents.applicant_names IS NOT NULL]
(Background on this error at: https://sqlalche.me/e/20/f405)
2026-08-06 11:27:02.652 | ERROR    | app.main:unhandled_exception_handler:121 - Unhandled error: (psycopg2.errors.UndefinedColumn) column patents.applicant_names does not exist
LINE 1: SELECT patents.applicant_names AS patents_applicant_names 
               ^

[SQL: SELECT patents.applicant_names AS patents_applicant_names 
FROM patents 
WHERE patents.applicant_names IS NOT NULL]
(Background on this error at: https://sqlalche.me/e/20/f405)
2026-08-06 11:27:02.863 | ERROR    | app.db:get_db:28 - Database session error: (psycopg2.errors.UndefinedColumn) column patents.applicant_names does not exist
LINE 1: SELECT patents.applicant_names AS patents_applicant_names 
               ^

[SQL: SELECT patents.applicant_names AS patents_applicant_names 
FROM patents 
WHERE patents.applicant_names IS NOT NULL]
(Background on this error at: https://sqlalche.me/e/20/f405)
2026-08-06 11:27:02.868 | ERROR    | app.main:unhandled_exception_handler:121 - Unhandled error: (psycopg2.errors.UndefinedColumn) column patents.applicant_names does not exist
LINE 1: SELECT patents.applicant_names AS patents_applicant_names 
               ^

[SQL: SELECT patents.applicant_names AS patents_applicant_names 
FROM patents 
WHERE patents.applicant_names IS NOT NULL]
(Background on this error at: https://sqlalche.me/e/20/f405)
2026-08-06 11:28:28.303 | ERROR    | app.db:get_db:28 - Database session error: 401: Invalid credentials
2026-08-06 11:28:39.546 | ERROR    | app.db:get_db:28 - Database session error: 401: Invalid credentials
2026-08-06 11:29:07.895 | INFO     | app.services.recommendation_service:regenerate:208 - Regenerated 0 recommendations for user admin
2026-08-06 11:29:08.364 | ERROR    | app.db:get_db:28 - Database session error: (psycopg2.errors.UndefinedColumn) column patents.applicant_names does not exist
LINE 1: SELECT patents.applicant_names AS patents_applicant_names 
               ^

[SQL: SELECT patents.applicant_names AS patents_applicant_names 
FROM patents 
WHERE patents.applicant_names IS NOT NULL]
(Background on this error at: https://sqlalche.me/e/20/f405)
2026-08-06 11:29:08.366 | ERROR    | app.main:unhandled_exception_handler:121 - Unhandled error: (psycopg2.errors.UndefinedColumn) column patents.applicant_names does not exist
LINE 1: SELECT patents.applicant_names AS patents_applicant_names 
               ^

[SQL: SELECT patents.applicant_names AS patents_applicant_names 
FROM patents 
WHERE patents.applicant_names IS NOT NULL]
(Background on this error at: https://sqlalche.me/e/20/f405)
2026-08-06 11:30:00.039 | INFO     | app.patents.providers.the_lens:initialize:121 - [the_lens] HTTP client initialised against https://api.lens.org
2026-08-06 11:30:00.049 | INFO     | app.funding_intel.providers.nih:initialize:52 - [nih] HTTP client initialised against https://api.reporter.nih.gov/v2
2026-08-06 11:30:00.855 | WARNING  | app.patents.providers.lens_client:_post_json:369 - [lens-client] 500 on POST /lens/patent/search (attempt 1/3); retrying in 1.5s
2026-08-06 11:30:01.589 | INFO     | app.funding_intel.providers.nih:fetch_batch:115 - [NIH] offset=0, fetched=1, total=2959526, next_cursor=1:75N94023D00001-P00007-759402300004-1
2026-08-06 11:30:01.595 | INFO     | app.funding_intel.providers.grants_gov:initialize:46 - [grants_gov] HTTP client initialised against https://api.grants.gov/v1/api
2026-08-06 11:30:02.634 | WARNING  | app.patents.providers.lens_client:_post_json:369 - [lens-client] 500 on POST /lens/patent/search (attempt 2/3); retrying in 3.0s
2026-08-06 11:30:02.744 | INFO     | app.funding_intel.providers.nsf:initialize:50 - [nsf] HTTP client initialised against https://api.nsf.gov/services/v1
2026-08-06 11:30:03.791 | INFO     | app.funding_intel.providers.openalex:initialize:78 - [openalex] HTTP client initialised against https://api.openalex.org (api_key=yes, mailto=funding-intel@research-platform.local)
2026-08-06 11:30:04.597 | INFO     | app.funding_intel.providers.cordis:initialize:51 - [cordis] HTTP client initialised against https://cordis.europa.eu/api
2026-08-06 11:30:05.910 | WARNING  | app.patents.providers.lens_client:_post_json:369 - [lens-client] 500 on POST /lens/patent/search (attempt 3/3); retrying in 6.0s
2026-08-06 11:31:33.807 | ERROR    | app.db:get_db:28 - Database session error: (psycopg2.errors.UndefinedColumn) column patents.applicant_names does not exist
LINE 1: SELECT patents.applicant_names AS patents_applicant_names 
               ^

[SQL: SELECT patents.applicant_names AS patents_applicant_names 
FROM patents 
WHERE patents.applicant_names IS NOT NULL]
(Background on this error at: https://sqlalche.me/e/20/f405)
2026-08-06 11:31:33.814 | ERROR    | app.main:unhandled_exception_handler:121 - Unhandled error: (psycopg2.errors.UndefinedColumn) column patents.applicant_names does not exist
LINE 1: SELECT patents.applicant_names AS patents_applicant_names 
               ^

[SQL: SELECT patents.applicant_names AS patents_applicant_names 
FROM patents 
WHERE patents.applicant_names IS NOT NULL]
(Background on this error at: https://sqlalche.me/e/20/f405)
2026-08-06 11:31:34.040 | ERROR    | app.db:get_db:28 - Database session error: (psycopg2.errors.UndefinedColumn) column patents.applicant_names does not exist
LINE 1: SELECT patents.applicant_names AS patents_applicant_names 
               ^

[SQL: SELECT patents.applicant_names AS patents_applicant_names 
FROM patents 
WHERE patents.applicant_names IS NOT NULL]
(Background on this error at: https://sqlalche.me/e/20/f405)
2026-08-06 11:31:34.042 | ERROR    | app.main:unhandled_exception_handler:121 - Unhandled error: (psycopg2.errors.UndefinedColumn) column patents.applicant_names does not exist
LINE 1: SELECT patents.applicant_names AS patents_applicant_names 
               ^

[SQL: SELECT patents.applicant_names AS patents_applicant_names 
FROM patents 
WHERE patents.applicant_names IS NOT NULL]
(Background on this error at: https://sqlalche.me/e/20/f405)
2026-08-06 11:33:56.878 | INFO     | app.patents.services.dashboard_service:refresh:79 - [patent-dashboard] refreshed; patents=14 avg_score=0.7178 recs=9
2026-08-06 11:34:10.561 | INFO     | app.services.recommendation_service:regenerate:208 - Regenerated 0 recommendations for user admin
2026-08-06 11:35:22.010 | INFO     | app.patents.services.dashboard_service:refresh:79 - [patent-dashboard] refreshed; patents=14 avg_score=0.7178 recs=9
2026-08-06 11:35:22.310 | INFO     | app.patents.services.dashboard_service:refresh:79 - [patent-dashboard] refreshed; patents=14 avg_score=0.7178 recs=9
2026-08-06 11:35:24.356 | INFO     | app.patents.providers.the_lens:initialize:121 - [the_lens] HTTP client initialised against https://api.lens.org
2026-08-06 11:35:25.233 | WARNING  | app.patents.providers.lens_client:_post_json:369 - [lens-client] 500 on POST /lens/patent/search (attempt 1/3); retrying in 1.5s
2026-08-06 11:35:27.025 | WARNING  | app.patents.providers.lens_client:_post_json:369 - [lens-client] 500 on POST /lens/patent/search (attempt 2/3); retrying in 3.0s
2026-08-06 11:35:30.300 | WARNING  | app.patents.providers.lens_client:_post_json:369 - [lens-client] 500 on POST /lens/patent/search (attempt 3/3); retrying in 6.0s
2026-08-06 11:35:38.164 | ERROR    | app.patents.services.sync:_run_provider:241 - [patent-sync] the_lens failed: The Lens request failed: server error (status 500) on POST /lens/patent/search after 3 retries
Traceback (most recent call last):

  File "D:\research-funding-platform-2\backend\app\patents\providers\the_lens.py", line 165, in fetch_batch
    result = await self._client.search(
                   │    │       └ <function LensPatentClient.search at 0x000001FA53417010>
                   │    └ <app.patents.providers.lens_client.LensPatentClient object at 0x000001FA9ED959F0>
                   └ <app.patents.providers.the_lens.TheLensProvider object at 0x000001FA9B04EC80>

  File "D:\research-funding-platform-2\backend\app\patents\providers\lens_client.py", line 198, in search
    envelope = await self._post_json("/lens/patent/search", payload)
                     │    │                                 └ {'query': {'bool': {'must': [{'range': {'date_published': {'gte': '2018-01-01T00:00:00.000Z'}, 'lte': '2100-01-01T00:00:00.00...
                     │    └ <function LensPatentClient._post_json at 0x000001FA53417250>
                     └ <app.patents.providers.lens_client.LensPatentClient object at 0x000001FA9ED959F0>

  File "D:\research-funding-platform-2\backend\app\patents\providers\lens_client.py", line 364, in _post_json
    raise LensError(
          └ <class 'app.patents.providers.lens_client.LensError'>

app.patents.providers.lens_client.LensError: server error (status 500) on POST /lens/patent/search after 3 retries


The above exception was the direct cause of the following exception:


Traceback (most recent call last):

  File "<string>", line 1, in <module>

  File "C:\Users\Pooji\AppData\Local\Programs\Python\Python310\lib\multiprocessing\spawn.py", line 116, in spawn_main
    exitcode = _main(fd, parent_sentinel)
               │     │   └ 356
               │     └ 3
               └ <function _main at 0x000001FA4D6B5120>

  File "C:\Users\Pooji\AppData\Local\Programs\Python\Python310\lib\multiprocessing\spawn.py", line 129, in _main
    return self._bootstrap(parent_sentinel)
           │    │          └ 356
           │    └ <function BaseProcess._bootstrap at 0x000001FA4D5B71C0>
           └ <SpawnProcess name='SpawnProcess-9' parent=34216 started>

  File "C:\Users\Pooji\AppData\Local\Programs\Python\Python310\lib\multiprocessing\process.py", line 314, in _bootstrap
    self.run()
    │    └ <function BaseProcess.run at 0x000001FA4D5B6830>
    └ <SpawnProcess name='SpawnProcess-9' parent=34216 started>

  File "C:\Users\Pooji\AppData\Local\Programs\Python\Python310\lib\multiprocessing\process.py", line 108, in run
    self._target(*self._args, **self._kwargs)
    │    │        │    │        │    └ {'config': <uvicorn.config.Config object at 0x000001FA4D17AF50>, 'target': <bound method Server.run of <uvicorn.server.Server...
    │    │        │    │        └ <SpawnProcess name='SpawnProcess-9' parent=34216 started>
    │    │        │    └ ()
    │    │        └ <SpawnProcess name='SpawnProcess-9' parent=34216 started>
    │    └ <function subprocess_started at 0x000001FA4FA5A440>
    └ <SpawnProcess name='SpawnProcess-9' parent=34216 started>

  File "D:\research-funding-platform-2\backend\venv\lib\site-packages\uvicorn\_subprocess.py", line 78, in subprocess_started
    target(sockets=sockets)
    │              └ [<socket.socket fd=804, family=AddressFamily.AF_INET, type=SocketKind.SOCK_STREAM, proto=6, laddr=('127.0.0.1', 8000)>]
    └ <bound method Server.run of <uvicorn.server.Server object at 0x000001FA4D17AF80>>

  File "D:\research-funding-platform-2\backend\venv\lib\site-packages\uvicorn\server.py", line 62, in run
    return asyncio.run(self.serve(sockets=sockets))
           │       │   │    │             └ [<socket.socket fd=804, family=AddressFamily.AF_INET, type=SocketKind.SOCK_STREAM, proto=6, laddr=('127.0.0.1', 8000)>]
           │       │   │    └ <function Server.serve at 0x000001FA4FA2EDD0>
           │       │   └ <uvicorn.server.Server object at 0x000001FA4D17AF80>
           │       └ <function run at 0x000001FA4F2FF880>
           └ <module 'asyncio' from 'C:\\Users\\Pooji\\AppData\\Local\\Programs\\Python\\Python310\\lib\\asyncio\\__init__.py'>

  File "C:\Users\Pooji\AppData\Local\Programs\Python\Python310\lib\asyncio\runners.py", line 44, in run
    return loop.run_until_complete(main)
           │    │                  └ <coroutine object Server.serve at 0x000001FA4FBB4B30>
           │    └ <function BaseEventLoop.run_until_complete at 0x000001FA4F3092D0>
           └ <_WindowsSelectorEventLoop running=True closed=False debug=False>

  File "C:\Users\Pooji\AppData\Local\Programs\Python\Python310\lib\asyncio\base_events.py", line 636, in run_until_complete
    self.run_forever()
    │    └ <function BaseEventLoop.run_forever at 0x000001FA4F309240>
    └ <_WindowsSelectorEventLoop running=True closed=False debug=False>

  File "C:\Users\Pooji\AppData\Local\Programs\Python\Python310\lib\asyncio\base_events.py", line 603, in run_forever
    self._run_once()
    │    └ <function BaseEventLoop._run_once at 0x000001FA4F30AD40>
    └ <_WindowsSelectorEventLoop running=True closed=False debug=False>

  File "C:\Users\Pooji\AppData\Local\Programs\Python\Python310\lib\asyncio\base_events.py", line 1909, in _run_once
    handle._run()
    │      └ <function Handle._run at 0x000001FA4DC66290>
    └ <Handle <TaskStepMethWrapper object at 0x000001FAA213AA70>()>

  File "C:\Users\Pooji\AppData\Local\Programs\Python\Python310\lib\asyncio\events.py", line 80, in _run
    self._context.run(self._callback, *self._args)
    │    │            │    │           │    └ <member '_args' of 'Handle' objects>
    │    │            │    │           └ <Handle <TaskStepMethWrapper object at 0x000001FAA213AA70>()>
    │    │            │    └ <member '_callback' of 'Handle' objects>
    │    │            └ <Handle <TaskStepMethWrapper object at 0x000001FAA213AA70>()>
    │    └ <member '_context' of 'Handle' objects>
    └ <Handle <TaskStepMethWrapper object at 0x000001FAA213AA70>()>

  File "D:\research-funding-platform-2\backend\venv\lib\site-packages\anyio\_core\_tasks.py", line 275, in _run_coro
    retval = await self._coro
                   │    └ <member '_coro' of 'TaskHandle' objects>
                   └ <TaskHandle pending name='starlette.middleware.base.BaseHTTPMiddleware.__call__.<locals>.call_next.<locals>.coro' coro=<corou...

  File "D:\research-funding-platform-2\backend\venv\lib\site-packages\starlette\middleware\base.py", line 151, in coro
    await self.app(scope, receive_or_disconnect, send_no_error)
          │    │   │      │                      └ <function BaseHTTPMiddleware.__call__.<locals>.call_next.<locals>.send_no_error at 0x000001FAA0102710>
          │    │   │      └ <function BaseHTTPMiddleware.__call__.<locals>.call_next.<locals>.receive_or_disconnect at 0x000001FAA0101090>
          │    │   └ {'type': 'http', 'asgi': {'version': '3.0', 'spec_version': '2.3'}, 'http_version': '1.1', 'server': ('127.0.0.1', 8000), 'cl...
          │    └ <starlette.middleware.cors.CORSMiddleware object at 0x000001FA982B2DD0>
          └ <starlette.middleware.base.BaseHTTPMiddleware object at 0x000001FA982B30D0>

  File "D:\research-funding-platform-2\backend\venv\lib\site-packages\starlette\middleware\cors.py", line 91, in __call__
    await self.simple_response(scope, receive, send, request_headers=headers)
          │    │               │      │        │                     └ Headers({'host': 'localhost:8000', 'connection': 'keep-alive', 'content-length': '36', 'sec-ch-ua-platform': '"Windows"', 'au...
          │    │               │      │        └ <function BaseHTTPMiddleware.__call__.<locals>.call_next.<locals>.send_no_error at 0x000001FAA0102710>
          │    │               │      └ <function BaseHTTPMiddleware.__call__.<locals>.call_next.<locals>.receive_or_disconnect at 0x000001FAA0101090>
          │    │               └ {'type': 'http', 'asgi': {'version': '3.0', 'spec_version': '2.3'}, 'http_version': '1.1', 'server': ('127.0.0.1', 8000), 'cl...
          │    └ <function CORSMiddleware.simple_response at 0x000001FA50DB65F0>
          └ <starlette.middleware.cors.CORSMiddleware object at 0x000001FA982B2DD0>

  File "D:\research-funding-platform-2\backend\venv\lib\site-packages\starlette\middleware\cors.py", line 146, in simple_response
    await self.app(scope, receive, send)
          │    │   │      │        └ functools.partial(<bound method CORSMiddleware.send of <starlette.middleware.cors.CORSMiddleware object at 0x000001FA982B2DD0...
          │    │   │      └ <function BaseHTTPMiddleware.__call__.<locals>.call_next.<locals>.receive_or_disconnect at 0x000001FAA0101090>
          │    │   └ {'type': 'http', 'asgi': {'version': '3.0', 'spec_version': '2.3'}, 'http_version': '1.1', 'server': ('127.0.0.1', 8000), 'cl...
          │    └ <starlette.middleware.exceptions.ExceptionMiddleware object at 0x000001FA982B3040>
          └ <starlette.middleware.cors.CORSMiddleware object at 0x000001FA982B2DD0>

  File "D:\research-funding-platform-2\backend\venv\lib\site-packages\starlette\middleware\exceptions.py", line 62, in __call__
    await wrap_app_handling_exceptions(self.app, conn)(scope, receive, send)
          │                            │    │    │     │      │        └ functools.partial(<bound method CORSMiddleware.send of <starlette.middleware.cors.CORSMiddleware object at 0x000001FA982B2DD0...
          │                            │    │    │     │      └ <function BaseHTTPMiddleware.__call__.<locals>.call_next.<locals>.receive_or_disconnect at 0x000001FAA0101090>
          │                            │    │    │     └ {'type': 'http', 'asgi': {'version': '3.0', 'spec_version': '2.3'}, 'http_version': '1.1', 'server': ('127.0.0.1', 8000), 'cl...
          │                            │    │    └ <starlette.requests.Request object at 0x000001FA9B04C640>
          │                            │    └ <fastapi.routing.APIRouter object at 0x000001FA53927EB0>
          │                            └ <starlette.middleware.exceptions.ExceptionMiddleware object at 0x000001FA982B3040>
          └ <function wrap_app_handling_exceptions at 0x000001FA50C0FA30>

  File "D:\research-funding-platform-2\backend\venv\lib\site-packages\starlette\_exception_handler.py", line 53, in wrapped_app
    await app(scope, receive, sender)
          │   │      │        └ <function wrap_app_handling_exceptions.<locals>.wrapped_app.<locals>.sender at 0x000001FAA0103D90>
          │   │      └ <function BaseHTTPMiddleware.__call__.<locals>.call_next.<locals>.receive_or_disconnect at 0x000001FAA0101090>
          │   └ {'type': 'http', 'asgi': {'version': '3.0', 'spec_version': '2.3'}, 'http_version': '1.1', 'server': ('127.0.0.1', 8000), 'cl...
          └ <fastapi.routing.APIRouter object at 0x000001FA53927EB0>

  File "D:\research-funding-platform-2\backend\venv\lib\site-packages\starlette\routing.py", line 758, in __call__
    await self.middleware_stack(scope, receive, send)
          │    │                │      │        └ <function wrap_app_handling_exceptions.<locals>.wrapped_app.<locals>.sender at 0x000001FAA0103D90>
          │    │                │      └ <function BaseHTTPMiddleware.__call__.<locals>.call_next.<locals>.receive_or_disconnect at 0x000001FAA0101090>
          │    │                └ {'type': 'http', 'asgi': {'version': '3.0', 'spec_version': '2.3'}, 'http_version': '1.1', 'server': ('127.0.0.1', 8000), 'cl...
          │    └ <bound method Router.app of <fastapi.routing.APIRouter object at 0x000001FA53927EB0>>
          └ <fastapi.routing.APIRouter object at 0x000001FA53927EB0>

  File "D:\research-funding-platform-2\backend\venv\lib\site-packages\starlette\routing.py", line 778, in app
    await route.handle(scope, receive, send)
          │     │      │      │        └ <function wrap_app_handling_exceptions.<locals>.wrapped_app.<locals>.sender at 0x000001FAA0103D90>
          │     │      │      └ <function BaseHTTPMiddleware.__call__.<locals>.call_next.<locals>.receive_or_disconnect at 0x000001FAA0101090>
          │     │      └ {'type': 'http', 'asgi': {'version': '3.0', 'spec_version': '2.3'}, 'http_version': '1.1', 'server': ('127.0.0.1', 8000), 'cl...
          │     └ <function Route.handle at 0x000001FA50C30F70>
          └ APIRoute(path='/api/v1/patents/intel/sync', name='patent_sync', methods=['POST'])

  File "D:\research-funding-platform-2\backend\venv\lib\site-packages\starlette\routing.py", line 299, in handle
    await self.app(scope, receive, send)
          │    │   │      │        └ <function wrap_app_handling_exceptions.<locals>.wrapped_app.<locals>.sender at 0x000001FAA0103D90>
          │    │   │      └ <function BaseHTTPMiddleware.__call__.<locals>.call_next.<locals>.receive_or_disconnect at 0x000001FAA0101090>
          │    │   └ {'type': 'http', 'asgi': {'version': '3.0', 'spec_version': '2.3'}, 'http_version': '1.1', 'server': ('127.0.0.1', 8000), 'cl...
          │    └ <function request_response.<locals>.app at 0x000001FA981B3490>
          └ APIRoute(path='/api/v1/patents/intel/sync', name='patent_sync', methods=['POST'])

  File "D:\research-funding-platform-2\backend\venv\lib\site-packages\starlette\routing.py", line 79, in app
    await wrap_app_handling_exceptions(app, request)(scope, receive, send)
          │                            │    │        │      │        └ <function wrap_app_handling_exceptions.<locals>.wrapped_app.<locals>.sender at 0x000001FAA0103D90>
          │                            │    │        │      └ <function BaseHTTPMiddleware.__call__.<locals>.call_next.<locals>.receive_or_disconnect at 0x000001FAA0101090>
          │                            │    │        └ {'type': 'http', 'asgi': {'version': '3.0', 'spec_version': '2.3'}, 'http_version': '1.1', 'server': ('127.0.0.1', 8000), 'cl...
          │                            │    └ <starlette.requests.Request object at 0x000001FA9B04CBB0>
          │                            └ <function request_response.<locals>.app.<locals>.app at 0x000001FAA0101CF0>
          └ <function wrap_app_handling_exceptions at 0x000001FA50C0FA30>

  File "D:\research-funding-platform-2\backend\venv\lib\site-packages\starlette\_exception_handler.py", line 53, in wrapped_app
    await app(scope, receive, sender)
          │   │      │        └ <function wrap_app_handling_exceptions.<locals>.wrapped_app.<locals>.sender at 0x000001FAA0103C70>
          │   │      └ <function BaseHTTPMiddleware.__call__.<locals>.call_next.<locals>.receive_or_disconnect at 0x000001FAA0101090>
          │   └ {'type': 'http', 'asgi': {'version': '3.0', 'spec_version': '2.3'}, 'http_version': '1.1', 'server': ('127.0.0.1', 8000), 'cl...
          └ <function request_response.<locals>.app.<locals>.app at 0x000001FAA0101CF0>

  File "D:\research-funding-platform-2\backend\venv\lib\site-packages\starlette\routing.py", line 74, in app
    response = await func(request)
                     │    └ <starlette.requests.Request object at 0x000001FA9B04CBB0>
                     └ <function get_request_handler.<locals>.app at 0x000001FA981B36D0>

  File "D:\research-funding-platform-2\backend\venv\lib\site-packages\fastapi\routing.py", line 278, in app
    raw_response = await run_endpoint_function(
                         └ <function run_endpoint_function at 0x000001FA50C31E10>

  File "D:\research-funding-platform-2\backend\venv\lib\site-packages\fastapi\routing.py", line 191, in run_endpoint_function
    return await dependant.call(**values)
                 │         │      └ {'_current': <app.models.user.User object at 0x000001FA9ED96380>, 'db': <sqlalchemy.orm.session.Session object at 0x000001FA9...
                 │         └ <function patent_sync at 0x000001FA980853F0>
                 └ <fastapi.dependencies.models.Dependant object at 0x000001FA982B0BB0>

  File "D:\research-funding-platform-2\backend\app\patents\api\__init__.py", line 214, in patent_sync
    result = await engine.run(provider=provider, mode=mode, force=force)
                   │      │            │              │           └ False
                   │      │            │              └ 'incremental'
                   │      │            └ None
                   │      └ <function PatentSyncEngine.run at 0x000001FA53923010>
                   └ <app.patents.services.sync.PatentSyncEngine object at 0x000001FA9B04F520>

  File "D:\research-funding-platform-2\backend\app\patents\services\sync.py", line 101, in run
    report = await self._run_provider(prov, mode=mode, run_id=run.id)
                   │    │             │          │            │   └ <sqlalchemy.orm.attributes.InstrumentedAttribute object at 0x000001FA53372D40>
                   │    │             │          │            └ <app.patents.models.PatentSyncRun object at 0x000001FA9B04C100>
                   │    │             │          └ 'incremental'
                   │    │             └ 'the_lens'
                   │    └ <function PatentSyncEngine._run_provider at 0x000001FA539230A0>
                   └ <app.patents.services.sync.PatentSyncEngine object at 0x000001FA9B04F520>

> File "D:\research-funding-platform-2\backend\app\patents\services\sync.py", line 201, in _run_provider
    batch = await provider.fetch_batch(
                  │        └ <function TheLensProvider.fetch_batch at 0x000001FA53417EB0>
                  └ <app.patents.providers.the_lens.TheLensProvider object at 0x000001FA9B04EC80>

  File "D:\research-funding-platform-2\backend\app\patents\providers\the_lens.py", line 180, in fetch_batch
    raise ProviderError(f"The Lens request failed: {exc}") from exc
          └ <class 'app.patents.core.base.ProviderError'>

app.patents.core.base.ProviderError: The Lens request failed: server error (status 500) on POST /lens/patent/search after 3 retries
2026-08-06 11:35:38.498 | INFO     | app.patents.services.dashboard_service:refresh:79 - [patent-dashboard] refreshed; patents=14 avg_score=0.7178 recs=9
2026-08-06 11:38:02.421 | INFO     | app.services.recommendation_service:regenerate:208 - Regenerated 0 recommendations for user admin
2026-08-06 11:38:03.133 | INFO     | app.services.recommendation_service:regenerate:208 - Regenerated 0 recommendations for user admin
2026-08-06 11:45:00.039 | INFO     | app.funding_intel.providers.nih:initialize:52 - [nih] HTTP client initialised against https://api.reporter.nih.gov/v2
2026-08-06 11:45:02.393 | INFO     | app.funding_intel.providers.nih:fetch_batch:115 - [NIH] offset=0, fetched=1, total=2959526, next_cursor=1:75N94023D00001-P00007-759402300004-1
2026-08-06 11:45:02.433 | INFO     | app.funding_intel.providers.grants_gov:initialize:46 - [grants_gov] HTTP client initialised against https://api.grants.gov/v1/api
2026-08-06 11:45:03.894 | INFO     | app.funding_intel.providers.nsf:initialize:50 - [nsf] HTTP client initialised against https://api.nsf.gov/services/v1
2026-08-06 11:45:05.371 | INFO     | app.funding_intel.providers.openalex:initialize:78 - [openalex] HTTP client initialised against https://api.openalex.org (api_key=yes, mailto=funding-intel@research-platform.local)
2026-08-06 11:45:06.393 | INFO     | app.funding_intel.providers.cordis:initialize:51 - [cordis] HTTP client initialised against https://cordis.europa.eu/api
2026-08-06 11:48:04.111 | INFO     | app.main:lifespan:44 - Shutting down
2026-08-06 11:48:04.116 | INFO     | app.db.mongo:close_mongo_connection:35 - MongoDB connection closed
2026-08-06 11:48:36.474 | INFO     | app.core.logging:setup_logging:26 - Logging initialized for Research Funding & Innovation Intelligence Platform v1.0.0
2026-08-06 11:48:36.960 | INFO     | app.main:lifespan:24 - Starting Research Funding & Innovation Intelligence Platform v1.0.0
2026-08-06 11:48:37.156 | INFO     | app.db:init_db:51 - Database tables created successfully
2026-08-06 11:48:37.230 | INFO     | app.db.mongo:connect_to_mongo:26 - Connected to MongoDB successfully
2026-08-06 11:48:37.253 | INFO     | app.funding_intel.scheduler.jobs:start_scheduler:171 - [scheduler] funding intel background jobs started
2026-08-06 11:48:37.258 | INFO     | app.patents.scheduler.jobs:start_patent_scheduler:148 - [patent-scheduler] patent intel background jobs started
2026-08-06 11:52:03.727 | INFO     | app.utils.dashboard_metrics:available_funding_count:700 - [dashboard] recommender returned 0 high-match for user_id=1; falling back to corpus size 1443
2026-08-06 11:52:03.820 | INFO     | app.utils.dashboard_metrics:available_funding_count:700 - [dashboard] recommender returned 0 high-match for user_id=1; falling back to corpus size 1443
2026-08-06 11:52:30.082 | INFO     | app.utils.dashboard_metrics:available_funding_count:700 - [dashboard] recommender returned 0 high-match for user_id=1; falling back to corpus size 1443
2026-08-06 11:52:50.185 | INFO     | app.utils.dashboard_metrics:available_funding_count:700 - [dashboard] recommender returned 0 high-match for user_id=1; falling back to corpus size 1443
2026-08-06 11:53:58.799 | ERROR    | app.db:get_db:28 - Database session error: 401: Invalid credentials
2026-08-06 11:53:59.944 | ERROR    | app.db:get_db:28 - Database session error: 401: Invalid credentials
2026-08-06 11:55:05.809 | ERROR    | app.db:get_db:28 - Database session error: 401: Invalid credentials
2026-08-06 12:00:00.054 | INFO     | app.funding_intel.providers.nih:initialize:52 - [nih] HTTP client initialised against https://api.reporter.nih.gov/v2
2026-08-06 12:00:00.091 | INFO     | app.patents.providers.the_lens:initialize:121 - [the_lens] HTTP client initialised against https://api.lens.org
2026-08-06 12:00:02.925 | INFO     | app.funding_intel.providers.nih:fetch_batch:115 - [NIH] offset=0, fetched=1, total=2959526, next_cursor=1:75N94023D00001-P00007-759402300004-1
2026-08-06 12:00:02.958 | INFO     | app.funding_intel.providers.grants_gov:initialize:46 - [grants_gov] HTTP client initialised against https://api.grants.gov/v1/api
2026-08-06 12:00:03.383 | WARNING  | app.patents.providers.lens_client:_post_json:369 - [lens-client] 500 on POST /lens/patent/search (attempt 1/3); retrying in 1.5s
2026-08-06 12:00:04.565 | INFO     | app.funding_intel.providers.nsf:initialize:50 - [nsf] HTTP client initialised against https://api.nsf.gov/services/v1
2026-08-06 12:00:05.934 | WARNING  | app.patents.providers.lens_client:_post_json:369 - [lens-client] 500 on POST /lens/patent/search (attempt 2/3); retrying in 3.0s
2026-08-06 12:00:08.818 | INFO     | app.funding_intel.providers.openalex:initialize:78 - [openalex] HTTP client initialised against https://api.openalex.org (api_key=yes, mailto=funding-intel@research-platform.local)
2026-08-06 12:00:09.291 | WARNING  | app.patents.providers.lens_client:_post_json:369 - [lens-client] 500 on POST /lens/patent/search (attempt 3/3); retrying in 6.0s
2026-08-06 12:00:12.291 | INFO     | app.funding_intel.providers.cordis:initialize:51 - [cordis] HTTP client initialised against https://cordis.europa.eu/api
2026-08-06 12:03:22.308 | INFO     | app.utils.dashboard_metrics:available_funding_count:700 - [dashboard] recommender returned 0 high-match for user_id=1; falling back to corpus size 1443
2026-08-06 12:03:40.475 | INFO     | app.patents.services.dashboard_service:refresh:79 - [patent-dashboard] refreshed; patents=14 avg_score=0.7178 recs=9
2026-08-06 12:03:44.963 | INFO     | app.utils.dashboard_metrics:available_funding_count:700 - [dashboard] recommender returned 0 high-match for user_id=1; falling back to corpus size 1443
2026-08-06 12:03:46.655 | INFO     | app.patents.services.dashboard_service:refresh:79 - [patent-dashboard] refreshed; patents=14 avg_score=0.7178 recs=9
2026-08-06 12:03:47.048 | ERROR    | app.db:get_db:28 - Database session error: (psycopg2.errors.UniqueViolation) duplicate key value violates unique constraint "uq_trends_tech_year"
DETAIL:  Key (technology_area, publication_year)=(Computing & AI, 2021) already exists.

[SQL: INSERT INTO technology_trends (technology_area, publication_year, patent_count, total_citations, growth_rate, is_emerging, is_fast_growing, updated_at) SELECT p0::VARCHAR, p1::INTEGER, p2::INTEGER, p3::INTEGER, p4::FLOAT, p5::BOOLEAN, p6::BOOLEAN, p7 ... 2092 characters truncated ...  p7, sen_counter) ORDER BY sen_counter RETURNING technology_trends.id, technology_trends.id AS id__1]
[parameters: {'growth_rate__0': None, 'technology_area__0': 'Computing & AI', 'is_emerging__0': False, 'updated_at__0': datetime.datetime(2026, 8, 6, 6, 33, 46, 983701), 'total_citations__0': 23, 'is_fast_growing__0': False, 'publication_year__0': 2021, 'patent_count__0': 1, 'growth_rate__1': 0.0, 'technology_area__1': 'Computing & AI', 'is_emerging__1': False, 'updated_at__1': datetime.datetime(2026, 8, 6, 6, 33, 46, 983701), 'total_citations__1': 15, 'is_fast_growing__1': False, 'publication_year__1': 2022, 'patent_count__1': 1, 'growth_rate__2': 0.0, 'technology_area__2': 'Computing & AI', 'is_emerging__2': False, 'updated_at__2': datetime.datetime(2026, 8, 6, 6, 33, 46, 983701), 'total_citations__2': 6, 'is_fast_growing__2': False, 'publication_year__2': 2023, 'patent_count__2': 1, 'growth_rate__3': 1.0, 'technology_area__3': 'Computing & AI', 'is_emerging__3': False, 'updated_at__3': datetime.datetime(2026, 8, 6, 6, 33, 46, 983701), 'total_citations__3': 2, 'is_fast_growing__3': False, 'publication_year__3': 2024, 'patent_count__3': 2, 'growth_rate__4': None, 'technology_area__4': 'Electric Power', 'is_emerging__4': False, 'updated_at__4': datetime.datetime(2026, 8, 6, 6, 33, 46, 983701), 'total_citations__4': 12, 'is_fast_growing__4': False, 'publication_year__4': 2021, 'patent_count__4': 1, 'growth_rate__5': 1.0, 'technology_area__5': 'Electric Power', 'is_emerging__5': False, 'updated_at__5': datetime.datetime(2026, 8, 6, 6, 33, 46, 983701), 'total_citations__5': 11, 'is_fast_growing__5': False, 'publication_year__5': 2022, 'patent_count__5': 2, 'growth_rate__6': -0.5, 'technology_area__6': 'Electric Power', 'is_emerging__6': False, 'updated_at__6': datetime.datetime(2026, 8, 6, 6, 33, 46, 983701), 'total_citations__6': 3, 'is_fast_growing__6': False, 'publication_year__6': 2023, 'patent_count__6': 1, 'growth_rate__7': None, 'technology_area__7': 'Electronics & Semiconductors', 'is_emerging__7': False, 'updated_at__7': datetime.datetime(2026, 8, 6, 6, 33, 46, 983701), 'total_citations__7': 11, 'is_fast_growing__7': False, 'publication_year__7': 2023, 'patent_count__7': 1, 'growth_rate__8': None, 'technology_area__8': 'Polymers & Materials', 'is_emerging__8': False, 'updated_at__8': datetime.datetime(2026, 8, 6, 6, 33, 46, 984692), 'total_citations__8': 8, 'is_fast_growing__8': False, 'publication_year__8': 2021, 'patent_count__8': 1, 'growth_rate__9': None, 'technology_area__9': 'Telecommunications', 'is_emerging__9': False, 'updated_at__9': datetime.datetime(2026, 8, 6, 6, 33, 46, 984692), 'total_citations__9': 5, 'is_fast_growing__9': False, 'publication_year__9': 2023, 'patent_count__9': 1, 'growth_rate__10': 1.0, 'technology_area__10': 'Telecommunications', 'is_emerging__10': False, 'updated_at__10': datetime.datetime(2026, 8, 6, 6, 33, 46, 984692), 'total_citations__10': 5, 'is_fast_growing__10': False, 'publication_year__10': 2024, 'patent_count__10': 2}]
(Background on this error at: https://sqlalche.me/e/20/gkpj)
2026-08-06 12:03:47.070 | ERROR    | app.main:unhandled_exception_handler:121 - Unhandled error: (psycopg2.errors.UniqueViolation) duplicate key value violates unique constraint "uq_trends_tech_year"
DETAIL:  Key (technology_area, publication_year)=(Computing & AI, 2021) already exists.

[SQL: INSERT INTO technology_trends (technology_area, publication_year, patent_count, total_citations, growth_rate, is_emerging, is_fast_growing, updated_at) SELECT p0::VARCHAR, p1::INTEGER, p2::INTEGER, p3::INTEGER, p4::FLOAT, p5::BOOLEAN, p6::BOOLEAN, p7 ... 2092 characters truncated ...  p7, sen_counter) ORDER BY sen_counter RETURNING technology_trends.id, technology_trends.id AS id__1]
[parameters: {'growth_rate__0': None, 'technology_area__0': 'Computing & AI', 'is_emerging__0': False, 'updated_at__0': datetime.datetime(2026, 8, 6, 6, 33, 46, 983701), 'total_citations__0': 23, 'is_fast_growing__0': False, 'publication_year__0': 2021, 'patent_count__0': 1, 'growth_rate__1': 0.0, 'technology_area__1': 'Computing & AI', 'is_emerging__1': False, 'updated_at__1': datetime.datetime(2026, 8, 6, 6, 33, 46, 983701), 'total_citations__1': 15, 'is_fast_growing__1': False, 'publication_year__1': 2022, 'patent_count__1': 1, 'growth_rate__2': 0.0, 'technology_area__2': 'Computing & AI', 'is_emerging__2': False, 'updated_at__2': datetime.datetime(2026, 8, 6, 6, 33, 46, 983701), 'total_citations__2': 6, 'is_fast_growing__2': False, 'publication_year__2': 2023, 'patent_count__2': 1, 'growth_rate__3': 1.0, 'technology_area__3': 'Computing & AI', 'is_emerging__3': False, 'updated_at__3': datetime.datetime(2026, 8, 6, 6, 33, 46, 983701), 'total_citations__3': 2, 'is_fast_growing__3': False, 'publication_year__3': 2024, 'patent_count__3': 2, 'growth_rate__4': None, 'technology_area__4': 'Electric Power', 'is_emerging__4': False, 'updated_at__4': datetime.datetime(2026, 8, 6, 6, 33, 46, 983701), 'total_citations__4': 12, 'is_fast_growing__4': False, 'publication_year__4': 2021, 'patent_count__4': 1, 'growth_rate__5': 1.0, 'technology_area__5': 'Electric Power', 'is_emerging__5': False, 'updated_at__5': datetime.datetime(2026, 8, 6, 6, 33, 46, 983701), 'total_citations__5': 11, 'is_fast_growing__5': False, 'publication_year__5': 2022, 'patent_count__5': 2, 'growth_rate__6': -0.5, 'technology_area__6': 'Electric Power', 'is_emerging__6': False, 'updated_at__6': datetime.datetime(2026, 8, 6, 6, 33, 46, 983701), 'total_citations__6': 3, 'is_fast_growing__6': False, 'publication_year__6': 2023, 'patent_count__6': 1, 'growth_rate__7': None, 'technology_area__7': 'Electronics & Semiconductors', 'is_emerging__7': False, 'updated_at__7': datetime.datetime(2026, 8, 6, 6, 33, 46, 983701), 'total_citations__7': 11, 'is_fast_growing__7': False, 'publication_year__7': 2023, 'patent_count__7': 1, 'growth_rate__8': None, 'technology_area__8': 'Polymers & Materials', 'is_emerging__8': False, 'updated_at__8': datetime.datetime(2026, 8, 6, 6, 33, 46, 984692), 'total_citations__8': 8, 'is_fast_growing__8': False, 'publication_year__8': 2021, 'patent_count__8': 1, 'growth_rate__9': None, 'technology_area__9': 'Telecommunications', 'is_emerging__9': False, 'updated_at__9': datetime.datetime(2026, 8, 6, 6, 33, 46, 984692), 'total_citations__9': 5, 'is_fast_growing__9': False, 'publication_year__9': 2023, 'patent_count__9': 1, 'growth_rate__10': 1.0, 'technology_area__10': 'Telecommunications', 'is_emerging__10': False, 'updated_at__10': datetime.datetime(2026, 8, 6, 6, 33, 46, 984692), 'total_citations__10': 5, 'is_fast_growing__10': False, 'publication_year__10': 2024, 'patent_count__10': 2}]
(Background on this error at: https://sqlalche.me/e/20/gkpj)
2026-08-06 12:06:03.336 | INFO     | app.utils.dashboard_metrics:available_funding_count:700 - [dashboard] recommender returned 0 high-match for user_id=1; falling back to corpus size 1443
2026-08-06 12:06:26.630 | INFO     | app.utils.dashboard_metrics:available_funding_count:700 - [dashboard] recommender returned 0 high-match for user_id=1; falling back to corpus size 1443
2026-08-06 12:10:09.866 | INFO     | app.utils.dashboard_metrics:available_funding_count:647 - [dashboard] cold-start for user_id=4: returning full corpus size 1443 as available_funding
2026-08-06 12:10:10.775 | INFO     | app.utils.dashboard_metrics:available_funding_count:647 - [dashboard] cold-start for user_id=4: returning full corpus size 1443 as available_funding
2026-08-06 12:10:20.123 | INFO     | app.patents.services.dashboard_service:refresh:79 - [patent-dashboard] refreshed; patents=14 avg_score=0.7178 recs=9
2026-08-06 12:11:36.344 | INFO     | app.utils.dashboard_metrics:available_funding_count:700 - [dashboard] recommender returned 0 high-match for user_id=1; falling back to corpus size 1443
2026-08-06 12:11:59.630 | INFO     | app.utils.dashboard_metrics:available_funding_count:700 - [dashboard] recommender returned 0 high-match for user_id=1; falling back to corpus size 1443
2026-08-06 12:15:00.048 | INFO     | app.funding_intel.providers.nih:initialize:52 - [nih] HTTP client initialised against https://api.reporter.nih.gov/v2
2026-08-06 12:15:07.812 | INFO     | app.funding_intel.providers.nih:fetch_batch:115 - [NIH] offset=0, fetched=1, total=2959526, next_cursor=1:75N94023D00001-P00007-759402300004-1
2026-08-06 12:15:07.853 | INFO     | app.funding_intel.providers.grants_gov:initialize:46 - [grants_gov] HTTP client initialised against https://api.grants.gov/v1/api
2026-08-06 12:15:09.486 | INFO     | app.funding_intel.providers.nsf:initialize:50 - [nsf] HTTP client initialised against https://api.nsf.gov/services/v1
2026-08-06 12:15:15.858 | INFO     | app.funding_intel.providers.openalex:initialize:78 - [openalex] HTTP client initialised against https://api.openalex.org (api_key=yes, mailto=funding-intel@research-platform.local)
2026-08-06 12:15:17.968 | INFO     | app.funding_intel.providers.cordis:initialize:51 - [cordis] HTTP client initialised against https://cordis.europa.eu/api
2026-08-06 12:20:15.553 | INFO     | app.utils.dashboard_metrics:available_funding_count:700 - [dashboard] recommender returned 0 high-match for user_id=1; falling back to corpus size 1443
2026-08-06 12:20:16.006 | INFO     | app.patents.services.dashboard_service:refresh:79 - [patent-dashboard] refreshed; patents=14 avg_score=0.7178 recs=9
2026-08-06 12:20:28.229 | INFO     | app.patents.services.dashboard_service:refresh:79 - [patent-dashboard] refreshed; patents=14 avg_score=0.7178 recs=9
2026-08-06 12:20:38.705 | INFO     | app.utils.dashboard_metrics:available_funding_count:700 - [dashboard] recommender returned 0 high-match for user_id=1; falling back to corpus size 1443
2026-08-06 12:30:00.035 | INFO     | app.funding_intel.providers.nih:initialize:52 - [nih] HTTP client initialised against https://api.reporter.nih.gov/v2
2026-08-06 12:30:00.060 | INFO     | app.patents.providers.the_lens:initialize:121 - [the_lens] HTTP client initialised against https://api.lens.org
2026-08-06 12:30:01.808 | WARNING  | app.patents.providers.lens_client:_post_json:369 - [lens-client] 500 on POST /lens/patent/search (attempt 1/3); retrying in 1.5s
2026-08-06 12:30:02.122 | INFO     | app.funding_intel.providers.nih:fetch_batch:115 - [NIH] offset=0, fetched=1, total=2959526, next_cursor=1:75N94023D00001-P00007-759402300004-1
2026-08-06 12:30:02.161 | INFO     | app.funding_intel.providers.grants_gov:initialize:46 - [grants_gov] HTTP client initialised against https://api.grants.gov/v1/api
2026-08-06 12:30:03.736 | WARNING  | app.patents.providers.lens_client:_post_json:369 - [lens-client] 500 on POST /lens/patent/search (attempt 2/3); retrying in 3.0s
2026-08-06 12:30:05.330 | INFO     | app.funding_intel.providers.nsf:initialize:50 - [nsf] HTTP client initialised against https://api.nsf.gov/services/v1
2026-08-06 12:30:06.801 | INFO     | app.funding_intel.providers.openalex:initialize:78 - [openalex] HTTP client initialised against https://api.openalex.org (api_key=yes, mailto=funding-intel@research-platform.local)
2026-08-06 12:30:07.152 | WARNING  | app.patents.providers.lens_client:_post_json:369 - [lens-client] 500 on POST /lens/patent/search (attempt 3/3); retrying in 6.0s
2026-08-06 12:30:08.638 | INFO     | app.funding_intel.providers.cordis:initialize:51 - [cordis] HTTP client initialised against https://cordis.europa.eu/api
2026-08-06 12:45:00.090 | INFO     | app.funding_intel.providers.nih:initialize:52 - [nih] HTTP client initialised against https://api.reporter.nih.gov/v2
2026-08-06 12:45:02.506 | INFO     | app.funding_intel.providers.nih:fetch_batch:115 - [NIH] offset=0, fetched=1, total=2959526, next_cursor=1:75N94023D00001-P00007-759402300004-1
2026-08-06 12:45:02.570 | INFO     | app.funding_intel.providers.grants_gov:initialize:46 - [grants_gov] HTTP client initialised against https://api.grants.gov/v1/api
2026-08-06 12:45:03.571 | INFO     | app.funding_intel.providers.nsf:initialize:50 - [nsf] HTTP client initialised against https://api.nsf.gov/services/v1
2026-08-06 12:45:04.846 | INFO     | app.funding_intel.providers.openalex:initialize:78 - [openalex] HTTP client initialised against https://api.openalex.org (api_key=yes, mailto=funding-intel@research-platform.local)
2026-08-06 12:45:12.257 | INFO     | app.funding_intel.providers.cordis:initialize:51 - [cordis] HTTP client initialised against https://cordis.europa.eu/api
2026-08-06 13:00:00.049 | INFO     | app.funding_intel.providers.nih:initialize:52 - [nih] HTTP client initialised against https://api.reporter.nih.gov/v2
2026-08-06 13:00:00.083 | INFO     | app.patents.providers.the_lens:initialize:121 - [the_lens] HTTP client initialised against https://api.lens.org
2026-08-06 13:00:02.251 | WARNING  | app.patents.providers.lens_client:_post_json:369 - [lens-client] 500 on POST /lens/patent/search (attempt 1/3); retrying in 1.5s
2026-08-06 13:00:02.909 | INFO     | app.funding_intel.providers.nih:fetch_batch:115 - [NIH] offset=0, fetched=1, total=2959526, next_cursor=1:75N94023D00001-P00007-759402300004-1
2026-08-06 13:00:02.952 | INFO     | app.funding_intel.providers.grants_gov:initialize:46 - [grants_gov] HTTP client initialised against https://api.grants.gov/v1/api
2026-08-06 13:00:03.990 | INFO     | app.funding_intel.providers.nsf:initialize:50 - [nsf] HTTP client initialised against https://api.nsf.gov/services/v1
2026-08-06 13:00:04.084 | WARNING  | app.patents.providers.lens_client:_post_json:369 - [lens-client] 500 on POST /lens/patent/search (attempt 2/3); retrying in 3.0s
2026-08-06 13:00:05.294 | INFO     | app.funding_intel.providers.openalex:initialize:78 - [openalex] HTTP client initialised against https://api.openalex.org (api_key=yes, mailto=funding-intel@research-platform.local)
2026-08-06 13:00:07.347 | WARNING  | app.patents.providers.lens_client:_post_json:369 - [lens-client] 500 on POST /lens/patent/search (attempt 3/3); retrying in 6.0s
2026-08-06 13:00:07.938 | INFO     | app.funding_intel.providers.cordis:initialize:51 - [cordis] HTTP client initialised against https://cordis.europa.eu/api
2026-08-06 13:30:00.050 | INFO     | app.funding_intel.providers.nih:initialize:52 - [nih] HTTP client initialised against https://api.reporter.nih.gov/v2
2026-08-06 13:30:00.083 | INFO     | app.patents.providers.the_lens:initialize:121 - [the_lens] HTTP client initialised against https://api.lens.org
2026-08-06 13:30:01.203 | WARNING  | app.patents.providers.lens_client:_post_json:369 - [lens-client] 500 on POST /lens/patent/search (attempt 1/3); retrying in 1.5s
2026-08-06 13:30:01.965 | INFO     | app.funding_intel.providers.nih:fetch_batch:115 - [NIH] offset=0, fetched=1, total=2959526, next_cursor=1:75N94023D00001-P00007-759402300004-1
2026-08-06 13:30:02.016 | INFO     | app.funding_intel.providers.grants_gov:initialize:46 - [grants_gov] HTTP client initialised against https://api.grants.gov/v1/api
2026-08-06 13:30:03.069 | INFO     | app.funding_intel.providers.nsf:initialize:50 - [nsf] HTTP client initialised against https://api.nsf.gov/services/v1
2026-08-06 13:30:03.091 | WARNING  | app.patents.providers.lens_client:_post_json:369 - [lens-client] 500 on POST /lens/patent/search (attempt 2/3); retrying in 3.0s
2026-08-06 13:30:04.444 | INFO     | app.funding_intel.providers.openalex:initialize:78 - [openalex] HTTP client initialised against https://api.openalex.org (api_key=yes, mailto=funding-intel@research-platform.local)
2026-08-06 13:30:05.502 | INFO     | app.funding_intel.providers.cordis:initialize:51 - [cordis] HTTP client initialised against https://cordis.europa.eu/api
2026-08-06 13:30:06.350 | WARNING  | app.patents.providers.lens_client:_post_json:369 - [lens-client] 500 on POST /lens/patent/search (attempt 3/3); retrying in 6.0s
2026-08-06 13:33:36.853 | INFO     | app.main:lifespan:44 - Shutting down
2026-08-06 13:33:36.916 | INFO     | app.db.mongo:close_mongo_connection:35 - MongoDB connection closed
2026-08-06 13:33:41.672 | INFO     | app.core.logging:setup_logging:26 - Logging initialized for Research Funding & Innovation Intelligence Platform v1.0.0
2026-08-06 13:34:12.694 | INFO     | app.core.logging:setup_logging:26 - Logging initialized for Research Funding & Innovation Intelligence Platform v1.0.0
2026-08-06 13:34:13.132 | INFO     | app.main:lifespan:25 - Starting Research Funding & Innovation Intelligence Platform v1.0.0
2026-08-06 13:34:13.392 | INFO     | app.db:init_db:51 - Database tables created successfully
2026-08-06 13:34:13.469 | INFO     | app.db.mongo:connect_to_mongo:26 - Connected to MongoDB successfully
2026-08-06 13:34:13.484 | INFO     | app.funding_intel.scheduler.jobs:start_scheduler:171 - [scheduler] funding intel background jobs started
2026-08-06 13:34:13.488 | INFO     | app.patents.scheduler.jobs:start_patent_scheduler:148 - [patent-scheduler] patent intel background jobs started
2026-08-06 13:34:13.593 | ERROR    | app.db:get_db:28 - Database session error: 401: Could not validate credentials
2026-08-06 13:34:13.610 | ERROR    | app.db:get_db:28 - Database session error: 401: Could not validate credentials
2026-08-06 13:34:13.621 | ERROR    | app.db:get_db:28 - Database session error: 401: Could not validate credentials
2026-08-06 13:34:13.634 | ERROR    | app.db:get_db:28 - Database session error: 401: Could not validate credentials
2026-08-06 13:34:43.927 | INFO     | app.utils.dashboard_metrics:available_funding_count:700 - [dashboard] recommender returned 0 high-match for user_id=1; falling back to corpus size 1443
2026-08-06 13:34:52.567 | INFO     | app.utils.dashboard_metrics:available_funding_count:700 - [dashboard] recommender returned 0 high-match for user_id=1; falling back to corpus size 1443
2026-08-06 13:35:13.874 | ERROR    | app.api.v1.ai_assistant:_run_task:95 - OpenRouter not configured: %s
2026-08-06 13:35:13.882 | ERROR    | app.db:get_db:28 - Database session error: 503: OPENROUTER_API_KEY is not configured. Set it in backend/.env.
2026-08-06 13:35:23.365 | INFO     | app.main:lifespan:45 - Shutting down
2026-08-06 13:35:23.368 | INFO     | app.db.mongo:close_mongo_connection:35 - MongoDB connection closed
2026-08-06 13:35:48.021 | INFO     | app.core.logging:setup_logging:26 - Logging initialized for Research Funding & Innovation Intelligence Platform v1.0.0
2026-08-06 13:35:48.165 | INFO     | app.main:lifespan:25 - Starting Research Funding & Innovation Intelligence Platform v1.0.0
2026-08-06 13:35:48.252 | INFO     | app.db:init_db:51 - Database tables created successfully
2026-08-06 13:35:48.278 | INFO     | app.db.mongo:connect_to_mongo:26 - Connected to MongoDB successfully
2026-08-06 13:35:48.284 | INFO     | app.funding_intel.scheduler.jobs:start_scheduler:171 - [scheduler] funding intel background jobs started
2026-08-06 13:35:48.285 | INFO     | app.patents.scheduler.jobs:start_patent_scheduler:148 - [patent-scheduler] patent intel background jobs started
2026-08-06 13:36:16.957 | INFO     | app.services.ai_service:generate_ai_response:195 - OpenRouter request: task=%s model=%s content_len=%d
2026-08-06 13:36:17.592 | ERROR    | app.services.ai_service:generate_ai_response:229 - OpenRouter call failed for task=%s: %s
Traceback (most recent call last):

  File "<string>", line 1, in <module>

  File "C:\Users\Pooji\AppData\Local\Programs\Python\Python310\lib\multiprocessing\spawn.py", line 116, in spawn_main
    exitcode = _main(fd, parent_sentinel)
               │     │   └ 360
               │     └ 3
               └ <function _main at 0x000002A841B05120>

  File "C:\Users\Pooji\AppData\Local\Programs\Python\Python310\lib\multiprocessing\spawn.py", line 129, in _main
    return self._bootstrap(parent_sentinel)
           │    │          └ 360
           │    └ <function BaseProcess._bootstrap at 0x000002A841A171C0>
           └ <SpawnProcess name='SpawnProcess-1' parent=27780 started>

  File "C:\Users\Pooji\AppData\Local\Programs\Python\Python310\lib\multiprocessing\process.py", line 314, in _bootstrap
    self.run()
    │    └ <function BaseProcess.run at 0x000002A841A16830>
    └ <SpawnProcess name='SpawnProcess-1' parent=27780 started>

  File "C:\Users\Pooji\AppData\Local\Programs\Python\Python310\lib\multiprocessing\process.py", line 108, in run
    self._target(*self._args, **self._kwargs)
    │    │        │    │        │    └ {'config': <uvicorn.config.Config object at 0x000002A8415DAF50>, 'target': <bound method Server.run of <uvicorn.server.Server...
    │    │        │    │        └ <SpawnProcess name='SpawnProcess-1' parent=27780 started>
    │    │        │    └ ()
    │    │        └ <SpawnProcess name='SpawnProcess-1' parent=27780 started>
    │    └ <function subprocess_started at 0x000002A843EAA440>
    └ <SpawnProcess name='SpawnProcess-1' parent=27780 started>

  File "D:\research-funding-platform-2\backend\venv\lib\site-packages\uvicorn\_subprocess.py", line 78, in subprocess_started
    target(sockets=sockets)
    │              └ [<socket.socket fd=832, family=AddressFamily.AF_INET, type=SocketKind.SOCK_STREAM, proto=6, laddr=('127.0.0.1', 8000)>]
    └ <bound method Server.run of <uvicorn.server.Server object at 0x000002A8415DAF80>>

  File "D:\research-funding-platform-2\backend\venv\lib\site-packages\uvicorn\server.py", line 62, in run
    return asyncio.run(self.serve(sockets=sockets))
           │       │   │    │             └ [<socket.socket fd=832, family=AddressFamily.AF_INET, type=SocketKind.SOCK_STREAM, proto=6, laddr=('127.0.0.1', 8000)>]
           │       │   │    └ <function Server.serve at 0x000002A843E7EDD0>
           │       │   └ <uvicorn.server.Server object at 0x000002A8415DAF80>
           │       └ <function run at 0x000002A84371F880>
           └ <module 'asyncio' from 'C:\\Users\\Pooji\\AppData\\Local\\Programs\\Python\\Python310\\lib\\asyncio\\__init__.py'>

  File "C:\Users\Pooji\AppData\Local\Programs\Python\Python310\lib\asyncio\runners.py", line 44, in run
    return loop.run_until_complete(main)
           │    │                  └ <coroutine object Server.serve at 0x000002A844004B30>
           │    └ <function BaseEventLoop.run_until_complete at 0x000002A8437292D0>
           └ <_WindowsSelectorEventLoop running=True closed=False debug=False>

  File "C:\Users\Pooji\AppData\Local\Programs\Python\Python310\lib\asyncio\base_events.py", line 636, in run_until_complete
    self.run_forever()
    │    └ <function BaseEventLoop.run_forever at 0x000002A843729240>
    └ <_WindowsSelectorEventLoop running=True closed=False debug=False>

  File "C:\Users\Pooji\AppData\Local\Programs\Python\Python310\lib\asyncio\base_events.py", line 603, in run_forever
    self._run_once()
    │    └ <function BaseEventLoop._run_once at 0x000002A84372AD40>
    └ <_WindowsSelectorEventLoop running=True closed=False debug=False>

  File "C:\Users\Pooji\AppData\Local\Programs\Python\Python310\lib\asyncio\base_events.py", line 1909, in _run_once
    handle._run()
    │      └ <function Handle._run at 0x000002A843686290>
    └ <Handle Task.task_wakeup(<Future finis...ode': 401}}")>)>

  File "C:\Users\Pooji\AppData\Local\Programs\Python\Python310\lib\asyncio\events.py", line 80, in _run
    self._context.run(self._callback, *self._args)
    │    │            │    │           │    └ <member '_args' of 'Handle' objects>
    │    │            │    │           └ <Handle Task.task_wakeup(<Future finis...ode': 401}}")>)>
    │    │            │    └ <member '_callback' of 'Handle' objects>
    │    │            └ <Handle Task.task_wakeup(<Future finis...ode': 401}}")>)>
    │    └ <member '_context' of 'Handle' objects>
    └ <Handle Task.task_wakeup(<Future finis...ode': 401}}")>)>

  File "D:\research-funding-platform-2\backend\venv\lib\site-packages\anyio\_core\_tasks.py", line 275, in _run_coro
    retval = await self._coro
                   │    └ <member '_coro' of 'TaskHandle' objects>
                   └ <TaskHandle pending name='starlette.middleware.base.BaseHTTPMiddleware.__call__.<locals>.call_next.<locals>.coro' coro=<corou...

  File "D:\research-funding-platform-2\backend\venv\lib\site-packages\starlette\middleware\base.py", line 151, in coro
    await self.app(scope, receive_or_disconnect, send_no_error)
          │    │   │      │                      └ <function BaseHTTPMiddleware.__call__.<locals>.call_next.<locals>.send_no_error at 0x000002A89A604160>
          │    │   │      └ <function BaseHTTPMiddleware.__call__.<locals>.call_next.<locals>.receive_or_disconnect at 0x000002A89A604040>
          │    │   └ {'type': 'http', 'asgi': {'version': '3.0', 'spec_version': '2.3'}, 'http_version': '1.1', 'server': ('127.0.0.1', 8000), 'cl...
          │    └ <starlette.middleware.cors.CORSMiddleware object at 0x000002A89948ECE0>
          └ <starlette.middleware.base.BaseHTTPMiddleware object at 0x000002A89948EDD0>

  File "D:\research-funding-platform-2\backend\venv\lib\site-packages\starlette\middleware\cors.py", line 91, in __call__
    await self.simple_response(scope, receive, send, request_headers=headers)
          │    │               │      │        │                     └ Headers({'host': 'localhost:8000', 'connection': 'keep-alive', 'content-length': '46', 'sec-ch-ua-platform': '"Windows"', 'au...
          │    │               │      │        └ <function BaseHTTPMiddleware.__call__.<locals>.call_next.<locals>.send_no_error at 0x000002A89A604160>
          │    │               │      └ <function BaseHTTPMiddleware.__call__.<locals>.call_next.<locals>.receive_or_disconnect at 0x000002A89A604040>
          │    │               └ {'type': 'http', 'asgi': {'version': '3.0', 'spec_version': '2.3'}, 'http_version': '1.1', 'server': ('127.0.0.1', 8000), 'cl...
          │    └ <function CORSMiddleware.simple_response at 0x000002A845206560>
          └ <starlette.middleware.cors.CORSMiddleware object at 0x000002A89948ECE0>

  File "D:\research-funding-platform-2\backend\venv\lib\site-packages\starlette\middleware\cors.py", line 146, in simple_response
    await self.app(scope, receive, send)
          │    │   │      │        └ functools.partial(<bound method CORSMiddleware.send of <starlette.middleware.cors.CORSMiddleware object at 0x000002A89948ECE0...
          │    │   │      └ <function BaseHTTPMiddleware.__call__.<locals>.call_next.<locals>.receive_or_disconnect at 0x000002A89A604040>
          │    │   └ {'type': 'http', 'asgi': {'version': '3.0', 'spec_version': '2.3'}, 'http_version': '1.1', 'server': ('127.0.0.1', 8000), 'cl...
          │    └ <starlette.middleware.exceptions.ExceptionMiddleware object at 0x000002A89948ED10>
          └ <starlette.middleware.cors.CORSMiddleware object at 0x000002A89948ECE0>

  File "D:\research-funding-platform-2\backend\venv\lib\site-packages\starlette\middleware\exceptions.py", line 62, in __call__
    await wrap_app_handling_exceptions(self.app, conn)(scope, receive, send)
          │                            │    │    │     │      │        └ functools.partial(<bound method CORSMiddleware.send of <starlette.middleware.cors.CORSMiddleware object at 0x000002A89948ECE0...
          │                            │    │    │     │      └ <function BaseHTTPMiddleware.__call__.<locals>.call_next.<locals>.receive_or_disconnect at 0x000002A89A604040>
          │                            │    │    │     └ {'type': 'http', 'asgi': {'version': '3.0', 'spec_version': '2.3'}, 'http_version': '1.1', 'server': ('127.0.0.1', 8000), 'cl...
          │                            │    │    └ <starlette.requests.Request object at 0x000002A89A761990>
          │                            │    └ <fastapi.routing.APIRouter object at 0x000002A899217310>
          │                            └ <starlette.middleware.exceptions.ExceptionMiddleware object at 0x000002A89948ED10>
          └ <function wrap_app_handling_exceptions at 0x000002A8450979A0>

  File "D:\research-funding-platform-2\backend\venv\lib\site-packages\starlette\_exception_handler.py", line 53, in wrapped_app
    await app(scope, receive, sender)
          │   │      │        └ <function wrap_app_handling_exceptions.<locals>.wrapped_app.<locals>.sender at 0x000002A8995AE4D0>
          │   │      └ <function BaseHTTPMiddleware.__call__.<locals>.call_next.<locals>.receive_or_disconnect at 0x000002A89A604040>
          │   └ {'type': 'http', 'asgi': {'version': '3.0', 'spec_version': '2.3'}, 'http_version': '1.1', 'server': ('127.0.0.1', 8000), 'cl...
          └ <fastapi.routing.APIRouter object at 0x000002A899217310>

  File "D:\research-funding-platform-2\backend\venv\lib\site-packages\starlette\routing.py", line 758, in __call__
    await self.middleware_stack(scope, receive, send)
          │    │                │      │        └ <function wrap_app_handling_exceptions.<locals>.wrapped_app.<locals>.sender at 0x000002A8995AE4D0>
          │    │                │      └ <function BaseHTTPMiddleware.__call__.<locals>.call_next.<locals>.receive_or_disconnect at 0x000002A89A604040>
          │    │                └ {'type': 'http', 'asgi': {'version': '3.0', 'spec_version': '2.3'}, 'http_version': '1.1', 'server': ('127.0.0.1', 8000), 'cl...
          │    └ <bound method Router.app of <fastapi.routing.APIRouter object at 0x000002A899217310>>
          └ <fastapi.routing.APIRouter object at 0x000002A899217310>

  File "D:\research-funding-platform-2\backend\venv\lib\site-packages\starlette\routing.py", line 778, in app
    await route.handle(scope, receive, send)
          │     │      │      │        └ <function wrap_app_handling_exceptions.<locals>.wrapped_app.<locals>.sender at 0x000002A8995AE4D0>
          │     │      │      └ <function BaseHTTPMiddleware.__call__.<locals>.call_next.<locals>.receive_or_disconnect at 0x000002A89A604040>
          │     │      └ {'type': 'http', 'asgi': {'version': '3.0', 'spec_version': '2.3'}, 'http_version': '1.1', 'server': ('127.0.0.1', 8000), 'cl...
          │     └ <function Route.handle at 0x000002A845050EE0>
          └ APIRoute(path='/api/v1/ai/summarize', name='summarize', methods=['POST'])

  File "D:\research-funding-platform-2\backend\venv\lib\site-packages\starlette\routing.py", line 299, in handle
    await self.app(scope, receive, send)
          │    │   │      │        └ <function wrap_app_handling_exceptions.<locals>.wrapped_app.<locals>.sender at 0x000002A8995AE4D0>
          │    │   │      └ <function BaseHTTPMiddleware.__call__.<locals>.call_next.<locals>.receive_or_disconnect at 0x000002A89A604040>
          │    │   └ {'type': 'http', 'asgi': {'version': '3.0', 'spec_version': '2.3'}, 'http_version': '1.1', 'server': ('127.0.0.1', 8000), 'cl...
          │    └ <function request_response.<locals>.app at 0x000002A8992317E0>
          └ APIRoute(path='/api/v1/ai/summarize', name='summarize', methods=['POST'])

  File "D:\research-funding-platform-2\backend\venv\lib\site-packages\starlette\routing.py", line 79, in app
    await wrap_app_handling_exceptions(app, request)(scope, receive, send)
          │                            │    │        │      │        └ <function wrap_app_handling_exceptions.<locals>.wrapped_app.<locals>.sender at 0x000002A8995AE4D0>
          │                            │    │        │      └ <function BaseHTTPMiddleware.__call__.<locals>.call_next.<locals>.receive_or_disconnect at 0x000002A89A604040>
          │                            │    │        └ {'type': 'http', 'asgi': {'version': '3.0', 'spec_version': '2.3'}, 'http_version': '1.1', 'server': ('127.0.0.1', 8000), 'cl...
          │                            │    └ <starlette.requests.Request object at 0x000002A89A7627A0>
          │                            └ <function request_response.<locals>.app.<locals>.app at 0x000002A89A733250>
          └ <function wrap_app_handling_exceptions at 0x000002A8450979A0>

  File "D:\research-funding-platform-2\backend\venv\lib\site-packages\starlette\_exception_handler.py", line 53, in wrapped_app
    await app(scope, receive, sender)
          │   │      │        └ <function wrap_app_handling_exceptions.<locals>.wrapped_app.<locals>.sender at 0x000002A89A733AC0>
          │   │      └ <function BaseHTTPMiddleware.__call__.<locals>.call_next.<locals>.receive_or_disconnect at 0x000002A89A604040>
          │   └ {'type': 'http', 'asgi': {'version': '3.0', 'spec_version': '2.3'}, 'http_version': '1.1', 'server': ('127.0.0.1', 8000), 'cl...
          └ <function request_response.<locals>.app.<locals>.app at 0x000002A89A733250>

  File "D:\research-funding-platform-2\backend\venv\lib\site-packages\starlette\routing.py", line 74, in app
    response = await func(request)
                     │    └ <starlette.requests.Request object at 0x000002A89A7627A0>
                     └ <function get_request_handler.<locals>.app at 0x000002A899230A60>

  File "D:\research-funding-platform-2\backend\venv\lib\site-packages\fastapi\routing.py", line 278, in app
    raw_response = await run_endpoint_function(
                         └ <function run_endpoint_function at 0x000002A845051D80>

  File "D:\research-funding-platform-2\backend\venv\lib\site-packages\fastapi\routing.py", line 191, in run_endpoint_function
    return await dependant.call(**values)
                 │         │      └ {'_current': <app.models.user.User object at 0x000002A89A762B90>, 'req': SummarizeRequest(text='hi', max_length=200, min_leng...
                 │         └ <function summarize at 0x000002A8784CBB50>
                 └ <fastapi.dependencies.models.Dependant object at 0x000002A899334F70>

  File "D:\research-funding-platform-2\backend\app\api\v1\ai_assistant.py", line 141, in summarize
    text = await _run_task("summarize", req.text)
                 │                      │   └ 'hi'
                 │                      └ SummarizeRequest(text='hi', max_length=200, min_length=60)
                 └ <function _run_task at 0x000002A8784C9870>

  File "D:\research-funding-platform-2\backend\app\api\v1\ai_assistant.py", line 93, in _run_task
    return await generate_ai_response(task=task, content=content)
                 │                         │             └ 'hi'
                 │                         └ 'summarize'
                 └ <function generate_ai_response at 0x000002A8784C8280>

> File "D:\research-funding-platform-2\backend\app\services\ai_service.py", line 209, in generate_ai_response
    response = await asyncio.to_thread(
                     │       └ <function to_thread at 0x000002A84373E7A0>
                     └ <module 'asyncio' from 'C:\\Users\\Pooji\\AppData\\Local\\Programs\\Python\\Python310\\lib\\asyncio\\__init__.py'>

  File "C:\Users\Pooji\AppData\Local\Programs\Python\Python310\lib\asyncio\threads.py", line 25, in to_thread
    return await loop.run_in_executor(None, func_call)
                 │    │                     └ functools.partial(<built-in method run of _contextvars.Context object at 0x000002A8985ADA00>, <bound method Completions.creat...
                 │    └ <function BaseEventLoop.run_in_executor at 0x000002A843729AB0>
                 └ <_WindowsSelectorEventLoop running=True closed=False debug=False>

  File "C:\Users\Pooji\AppData\Local\Programs\Python\Python310\lib\concurrent\futures\thread.py", line 58, in run
    result = self.fn(*self.args, **self.kwargs)
             │        │            └ None
             │        └ None
             └ None

  File "D:\research-funding-platform-2\backend\venv\lib\site-packages\openai\_utils\_utils.py", line 275, in wrapper
    return func(*args, **kwargs)
           │     │       └ {'model': 'google/gemma-4-26b-a4b-it:free', 'messages': [{'role': 'system', 'content': "You are a helpful AI research assista...
           │     └ (<openai.resources.chat.completions.Completions object at 0x000002A89A763C70>,)
           └ <function Completions.create at 0x000002A8783C2F80>

  File "D:\research-funding-platform-2\backend\venv\lib\site-packages\openai\resources\chat\completions.py", line 663, in create
    return self._post(
           │    └ <bound method SyncAPIClient.post of <openai.OpenAI object at 0x000002A89A7618A0>>
           └ <openai.resources.chat.completions.Completions object at 0x000002A89A763C70>

  File "D:\research-funding-platform-2\backend\venv\lib\site-packages\openai\_base_client.py", line 1200, in post
    return cast(ResponseT, self.request(cast_to, opts, stream=stream, stream_cls=stream_cls))
           │    │          │    │       │        │            │                  └ openai.Stream[openai.types.chat.chat_completion_chunk.ChatCompletionChunk]
           │    │          │    │       │        │            └ False
           │    │          │    │       │        └ FinalRequestOptions(method='post', url='/chat/completions', params={}, headers=NOT_GIVEN, max_retries=NOT_GIVEN, timeout=NOT_...
           │    │          │    │       └ <class 'openai.types.chat.chat_completion.ChatCompletion'>
           │    │          │    └ <function SyncAPIClient.request at 0x000002A878285510>
           │    │          └ <openai.OpenAI object at 0x000002A89A7618A0>
           │    └ ~ResponseT
           └ <function cast at 0x000002A8436FCB80>

  File "D:\research-funding-platform-2\backend\venv\lib\site-packages\openai\_base_client.py", line 889, in request
    return self._request(
           │    └ <function SyncAPIClient._request at 0x000002A8782855A0>
           └ <openai.OpenAI object at 0x000002A89A7618A0>

  File "D:\research-funding-platform-2\backend\venv\lib\site-packages\openai\_base_client.py", line 980, in _request
    raise self._make_status_error_from_response(err.response) from None
          │    └ <function BaseClient._make_status_error_from_response at 0x000002A8782843A0>
          └ <openai.OpenAI object at 0x000002A89A7618A0>

openai.AuthenticationError: Error code: 401 - {'error': {'message': 'User not found.', 'code': 401}}
2026-08-06 13:36:17.713 | ERROR    | app.api.v1.ai_assistant:_run_task:100 - AI task '%s' failed: %s
2026-08-06 13:36:17.716 | ERROR    | app.db:get_db:28 - Database session error: 502: Unable to generate AI response. Please try again.
2026-08-06 13:37:03.059 | INFO     | app.services.ai_service:generate_ai_response:195 - OpenRouter request: task=%s model=%s content_len=%d
2026-08-06 13:37:03.642 | ERROR    | app.services.ai_service:generate_ai_response:229 - OpenRouter call failed for task=%s: %s
Traceback (most recent call last):

  File "<string>", line 1, in <module>

  File "C:\Users\Pooji\AppData\Local\Programs\Python\Python310\lib\multiprocessing\spawn.py", line 116, in spawn_main
    exitcode = _main(fd, parent_sentinel)
               │     │   └ 360
               │     └ 3
               └ <function _main at 0x000002A841B05120>

  File "C:\Users\Pooji\AppData\Local\Programs\Python\Python310\lib\multiprocessing\spawn.py", line 129, in _main
    return self._bootstrap(parent_sentinel)
           │    │          └ 360
           │    └ <function BaseProcess._bootstrap at 0x000002A841A171C0>
           └ <SpawnProcess name='SpawnProcess-1' parent=27780 started>

  File "C:\Users\Pooji\AppData\Local\Programs\Python\Python310\lib\multiprocessing\process.py", line 314, in _bootstrap
    self.run()
    │    └ <function BaseProcess.run at 0x000002A841A16830>
    └ <SpawnProcess name='SpawnProcess-1' parent=27780 started>

  File "C:\Users\Pooji\AppData\Local\Programs\Python\Python310\lib\multiprocessing\process.py", line 108, in run
    self._target(*self._args, **self._kwargs)
    │    │        │    │        │    └ {'config': <uvicorn.config.Config object at 0x000002A8415DAF50>, 'target': <bound method Server.run of <uvicorn.server.Server...
    │    │        │    │        └ <SpawnProcess name='SpawnProcess-1' parent=27780 started>
    │    │        │    └ ()
    │    │        └ <SpawnProcess name='SpawnProcess-1' parent=27780 started>
    │    └ <function subprocess_started at 0x000002A843EAA440>
    └ <SpawnProcess name='SpawnProcess-1' parent=27780 started>

  File "D:\research-funding-platform-2\backend\venv\lib\site-packages\uvicorn\_subprocess.py", line 78, in subprocess_started
    target(sockets=sockets)
    │              └ [<socket.socket fd=832, family=AddressFamily.AF_INET, type=SocketKind.SOCK_STREAM, proto=6, laddr=('127.0.0.1', 8000)>]
    └ <bound method Server.run of <uvicorn.server.Server object at 0x000002A8415DAF80>>

  File "D:\research-funding-platform-2\backend\venv\lib\site-packages\uvicorn\server.py", line 62, in run
    return asyncio.run(self.serve(sockets=sockets))
           │       │   │    │             └ [<socket.socket fd=832, family=AddressFamily.AF_INET, type=SocketKind.SOCK_STREAM, proto=6, laddr=('127.0.0.1', 8000)>]
           │       │   │    └ <function Server.serve at 0x000002A843E7EDD0>
           │       │   └ <uvicorn.server.Server object at 0x000002A8415DAF80>
           │       └ <function run at 0x000002A84371F880>
           └ <module 'asyncio' from 'C:\\Users\\Pooji\\AppData\\Local\\Programs\\Python\\Python310\\lib\\asyncio\\__init__.py'>

  File "C:\Users\Pooji\AppData\Local\Programs\Python\Python310\lib\asyncio\runners.py", line 44, in run
    return loop.run_until_complete(main)
           │    │                  └ <coroutine object Server.serve at 0x000002A844004B30>
           │    └ <function BaseEventLoop.run_until_complete at 0x000002A8437292D0>
           └ <_WindowsSelectorEventLoop running=True closed=False debug=False>

  File "C:\Users\Pooji\AppData\Local\Programs\Python\Python310\lib\asyncio\base_events.py", line 636, in run_until_complete
    self.run_forever()
    │    └ <function BaseEventLoop.run_forever at 0x000002A843729240>
    └ <_WindowsSelectorEventLoop running=True closed=False debug=False>

  File "C:\Users\Pooji\AppData\Local\Programs\Python\Python310\lib\asyncio\base_events.py", line 603, in run_forever
    self._run_once()
    │    └ <function BaseEventLoop._run_once at 0x000002A84372AD40>
    └ <_WindowsSelectorEventLoop running=True closed=False debug=False>

  File "C:\Users\Pooji\AppData\Local\Programs\Python\Python310\lib\asyncio\base_events.py", line 1909, in _run_once
    handle._run()
    │      └ <function Handle._run at 0x000002A843686290>
    └ <Handle Task.task_wakeup(<Future finis...ode': 401}}")>)>

  File "C:\Users\Pooji\AppData\Local\Programs\Python\Python310\lib\asyncio\events.py", line 80, in _run
    self._context.run(self._callback, *self._args)
    │    │            │    │           │    └ <member '_args' of 'Handle' objects>
    │    │            │    │           └ <Handle Task.task_wakeup(<Future finis...ode': 401}}")>)>
    │    │            │    └ <member '_callback' of 'Handle' objects>
    │    │            └ <Handle Task.task_wakeup(<Future finis...ode': 401}}")>)>
    │    └ <member '_context' of 'Handle' objects>
    └ <Handle Task.task_wakeup(<Future finis...ode': 401}}")>)>

  File "D:\research-funding-platform-2\backend\venv\lib\site-packages\anyio\_core\_tasks.py", line 275, in _run_coro
    retval = await self._coro
                   │    └ <member '_coro' of 'TaskHandle' objects>
                   └ <TaskHandle pending name='starlette.middleware.base.BaseHTTPMiddleware.__call__.<locals>.call_next.<locals>.coro' coro=<corou...

  File "D:\research-funding-platform-2\backend\venv\lib\site-packages\starlette\middleware\base.py", line 151, in coro
    await self.app(scope, receive_or_disconnect, send_no_error)
          │    │   │      │                      └ <function BaseHTTPMiddleware.__call__.<locals>.call_next.<locals>.send_no_error at 0x000002A89A6044C0>
          │    │   │      └ <function BaseHTTPMiddleware.__call__.<locals>.call_next.<locals>.receive_or_disconnect at 0x000002A89A6043A0>
          │    │   └ {'type': 'http', 'asgi': {'version': '3.0', 'spec_version': '2.3'}, 'http_version': '1.1', 'server': ('127.0.0.1', 8000), 'cl...
          │    └ <starlette.middleware.cors.CORSMiddleware object at 0x000002A89948ECE0>
          └ <starlette.middleware.base.BaseHTTPMiddleware object at 0x000002A89948EDD0>

  File "D:\research-funding-platform-2\backend\venv\lib\site-packages\starlette\middleware\cors.py", line 91, in __call__
    await self.simple_response(scope, receive, send, request_headers=headers)
          │    │               │      │        │                     └ Headers({'host': 'localhost:8000', 'connection': 'keep-alive', 'content-length': '1324', 'sec-ch-ua-platform': '"Windows"', '...
          │    │               │      │        └ <function BaseHTTPMiddleware.__call__.<locals>.call_next.<locals>.send_no_error at 0x000002A89A6044C0>
          │    │               │      └ <function BaseHTTPMiddleware.__call__.<locals>.call_next.<locals>.receive_or_disconnect at 0x000002A89A6043A0>
          │    │               └ {'type': 'http', 'asgi': {'version': '3.0', 'spec_version': '2.3'}, 'http_version': '1.1', 'server': ('127.0.0.1', 8000), 'cl...
          │    └ <function CORSMiddleware.simple_response at 0x000002A845206560>
          └ <starlette.middleware.cors.CORSMiddleware object at 0x000002A89948ECE0>

  File "D:\research-funding-platform-2\backend\venv\lib\site-packages\starlette\middleware\cors.py", line 146, in simple_response
    await self.app(scope, receive, send)
          │    │   │      │        └ functools.partial(<bound method CORSMiddleware.send of <starlette.middleware.cors.CORSMiddleware object at 0x000002A89948ECE0...
          │    │   │      └ <function BaseHTTPMiddleware.__call__.<locals>.call_next.<locals>.receive_or_disconnect at 0x000002A89A6043A0>
          │    │   └ {'type': 'http', 'asgi': {'version': '3.0', 'spec_version': '2.3'}, 'http_version': '1.1', 'server': ('127.0.0.1', 8000), 'cl...
          │    └ <starlette.middleware.exceptions.ExceptionMiddleware object at 0x000002A89948ED10>
          └ <starlette.middleware.cors.CORSMiddleware object at 0x000002A89948ECE0>

  File "D:\research-funding-platform-2\backend\venv\lib\site-packages\starlette\middleware\exceptions.py", line 62, in __call__
    await wrap_app_handling_exceptions(self.app, conn)(scope, receive, send)
          │                            │    │    │     │      │        └ functools.partial(<bound method CORSMiddleware.send of <starlette.middleware.cors.CORSMiddleware object at 0x000002A89948ECE0...
          │                            │    │    │     │      └ <function BaseHTTPMiddleware.__call__.<locals>.call_next.<locals>.receive_or_disconnect at 0x000002A89A6043A0>
          │                            │    │    │     └ {'type': 'http', 'asgi': {'version': '3.0', 'spec_version': '2.3'}, 'http_version': '1.1', 'server': ('127.0.0.1', 8000), 'cl...
          │                            │    │    └ <starlette.requests.Request object at 0x000002A89A7622F0>
          │                            │    └ <fastapi.routing.APIRouter object at 0x000002A899217310>
          │                            └ <starlette.middleware.exceptions.ExceptionMiddleware object at 0x000002A89948ED10>
          └ <function wrap_app_handling_exceptions at 0x000002A8450979A0>

  File "D:\research-funding-platform-2\backend\venv\lib\site-packages\starlette\_exception_handler.py", line 53, in wrapped_app
    await app(scope, receive, sender)
          │   │      │        └ <function wrap_app_handling_exceptions.<locals>.wrapped_app.<locals>.sender at 0x000002A89A798DC0>
          │   │      └ <function BaseHTTPMiddleware.__call__.<locals>.call_next.<locals>.receive_or_disconnect at 0x000002A89A6043A0>
          │   └ {'type': 'http', 'asgi': {'version': '3.0', 'spec_version': '2.3'}, 'http_version': '1.1', 'server': ('127.0.0.1', 8000), 'cl...
          └ <fastapi.routing.APIRouter object at 0x000002A899217310>

  File "D:\research-funding-platform-2\backend\venv\lib\site-packages\starlette\routing.py", line 758, in __call__
    await self.middleware_stack(scope, receive, send)
          │    │                │      │        └ <function wrap_app_handling_exceptions.<locals>.wrapped_app.<locals>.sender at 0x000002A89A798DC0>
          │    │                │      └ <function BaseHTTPMiddleware.__call__.<locals>.call_next.<locals>.receive_or_disconnect at 0x000002A89A6043A0>
          │    │                └ {'type': 'http', 'asgi': {'version': '3.0', 'spec_version': '2.3'}, 'http_version': '1.1', 'server': ('127.0.0.1', 8000), 'cl...
          │    └ <bound method Router.app of <fastapi.routing.APIRouter object at 0x000002A899217310>>
          └ <fastapi.routing.APIRouter object at 0x000002A899217310>

  File "D:\research-funding-platform-2\backend\venv\lib\site-packages\starlette\routing.py", line 778, in app
    await route.handle(scope, receive, send)
          │     │      │      │        └ <function wrap_app_handling_exceptions.<locals>.wrapped_app.<locals>.sender at 0x000002A89A798DC0>
          │     │      │      └ <function BaseHTTPMiddleware.__call__.<locals>.call_next.<locals>.receive_or_disconnect at 0x000002A89A6043A0>
          │     │      └ {'type': 'http', 'asgi': {'version': '3.0', 'spec_version': '2.3'}, 'http_version': '1.1', 'server': ('127.0.0.1', 8000), 'cl...
          │     └ <function Route.handle at 0x000002A845050EE0>
          └ APIRoute(path='/api/v1/ai/summarize', name='summarize', methods=['POST'])

  File "D:\research-funding-platform-2\backend\venv\lib\site-packages\starlette\routing.py", line 299, in handle
    await self.app(scope, receive, send)
          │    │   │      │        └ <function wrap_app_handling_exceptions.<locals>.wrapped_app.<locals>.sender at 0x000002A89A798DC0>
          │    │   │      └ <function BaseHTTPMiddleware.__call__.<locals>.call_next.<locals>.receive_or_disconnect at 0x000002A89A6043A0>
          │    │   └ {'type': 'http', 'asgi': {'version': '3.0', 'spec_version': '2.3'}, 'http_version': '1.1', 'server': ('127.0.0.1', 8000), 'cl...
          │    └ <function request_response.<locals>.app at 0x000002A8992317E0>
          └ APIRoute(path='/api/v1/ai/summarize', name='summarize', methods=['POST'])

  File "D:\research-funding-platform-2\backend\venv\lib\site-packages\starlette\routing.py", line 79, in app
    await wrap_app_handling_exceptions(app, request)(scope, receive, send)
          │                            │    │        │      │        └ <function wrap_app_handling_exceptions.<locals>.wrapped_app.<locals>.sender at 0x000002A89A798DC0>
          │                            │    │        │      └ <function BaseHTTPMiddleware.__call__.<locals>.call_next.<locals>.receive_or_disconnect at 0x000002A89A6043A0>
          │                            │    │        └ {'type': 'http', 'asgi': {'version': '3.0', 'spec_version': '2.3'}, 'http_version': '1.1', 'server': ('127.0.0.1', 8000), 'cl...
          │                            │    └ <starlette.requests.Request object at 0x000002A89A761C60>
          │                            └ <function request_response.<locals>.app.<locals>.app at 0x000002A89A798EE0>
          └ <function wrap_app_handling_exceptions at 0x000002A8450979A0>

  File "D:\research-funding-platform-2\backend\venv\lib\site-packages\starlette\_exception_handler.py", line 53, in wrapped_app
    await app(scope, receive, sender)
          │   │      │        └ <function wrap_app_handling_exceptions.<locals>.wrapped_app.<locals>.sender at 0x000002A89A733250>
          │   │      └ <function BaseHTTPMiddleware.__call__.<locals>.call_next.<locals>.receive_or_disconnect at 0x000002A89A6043A0>
          │   └ {'type': 'http', 'asgi': {'version': '3.0', 'spec_version': '2.3'}, 'http_version': '1.1', 'server': ('127.0.0.1', 8000), 'cl...
          └ <function request_response.<locals>.app.<locals>.app at 0x000002A89A798EE0>

  File "D:\research-funding-platform-2\backend\venv\lib\site-packages\starlette\routing.py", line 74, in app
    response = await func(request)
                     │    └ <starlette.requests.Request object at 0x000002A89A761C60>
                     └ <function get_request_handler.<locals>.app at 0x000002A899230A60>

  File "D:\research-funding-platform-2\backend\venv\lib\site-packages\fastapi\routing.py", line 278, in app
    raw_response = await run_endpoint_function(
                         └ <function run_endpoint_function at 0x000002A845051D80>

  File "D:\research-funding-platform-2\backend\venv\lib\site-packages\fastapi\routing.py", line 191, in run_endpoint_function
    return await dependant.call(**values)
                 │         │      └ {'_current': <app.models.user.User object at 0x000002A89A7AB8E0>, 'req': SummarizeRequest(text='The dominant sequence transdu...
                 │         └ <function summarize at 0x000002A8784CBB50>
                 └ <fastapi.dependencies.models.Dependant object at 0x000002A899334F70>

  File "D:\research-funding-platform-2\backend\app\api\v1\ai_assistant.py", line 141, in summarize
    text = await _run_task("summarize", req.text)
                 │                      │   └ 'The dominant sequence transduction models are based on complex recurrent or convolutional neural networks that include an en...
                 │                      └ SummarizeRequest(text='The dominant sequence transduction models are based on complex recurrent or convolutional neural netwo...
                 └ <function _run_task at 0x000002A8784C9870>

  File "D:\research-funding-platform-2\backend\app\api\v1\ai_assistant.py", line 93, in _run_task
    return await generate_ai_response(task=task, content=content)
                 │                         │             └ 'The dominant sequence transduction models are based on complex recurrent or convolutional neural networks that include an en...
                 │                         └ 'summarize'
                 └ <function generate_ai_response at 0x000002A8784C8280>

> File "D:\research-funding-platform-2\backend\app\services\ai_service.py", line 209, in generate_ai_response
    response = await asyncio.to_thread(
                     │       └ <function to_thread at 0x000002A84373E7A0>
                     └ <module 'asyncio' from 'C:\\Users\\Pooji\\AppData\\Local\\Programs\\Python\\Python310\\lib\\asyncio\\__init__.py'>

  File "C:\Users\Pooji\AppData\Local\Programs\Python\Python310\lib\asyncio\threads.py", line 25, in to_thread
    return await loop.run_in_executor(None, func_call)
                 │    │                     └ functools.partial(<built-in method run of _contextvars.Context object at 0x000002A89861AD40>, <bound method Completions.creat...
                 │    └ <function BaseEventLoop.run_in_executor at 0x000002A843729AB0>
                 └ <_WindowsSelectorEventLoop running=True closed=False debug=False>

  File "C:\Users\Pooji\AppData\Local\Programs\Python\Python310\lib\concurrent\futures\thread.py", line 58, in run
    result = self.fn(*self.args, **self.kwargs)
             │        │            └ None
             │        └ None
             └ None

  File "D:\research-funding-platform-2\backend\venv\lib\site-packages\openai\_utils\_utils.py", line 275, in wrapper
    return func(*args, **kwargs)
           │     │       └ {'model': 'google/gemma-4-26b-a4b-it:free', 'messages': [{'role': 'system', 'content': "You are a helpful AI research assista...
           │     └ (<openai.resources.chat.completions.Completions object at 0x000002A89A763C70>,)
           └ <function Completions.create at 0x000002A8783C2F80>

  File "D:\research-funding-platform-2\backend\venv\lib\site-packages\openai\resources\chat\completions.py", line 663, in create
    return self._post(
           │    └ <bound method SyncAPIClient.post of <openai.OpenAI object at 0x000002A89A7618A0>>
           └ <openai.resources.chat.completions.Completions object at 0x000002A89A763C70>

  File "D:\research-funding-platform-2\backend\venv\lib\site-packages\openai\_base_client.py", line 1200, in post
    return cast(ResponseT, self.request(cast_to, opts, stream=stream, stream_cls=stream_cls))
           │    │          │    │       │        │            │                  └ openai.Stream[openai.types.chat.chat_completion_chunk.ChatCompletionChunk]
           │    │          │    │       │        │            └ False
           │    │          │    │       │        └ FinalRequestOptions(method='post', url='/chat/completions', params={}, headers=NOT_GIVEN, max_retries=NOT_GIVEN, timeout=NOT_...
           │    │          │    │       └ <class 'openai.types.chat.chat_completion.ChatCompletion'>
           │    │          │    └ <function SyncAPIClient.request at 0x000002A878285510>
           │    │          └ <openai.OpenAI object at 0x000002A89A7618A0>
           │    └ ~ResponseT
           └ <function cast at 0x000002A8436FCB80>

  File "D:\research-funding-platform-2\backend\venv\lib\site-packages\openai\_base_client.py", line 889, in request
    return self._request(
           │    └ <function SyncAPIClient._request at 0x000002A8782855A0>
           └ <openai.OpenAI object at 0x000002A89A7618A0>

  File "D:\research-funding-platform-2\backend\venv\lib\site-packages\openai\_base_client.py", line 980, in _request
    raise self._make_status_error_from_response(err.response) from None
          │    └ <function BaseClient._make_status_error_from_response at 0x000002A8782843A0>
          └ <openai.OpenAI object at 0x000002A89A7618A0>

openai.AuthenticationError: Error code: 401 - {'error': {'message': 'User not found.', 'code': 401}}
2026-08-06 13:37:03.703 | ERROR    | app.api.v1.ai_assistant:_run_task:100 - AI task '%s' failed: %s
2026-08-06 13:37:03.706 | ERROR    | app.db:get_db:28 - Database session error: 502: Unable to generate AI response. Please try again.
2026-08-06 13:38:50.561 | INFO     | app.main:lifespan:45 - Shutting down
2026-08-06 13:38:50.565 | INFO     | app.db.mongo:close_mongo_connection:35 - MongoDB connection closed
2026-08-06 13:39:18.887 | INFO     | app.core.logging:setup_logging:26 - Logging initialized for Research Funding & Innovation Intelligence Platform v1.0.0
2026-08-06 13:39:19.015 | INFO     | app.main:lifespan:25 - Starting Research Funding & Innovation Intelligence Platform v1.0.0
2026-08-06 13:39:19.095 | INFO     | app.db:init_db:51 - Database tables created successfully
2026-08-06 13:39:19.134 | INFO     | app.db.mongo:connect_to_mongo:26 - Connected to MongoDB successfully
2026-08-06 13:39:19.139 | INFO     | app.funding_intel.scheduler.jobs:start_scheduler:171 - [scheduler] funding intel background jobs started
2026-08-06 13:39:19.140 | INFO     | app.patents.scheduler.jobs:start_patent_scheduler:148 - [patent-scheduler] patent intel background jobs started
2026-08-06 13:39:19.376 | INFO     | app.services.ai_service:generate_ai_response:195 - OpenRouter request: task=%s model=%s content_len=%d
2026-08-06 13:39:21.088 | ERROR    | app.services.ai_service:generate_ai_response:229 - OpenRouter call failed for task=%s: %s
Traceback (most recent call last):

  File "<string>", line 1, in <module>

  File "C:\Users\Pooji\AppData\Local\Programs\Python\Python310\lib\multiprocessing\spawn.py", line 116, in spawn_main
    exitcode = _main(fd, parent_sentinel)
               │     │   └ 360
               │     └ 3
               └ <function _main at 0x00000186AFC75120>

  File "C:\Users\Pooji\AppData\Local\Programs\Python\Python310\lib\multiprocessing\spawn.py", line 129, in _main
    return self._bootstrap(parent_sentinel)
           │    │          └ 360
           │    └ <function BaseProcess._bootstrap at 0x00000186AFB871C0>
           └ <SpawnProcess name='SpawnProcess-2' parent=27780 started>

  File "C:\Users\Pooji\AppData\Local\Programs\Python\Python310\lib\multiprocessing\process.py", line 314, in _bootstrap
    self.run()
    │    └ <function BaseProcess.run at 0x00000186AFB86830>
    └ <SpawnProcess name='SpawnProcess-2' parent=27780 started>

  File "C:\Users\Pooji\AppData\Local\Programs\Python\Python310\lib\multiprocessing\process.py", line 108, in run
    self._target(*self._args, **self._kwargs)
    │    │        │    │        │    └ {'config': <uvicorn.config.Config object at 0x00000186AF74AF50>, 'target': <bound method Server.run of <uvicorn.server.Server...
    │    │        │    │        └ <SpawnProcess name='SpawnProcess-2' parent=27780 started>
    │    │        │    └ ()
    │    │        └ <SpawnProcess name='SpawnProcess-2' parent=27780 started>
    │    └ <function subprocess_started at 0x00000186B1FFA440>
    └ <SpawnProcess name='SpawnProcess-2' parent=27780 started>

  File "D:\research-funding-platform-2\backend\venv\lib\site-packages\uvicorn\_subprocess.py", line 78, in subprocess_started
    target(sockets=sockets)
    │              └ [<socket.socket fd=496, family=AddressFamily.AF_INET, type=SocketKind.SOCK_STREAM, proto=6, laddr=('127.0.0.1', 8000)>]
    └ <bound method Server.run of <uvicorn.server.Server object at 0x00000186AF74AF80>>

  File "D:\research-funding-platform-2\backend\venv\lib\site-packages\uvicorn\server.py", line 62, in run
    return asyncio.run(self.serve(sockets=sockets))
           │       │   │    │             └ [<socket.socket fd=496, family=AddressFamily.AF_INET, type=SocketKind.SOCK_STREAM, proto=6, laddr=('127.0.0.1', 8000)>]
           │       │   │    └ <function Server.serve at 0x00000186B1FCEDD0>
           │       │   └ <uvicorn.server.Server object at 0x00000186AF74AF80>
           │       └ <function run at 0x00000186B18AF880>
           └ <module 'asyncio' from 'C:\\Users\\Pooji\\AppData\\Local\\Programs\\Python\\Python310\\lib\\asyncio\\__init__.py'>

  File "C:\Users\Pooji\AppData\Local\Programs\Python\Python310\lib\asyncio\runners.py", line 44, in run
    return loop.run_until_complete(main)
           │    │                  └ <coroutine object Server.serve at 0x00000186B2154B30>
           │    └ <function BaseEventLoop.run_until_complete at 0x00000186B18B92D0>
           └ <_WindowsSelectorEventLoop running=True closed=False debug=False>

  File "C:\Users\Pooji\AppData\Local\Programs\Python\Python310\lib\asyncio\base_events.py", line 636, in run_until_complete
    self.run_forever()
    │    └ <function BaseEventLoop.run_forever at 0x00000186B18B9240>
    └ <_WindowsSelectorEventLoop running=True closed=False debug=False>

  File "C:\Users\Pooji\AppData\Local\Programs\Python\Python310\lib\asyncio\base_events.py", line 603, in run_forever
    self._run_once()
    │    └ <function BaseEventLoop._run_once at 0x00000186B18BAD40>
    └ <_WindowsSelectorEventLoop running=True closed=False debug=False>

  File "C:\Users\Pooji\AppData\Local\Programs\Python\Python310\lib\asyncio\base_events.py", line 1909, in _run_once
    handle._run()
    │      └ <function Handle._run at 0x00000186B1816290>
    └ <Handle Task.task_wakeup(<Future finis...ode': 401}}")>)>

  File "C:\Users\Pooji\AppData\Local\Programs\Python\Python310\lib\asyncio\events.py", line 80, in _run
    self._context.run(self._callback, *self._args)
    │    │            │    │           │    └ <member '_args' of 'Handle' objects>
    │    │            │    │           └ <Handle Task.task_wakeup(<Future finis...ode': 401}}")>)>
    │    │            │    └ <member '_callback' of 'Handle' objects>
    │    │            └ <Handle Task.task_wakeup(<Future finis...ode': 401}}")>)>
    │    └ <member '_context' of 'Handle' objects>
    └ <Handle Task.task_wakeup(<Future finis...ode': 401}}")>)>

  File "D:\research-funding-platform-2\backend\venv\lib\site-packages\anyio\_core\_tasks.py", line 275, in _run_coro
    retval = await self._coro
                   │    └ <member '_coro' of 'TaskHandle' objects>
                   └ <TaskHandle pending name='starlette.middleware.base.BaseHTTPMiddleware.__call__.<locals>.call_next.<locals>.coro' coro=<corou...

  File "D:\research-funding-platform-2\backend\venv\lib\site-packages\starlette\middleware\base.py", line 151, in coro
    await self.app(scope, receive_or_disconnect, send_no_error)
          │    │   │      │                      └ <function BaseHTTPMiddleware.__call__.<locals>.call_next.<locals>.send_no_error at 0x000001871F77E5F0>
          │    │   │      └ <function BaseHTTPMiddleware.__call__.<locals>.call_next.<locals>.receive_or_disconnect at 0x000001871F6FEF80>
          │    │   └ {'type': 'http', 'asgi': {'version': '3.0', 'spec_version': '2.3'}, 'http_version': '1.1', 'server': ('127.0.0.1', 8000), 'cl...
          │    └ <starlette.middleware.cors.CORSMiddleware object at 0x000001871F5DEB30>
          └ <starlette.middleware.base.BaseHTTPMiddleware object at 0x000001871F5DEB60>

  File "D:\research-funding-platform-2\backend\venv\lib\site-packages\starlette\middleware\cors.py", line 91, in __call__
    await self.simple_response(scope, receive, send, request_headers=headers)
          │    │               │      │        │                     └ Headers({'host': 'localhost:8000', 'connection': 'keep-alive', 'content-length': '1324', 'sec-ch-ua-platform': '"Windows"', '...
          │    │               │      │        └ <function BaseHTTPMiddleware.__call__.<locals>.call_next.<locals>.send_no_error at 0x000001871F77E5F0>
          │    │               │      └ <function BaseHTTPMiddleware.__call__.<locals>.call_next.<locals>.receive_or_disconnect at 0x000001871F6FEF80>
          │    │               └ {'type': 'http', 'asgi': {'version': '3.0', 'spec_version': '2.3'}, 'http_version': '1.1', 'server': ('127.0.0.1', 8000), 'cl...
          │    └ <function CORSMiddleware.simple_response at 0x00000186B3356560>
          └ <starlette.middleware.cors.CORSMiddleware object at 0x000001871F5DEB30>

  File "D:\research-funding-platform-2\backend\venv\lib\site-packages\starlette\middleware\cors.py", line 146, in simple_response
    await self.app(scope, receive, send)
          │    │   │      │        └ functools.partial(<bound method CORSMiddleware.send of <starlette.middleware.cors.CORSMiddleware object at 0x000001871F5DEB30...
          │    │   │      └ <function BaseHTTPMiddleware.__call__.<locals>.call_next.<locals>.receive_or_disconnect at 0x000001871F6FEF80>
          │    │   └ {'type': 'http', 'asgi': {'version': '3.0', 'spec_version': '2.3'}, 'http_version': '1.1', 'server': ('127.0.0.1', 8000), 'cl...
          │    └ <starlette.middleware.exceptions.ExceptionMiddleware object at 0x000001871F5DECB0>
          └ <starlette.middleware.cors.CORSMiddleware object at 0x000001871F5DEB30>

  File "D:\research-funding-platform-2\backend\venv\lib\site-packages\starlette\middleware\exceptions.py", line 62, in __call__
    await wrap_app_handling_exceptions(self.app, conn)(scope, receive, send)
          │                            │    │    │     │      │        └ functools.partial(<bound method CORSMiddleware.send of <starlette.middleware.cors.CORSMiddleware object at 0x000001871F5DEB30...
          │                            │    │    │     │      └ <function BaseHTTPMiddleware.__call__.<locals>.call_next.<locals>.receive_or_disconnect at 0x000001871F6FEF80>
          │                            │    │    │     └ {'type': 'http', 'asgi': {'version': '3.0', 'spec_version': '2.3'}, 'http_version': '1.1', 'server': ('127.0.0.1', 8000), 'cl...
          │                            │    │    └ <starlette.requests.Request object at 0x000001871F775030>
          │                            │    └ <fastapi.routing.APIRouter object at 0x000001871F367220>
          │                            └ <starlette.middleware.exceptions.ExceptionMiddleware object at 0x000001871F5DECB0>
          └ <function wrap_app_handling_exceptions at 0x00000186B31E79A0>

  File "D:\research-funding-platform-2\backend\venv\lib\site-packages\starlette\_exception_handler.py", line 53, in wrapped_app
    await app(scope, receive, sender)
          │   │      │        └ <function wrap_app_handling_exceptions.<locals>.wrapped_app.<locals>.sender at 0x000001871F784F70>
          │   │      └ <function BaseHTTPMiddleware.__call__.<locals>.call_next.<locals>.receive_or_disconnect at 0x000001871F6FEF80>
          │   └ {'type': 'http', 'asgi': {'version': '3.0', 'spec_version': '2.3'}, 'http_version': '1.1', 'server': ('127.0.0.1', 8000), 'cl...
          └ <fastapi.routing.APIRouter object at 0x000001871F367220>

  File "D:\research-funding-platform-2\backend\venv\lib\site-packages\starlette\routing.py", line 758, in __call__
    await self.middleware_stack(scope, receive, send)
          │    │                │      │        └ <function wrap_app_handling_exceptions.<locals>.wrapped_app.<locals>.sender at 0x000001871F784F70>
          │    │                │      └ <function BaseHTTPMiddleware.__call__.<locals>.call_next.<locals>.receive_or_disconnect at 0x000001871F6FEF80>
          │    │                └ {'type': 'http', 'asgi': {'version': '3.0', 'spec_version': '2.3'}, 'http_version': '1.1', 'server': ('127.0.0.1', 8000), 'cl...
          │    └ <bound method Router.app of <fastapi.routing.APIRouter object at 0x000001871F367220>>
          └ <fastapi.routing.APIRouter object at 0x000001871F367220>

  File "D:\research-funding-platform-2\backend\venv\lib\site-packages\starlette\routing.py", line 778, in app
    await route.handle(scope, receive, send)
          │     │      │      │        └ <function wrap_app_handling_exceptions.<locals>.wrapped_app.<locals>.sender at 0x000001871F784F70>
          │     │      │      └ <function BaseHTTPMiddleware.__call__.<locals>.call_next.<locals>.receive_or_disconnect at 0x000001871F6FEF80>
          │     │      └ {'type': 'http', 'asgi': {'version': '3.0', 'spec_version': '2.3'}, 'http_version': '1.1', 'server': ('127.0.0.1', 8000), 'cl...
          │     └ <function Route.handle at 0x00000186B31A0EE0>
          └ APIRoute(path='/api/v1/ai/summarize', name='summarize', methods=['POST'])

  File "D:\research-funding-platform-2\backend\venv\lib\site-packages\starlette\routing.py", line 299, in handle
    await self.app(scope, receive, send)
          │    │   │      │        └ <function wrap_app_handling_exceptions.<locals>.wrapped_app.<locals>.sender at 0x000001871F784F70>
          │    │   │      └ <function BaseHTTPMiddleware.__call__.<locals>.call_next.<locals>.receive_or_disconnect at 0x000001871F6FEF80>
          │    │   └ {'type': 'http', 'asgi': {'version': '3.0', 'spec_version': '2.3'}, 'http_version': '1.1', 'server': ('127.0.0.1', 8000), 'cl...
          │    └ <function request_response.<locals>.app at 0x000001871F3817E0>
          └ APIRoute(path='/api/v1/ai/summarize', name='summarize', methods=['POST'])

  File "D:\research-funding-platform-2\backend\venv\lib\site-packages\starlette\routing.py", line 79, in app
    await wrap_app_handling_exceptions(app, request)(scope, receive, send)
          │                            │    │        │      │        └ <function wrap_app_handling_exceptions.<locals>.wrapped_app.<locals>.sender at 0x000001871F784F70>
          │                            │    │        │      └ <function BaseHTTPMiddleware.__call__.<locals>.call_next.<locals>.receive_or_disconnect at 0x000001871F6FEF80>
          │                            │    │        └ {'type': 'http', 'asgi': {'version': '3.0', 'spec_version': '2.3'}, 'http_version': '1.1', 'server': ('127.0.0.1', 8000), 'cl...
          │                            │    └ <starlette.requests.Request object at 0x000001871F7772E0>
          │                            └ <function request_response.<locals>.app.<locals>.app at 0x000001871F785090>
          └ <function wrap_app_handling_exceptions at 0x00000186B31E79A0>

  File "D:\research-funding-platform-2\backend\venv\lib\site-packages\starlette\_exception_handler.py", line 53, in wrapped_app
    await app(scope, receive, sender)
          │   │      │        └ <function wrap_app_handling_exceptions.<locals>.wrapped_app.<locals>.sender at 0x000001871F785120>
          │   │      └ <function BaseHTTPMiddleware.__call__.<locals>.call_next.<locals>.receive_or_disconnect at 0x000001871F6FEF80>
          │   └ {'type': 'http', 'asgi': {'version': '3.0', 'spec_version': '2.3'}, 'http_version': '1.1', 'server': ('127.0.0.1', 8000), 'cl...
          └ <function request_response.<locals>.app.<locals>.app at 0x000001871F785090>

  File "D:\research-funding-platform-2\backend\venv\lib\site-packages\starlette\routing.py", line 74, in app
    response = await func(request)
                     │    └ <starlette.requests.Request object at 0x000001871F7772E0>
                     └ <function get_request_handler.<locals>.app at 0x000001871F380A60>

  File "D:\research-funding-platform-2\backend\venv\lib\site-packages\fastapi\routing.py", line 278, in app
    raw_response = await run_endpoint_function(
                         └ <function run_endpoint_function at 0x00000186B31A1D80>

  File "D:\research-funding-platform-2\backend\venv\lib\site-packages\fastapi\routing.py", line 191, in run_endpoint_function
    return await dependant.call(**values)
                 │         │      └ {'_current': <app.models.user.User object at 0x000001871F7778E0>, 'req': SummarizeRequest(text='The dominant sequence transdu...
                 │         └ <function summarize at 0x00000186E661BD90>
                 └ <fastapi.dependencies.models.Dependant object at 0x000001871F487F70>

  File "D:\research-funding-platform-2\backend\app\api\v1\ai_assistant.py", line 164, in summarize
    text = await _run_task("summarize", req.text)
                 │                      │   └ 'The dominant sequence transduction models are based on complex recurrent or convolutional neural networks that include an en...
                 │                      └ SummarizeRequest(text='The dominant sequence transduction models are based on complex recurrent or convolutional neural netwo...
                 └ <function _run_task at 0x00000186E6619870>

  File "D:\research-funding-platform-2\backend\app\api\v1\ai_assistant.py", line 93, in _run_task
    return await generate_ai_response(task=task, content=content)
                 │                         │             └ 'The dominant sequence transduction models are based on complex recurrent or convolutional neural networks that include an en...
                 │                         └ 'summarize'
                 └ <function generate_ai_response at 0x00000186E6618280>

> File "D:\research-funding-platform-2\backend\app\services\ai_service.py", line 209, in generate_ai_response
    response = await asyncio.to_thread(
                     │       └ <function to_thread at 0x00000186B18CE7A0>
                     └ <module 'asyncio' from 'C:\\Users\\Pooji\\AppData\\Local\\Programs\\Python\\Python310\\lib\\asyncio\\__init__.py'>

  File "C:\Users\Pooji\AppData\Local\Programs\Python\Python310\lib\asyncio\threads.py", line 25, in to_thread
    return await loop.run_in_executor(None, func_call)
                 │    │                     └ functools.partial(<built-in method run of _contextvars.Context object at 0x000001871F7B5380>, <bound method Completions.creat...
                 │    └ <function BaseEventLoop.run_in_executor at 0x00000186B18B9AB0>
                 └ <_WindowsSelectorEventLoop running=True closed=False debug=False>

  File "C:\Users\Pooji\AppData\Local\Programs\Python\Python310\lib\concurrent\futures\thread.py", line 58, in run
    result = self.fn(*self.args, **self.kwargs)
             │        │            └ None
             │        └ None
             └ None

  File "D:\research-funding-platform-2\backend\venv\lib\site-packages\openai\_utils\_utils.py", line 275, in wrapper
    return func(*args, **kwargs)
           │     │       └ {'model': 'google/gemma-4-26b-a4b-it:free', 'messages': [{'role': 'system', 'content': "You are a helpful AI research assista...
           │     └ (<openai.resources.chat.completions.Completions object at 0x000001871F7779D0>,)
           └ <function Completions.create at 0x00000186E6512F80>

  File "D:\research-funding-platform-2\backend\venv\lib\site-packages\openai\resources\chat\completions.py", line 663, in create
    return self._post(
           │    └ <bound method SyncAPIClient.post of <openai.OpenAI object at 0x000001871F777A00>>
           └ <openai.resources.chat.completions.Completions object at 0x000001871F7779D0>

  File "D:\research-funding-platform-2\backend\venv\lib\site-packages\openai\_base_client.py", line 1200, in post
    return cast(ResponseT, self.request(cast_to, opts, stream=stream, stream_cls=stream_cls))
           │    │          │    │       │        │            │                  └ openai.Stream[openai.types.chat.chat_completion_chunk.ChatCompletionChunk]
           │    │          │    │       │        │            └ False
           │    │          │    │       │        └ FinalRequestOptions(method='post', url='/chat/completions', params={}, headers=NOT_GIVEN, max_retries=NOT_GIVEN, timeout=NOT_...
           │    │          │    │       └ <class 'openai.types.chat.chat_completion.ChatCompletion'>
           │    │          │    └ <function SyncAPIClient.request at 0x00000186E63D5510>
           │    │          └ <openai.OpenAI object at 0x000001871F777A00>
           │    └ ~ResponseT
           └ <function cast at 0x00000186B188CB80>

  File "D:\research-funding-platform-2\backend\venv\lib\site-packages\openai\_base_client.py", line 889, in request
    return self._request(
           │    └ <function SyncAPIClient._request at 0x00000186E63D55A0>
           └ <openai.OpenAI object at 0x000001871F777A00>

  File "D:\research-funding-platform-2\backend\venv\lib\site-packages\openai\_base_client.py", line 980, in _request
    raise self._make_status_error_from_response(err.response) from None
          │    └ <function BaseClient._make_status_error_from_response at 0x00000186E63D43A0>
          └ <openai.OpenAI object at 0x000001871F777A00>

openai.AuthenticationError: Error code: 401 - {'error': {'message': 'User not found.', 'code': 401}}
2026-08-06 13:39:21.112 | ERROR    | app.api.v1.ai_assistant:_run_task:108 - AI task '%s' failed: %s
2026-08-06 13:39:21.113 | ERROR    | app.db:get_db:28 - Database session error: 503: OpenRouter authentication failed. Check OPENROUTER_API_KEY in backend/.env.
2026-08-06 13:43:52.899 | INFO     | app.main:lifespan:45 - Shutting down
2026-08-06 13:43:52.902 | INFO     | app.db.mongo:close_mongo_connection:35 - MongoDB connection closed
2026-08-06 13:44:19.806 | INFO     | app.core.logging:setup_logging:26 - Logging initialized for Research Funding & Innovation Intelligence Platform v1.0.0
2026-08-06 13:44:19.945 | INFO     | app.main:lifespan:25 - Starting Research Funding & Innovation Intelligence Platform v1.0.0
2026-08-06 13:44:20.038 | INFO     | app.db:init_db:51 - Database tables created successfully
2026-08-06 13:44:20.081 | INFO     | app.db.mongo:connect_to_mongo:26 - Connected to MongoDB successfully
2026-08-06 13:44:20.088 | INFO     | app.funding_intel.scheduler.jobs:start_scheduler:171 - [scheduler] funding intel background jobs started
2026-08-06 13:44:20.089 | INFO     | app.patents.scheduler.jobs:start_patent_scheduler:148 - [patent-scheduler] patent intel background jobs started
2026-08-06 13:44:41.628 | INFO     | app.services.ai_service:generate_ai_response:195 - OpenRouter request: task=%s model=%s content_len=%d
2026-08-06 13:44:57.791 | INFO     | app.services.ai_service:generate_ai_response:237 - OpenRouter response: task=%s response_len=%d
2026-08-06 13:45:00.064 | INFO     | app.funding_intel.providers.nih:initialize:52 - [nih] HTTP client initialised against https://api.reporter.nih.gov/v2
2026-08-06 13:45:02.382 | INFO     | app.funding_intel.providers.nih:fetch_batch:115 - [NIH] offset=0, fetched=1, total=2959526, next_cursor=1:75N94023D00001-P00007-759402300004-1
2026-08-06 13:45:02.420 | INFO     | app.funding_intel.providers.grants_gov:initialize:46 - [grants_gov] HTTP client initialised against https://api.grants.gov/v1/api
2026-08-06 13:45:03.442 | INFO     | app.funding_intel.providers.nsf:initialize:50 - [nsf] HTTP client initialised against https://api.nsf.gov/services/v1
2026-08-06 13:45:04.819 | INFO     | app.funding_intel.providers.openalex:initialize:78 - [openalex] HTTP client initialised against https://api.openalex.org (api_key=yes, mailto=funding-intel@research-platform.local)
2026-08-06 13:45:06.314 | INFO     | app.funding_intel.providers.cordis:initialize:51 - [cordis] HTTP client initialised against https://cordis.europa.eu/api
2026-08-06 13:45:35.172 | INFO     | app.patents.services.dashboard_service:refresh:79 - [patent-dashboard] refreshed; patents=14 avg_score=0.7178 recs=9
2026-08-06 13:46:57.033 | ERROR    | app.db:get_db:28 - Database session error: [TypeError("'coroutine' object is not iterable"), TypeError('vars() argument must have __dict__ attribute')]
2026-08-06 13:46:57.046 | ERROR    | app.main:unhandled_exception_handler:123 - Unhandled error: [TypeError("'coroutine' object is not iterable"), TypeError('vars() argument must have __dict__ attribute')]
2026-08-06 13:47:20.627 | INFO     | app.services.ai_service:generate_ai_response:195 - OpenRouter request: task=%s model=%s content_len=%d
2026-08-06 13:47:53.310 | INFO     | app.services.ai_service:generate_ai_response:237 - OpenRouter response: task=%s response_len=%d
2026-08-06 14:31:55.038 | INFO     | app.core.logging:setup_logging:26 - Logging initialized for Research Funding & Innovation Intelligence Platform v1.0.0
2026-08-06 14:31:55.152 | INFO     | app.main:lifespan:25 - Starting Research Funding & Innovation Intelligence Platform v1.0.0
2026-08-06 14:31:55.276 | INFO     | app.db:init_db:51 - Database tables created successfully
2026-08-06 14:31:55.458 | INFO     | app.db.mongo:connect_to_mongo:26 - Connected to MongoDB successfully
2026-08-06 14:31:55.467 | INFO     | app.funding_intel.scheduler.jobs:start_scheduler:171 - [scheduler] funding intel background jobs started
2026-08-06 14:31:55.468 | INFO     | app.patents.scheduler.jobs:start_patent_scheduler:148 - [patent-scheduler] patent intel background jobs started
2026-08-06 14:32:20.394 | INFO     | app.patents.services.dashboard_service:refresh:79 - [patent-dashboard] refreshed; patents=14 avg_score=0.7178 recs=9
2026-08-06 14:33:07.204 | ERROR    | app.db:get_db:28 - Database session error: 401: Invalid credentials
2026-08-06 14:33:22.605 | INFO     | app.utils.dashboard_metrics:available_funding_count:700 - [dashboard] recommender returned 0 high-match for user_id=1; falling back to corpus size 1443
2026-08-06 14:33:27.513 | INFO     | app.utils.dashboard_metrics:available_funding_count:647 - [dashboard] cold-start for user_id=4: returning full corpus size 1443 as available_funding
2026-08-06 14:33:27.627 | INFO     | app.utils.dashboard_metrics:available_funding_count:700 - [dashboard] recommender returned 0 high-match for user_id=1; falling back to corpus size 1443
2026-08-06 14:33:29.129 | INFO     | app.utils.dashboard_metrics:available_funding_count:647 - [dashboard] cold-start for user_id=4: returning full corpus size 1443 as available_funding
2026-08-06 14:33:35.626 | INFO     | app.patents.services.dashboard_service:refresh:79 - [patent-dashboard] refreshed; patents=14 avg_score=0.7178 recs=9
2026-08-06 14:33:35.924 | INFO     | app.patents.services.dashboard_service:refresh:79 - [patent-dashboard] refreshed; patents=14 avg_score=0.7178 recs=9
2026-08-06 14:33:37.106 | ERROR    | app.patents.services.sync:_run_provider:241 - [patent-sync] the_lens failed: LENS_API_TOKEN is not configured; cannot initialise The Lens provider
Traceback (most recent call last):

  File "<string>", line 1, in <module>

  File "C:\Users\Pooji\AppData\Local\Programs\Python\Python310\lib\multiprocessing\spawn.py", line 116, in spawn_main
    exitcode = _main(fd, parent_sentinel)
               │     │   └ 356
               │     └ 3
               └ <function _main at 0x0000021E31255120>

  File "C:\Users\Pooji\AppData\Local\Programs\Python\Python310\lib\multiprocessing\spawn.py", line 129, in _main
    return self._bootstrap(parent_sentinel)
           │    │          └ 356
           │    └ <function BaseProcess._bootstrap at 0x0000021E311671C0>
           └ <SpawnProcess name='SpawnProcess-1' parent=12184 started>

  File "C:\Users\Pooji\AppData\Local\Programs\Python\Python310\lib\multiprocessing\process.py", line 314, in _bootstrap
    self.run()
    │    └ <function BaseProcess.run at 0x0000021E31166830>
    └ <SpawnProcess name='SpawnProcess-1' parent=12184 started>

  File "C:\Users\Pooji\AppData\Local\Programs\Python\Python310\lib\multiprocessing\process.py", line 108, in run
    self._target(*self._args, **self._kwargs)
    │    │        │    │        │    └ {'config': <uvicorn.config.Config object at 0x0000021E30D2AF50>, 'target': <bound method Server.run of <uvicorn.server.Server...
    │    │        │    │        └ <SpawnProcess name='SpawnProcess-1' parent=12184 started>
    │    │        │    └ ()
    │    │        └ <SpawnProcess name='SpawnProcess-1' parent=12184 started>
    │    └ <function subprocess_started at 0x0000021E3364A440>
    └ <SpawnProcess name='SpawnProcess-1' parent=12184 started>

  File "D:\research-funding-platform-2\backend\venv\lib\site-packages\uvicorn\_subprocess.py", line 78, in subprocess_started
    target(sockets=sockets)
    │              └ [<socket.socket fd=448, family=AddressFamily.AF_INET, type=SocketKind.SOCK_STREAM, proto=6, laddr=('127.0.0.1', 8000)>]
    └ <bound method Server.run of <uvicorn.server.Server object at 0x0000021E30D2AF80>>

  File "D:\research-funding-platform-2\backend\venv\lib\site-packages\uvicorn\server.py", line 62, in run
    return asyncio.run(self.serve(sockets=sockets))
           │       │   │    │             └ [<socket.socket fd=448, family=AddressFamily.AF_INET, type=SocketKind.SOCK_STREAM, proto=6, laddr=('127.0.0.1', 8000)>]
           │       │   │    └ <function Server.serve at 0x0000021E3361EDD0>
           │       │   └ <uvicorn.server.Server object at 0x0000021E30D2AF80>
           │       └ <function run at 0x0000021E32F0F880>
           └ <module 'asyncio' from 'C:\\Users\\Pooji\\AppData\\Local\\Programs\\Python\\Python310\\lib\\asyncio\\__init__.py'>

  File "C:\Users\Pooji\AppData\Local\Programs\Python\Python310\lib\asyncio\runners.py", line 44, in run
    return loop.run_until_complete(main)
           │    │                  └ <coroutine object Server.serve at 0x0000021E33794B30>
           │    └ <function BaseEventLoop.run_until_complete at 0x0000021E32F192D0>
           └ <_WindowsSelectorEventLoop running=True closed=False debug=False>

  File "C:\Users\Pooji\AppData\Local\Programs\Python\Python310\lib\asyncio\base_events.py", line 636, in run_until_complete
    self.run_forever()
    │    └ <function BaseEventLoop.run_forever at 0x0000021E32F19240>
    └ <_WindowsSelectorEventLoop running=True closed=False debug=False>

  File "C:\Users\Pooji\AppData\Local\Programs\Python\Python310\lib\asyncio\base_events.py", line 603, in run_forever
    self._run_once()
    │    └ <function BaseEventLoop._run_once at 0x0000021E32F1AD40>
    └ <_WindowsSelectorEventLoop running=True closed=False debug=False>

  File "C:\Users\Pooji\AppData\Local\Programs\Python\Python310\lib\asyncio\base_events.py", line 1909, in _run_once
    handle._run()
    │      └ <function Handle._run at 0x0000021E32E72290>
    └ <Handle Task.task_wakeup(<Future finis...021E9B3952A0>>)>

  File "C:\Users\Pooji\AppData\Local\Programs\Python\Python310\lib\asyncio\events.py", line 80, in _run
    self._context.run(self._callback, *self._args)
    │    │            │    │           │    └ <member '_args' of 'Handle' objects>
    │    │            │    │           └ <Handle Task.task_wakeup(<Future finis...021E9B3952A0>>)>
    │    │            │    └ <member '_callback' of 'Handle' objects>
    │    │            └ <Handle Task.task_wakeup(<Future finis...021E9B3952A0>>)>
    │    └ <member '_context' of 'Handle' objects>
    └ <Handle Task.task_wakeup(<Future finis...021E9B3952A0>>)>

  File "D:\research-funding-platform-2\backend\venv\lib\site-packages\anyio\_core\_tasks.py", line 275, in _run_coro
    retval = await self._coro
                   │    └ <member '_coro' of 'TaskHandle' objects>
                   └ <TaskHandle pending name='starlette.middleware.base.BaseHTTPMiddleware.__call__.<locals>.call_next.<locals>.coro' coro=<corou...

  File "D:\research-funding-platform-2\backend\venv\lib\site-packages\starlette\middleware\base.py", line 151, in coro
    await self.app(scope, receive_or_disconnect, send_no_error)
          │    │   │      │                      └ <function BaseHTTPMiddleware.__call__.<locals>.call_next.<locals>.send_no_error at 0x0000021E9B383370>
          │    │   │      └ <function BaseHTTPMiddleware.__call__.<locals>.call_next.<locals>.receive_or_disconnect at 0x0000021E99D21B40>
          │    │   └ {'type': 'http', 'asgi': {'version': '3.0', 'spec_version': '2.3'}, 'http_version': '1.1', 'server': ('127.0.0.1', 8000), 'cl...
          │    └ <starlette.middleware.cors.CORSMiddleware object at 0x0000021E98BB6E30>
          └ <starlette.middleware.base.BaseHTTPMiddleware object at 0x0000021E98BB6E60>

  File "D:\research-funding-platform-2\backend\venv\lib\site-packages\starlette\middleware\cors.py", line 91, in __call__
    await self.simple_response(scope, receive, send, request_headers=headers)
          │    │               │      │        │                     └ Headers({'host': 'localhost:8000', 'connection': 'keep-alive', 'content-length': '36', 'sec-ch-ua-platform': '"Windows"', 'au...
          │    │               │      │        └ <function BaseHTTPMiddleware.__call__.<locals>.call_next.<locals>.send_no_error at 0x0000021E9B383370>
          │    │               │      └ <function BaseHTTPMiddleware.__call__.<locals>.call_next.<locals>.receive_or_disconnect at 0x0000021E99D21B40>
          │    │               └ {'type': 'http', 'asgi': {'version': '3.0', 'spec_version': '2.3'}, 'http_version': '1.1', 'server': ('127.0.0.1', 8000), 'cl...
          │    └ <function CORSMiddleware.simple_response at 0x0000021E34926560>
          └ <starlette.middleware.cors.CORSMiddleware object at 0x0000021E98BB6E30>

  File "D:\research-funding-platform-2\backend\venv\lib\site-packages\starlette\middleware\cors.py", line 146, in simple_response
    await self.app(scope, receive, send)
          │    │   │      │        └ functools.partial(<bound method CORSMiddleware.send of <starlette.middleware.cors.CORSMiddleware object at 0x0000021E98BB6E30...
          │    │   │      └ <function BaseHTTPMiddleware.__call__.<locals>.call_next.<locals>.receive_or_disconnect at 0x0000021E99D21B40>
          │    │   └ {'type': 'http', 'asgi': {'version': '3.0', 'spec_version': '2.3'}, 'http_version': '1.1', 'server': ('127.0.0.1', 8000), 'cl...
          │    └ <starlette.middleware.exceptions.ExceptionMiddleware object at 0x0000021E98BB6E00>
          └ <starlette.middleware.cors.CORSMiddleware object at 0x0000021E98BB6E30>

  File "D:\research-funding-platform-2\backend\venv\lib\site-packages\starlette\middleware\exceptions.py", line 62, in __call__
    await wrap_app_handling_exceptions(self.app, conn)(scope, receive, send)
          │                            │    │    │     │      │        └ functools.partial(<bound method CORSMiddleware.send of <starlette.middleware.cors.CORSMiddleware object at 0x0000021E98BB6E30...
          │                            │    │    │     │      └ <function BaseHTTPMiddleware.__call__.<locals>.call_next.<locals>.receive_or_disconnect at 0x0000021E99D21B40>
          │                            │    │    │     └ {'type': 'http', 'asgi': {'version': '3.0', 'spec_version': '2.3'}, 'http_version': '1.1', 'server': ('127.0.0.1', 8000), 'cl...
          │                            │    │    └ <starlette.requests.Request object at 0x0000021E99D1ED40>
          │                            │    └ <fastapi.routing.APIRouter object at 0x0000021E98946D40>
          │                            └ <starlette.middleware.exceptions.ExceptionMiddleware object at 0x0000021E98BB6E00>
          └ <function wrap_app_handling_exceptions at 0x0000021E347779A0>

  File "D:\research-funding-platform-2\backend\venv\lib\site-packages\starlette\_exception_handler.py", line 53, in wrapped_app
    await app(scope, receive, sender)
          │   │      │        └ <function wrap_app_handling_exceptions.<locals>.wrapped_app.<locals>.sender at 0x0000021E9B3832E0>
          │   │      └ <function BaseHTTPMiddleware.__call__.<locals>.call_next.<locals>.receive_or_disconnect at 0x0000021E99D21B40>
          │   └ {'type': 'http', 'asgi': {'version': '3.0', 'spec_version': '2.3'}, 'http_version': '1.1', 'server': ('127.0.0.1', 8000), 'cl...
          └ <fastapi.routing.APIRouter object at 0x0000021E98946D40>

  File "D:\research-funding-platform-2\backend\venv\lib\site-packages\starlette\routing.py", line 758, in __call__
    await self.middleware_stack(scope, receive, send)
          │    │                │      │        └ <function wrap_app_handling_exceptions.<locals>.wrapped_app.<locals>.sender at 0x0000021E9B3832E0>
          │    │                │      └ <function BaseHTTPMiddleware.__call__.<locals>.call_next.<locals>.receive_or_disconnect at 0x0000021E99D21B40>
          │    │                └ {'type': 'http', 'asgi': {'version': '3.0', 'spec_version': '2.3'}, 'http_version': '1.1', 'server': ('127.0.0.1', 8000), 'cl...
          │    └ <bound method Router.app of <fastapi.routing.APIRouter object at 0x0000021E98946D40>>
          └ <fastapi.routing.APIRouter object at 0x0000021E98946D40>

  File "D:\research-funding-platform-2\backend\venv\lib\site-packages\starlette\routing.py", line 778, in app
    await route.handle(scope, receive, send)
          │     │      │      │        └ <function wrap_app_handling_exceptions.<locals>.wrapped_app.<locals>.sender at 0x0000021E9B3832E0>
          │     │      │      └ <function BaseHTTPMiddleware.__call__.<locals>.call_next.<locals>.receive_or_disconnect at 0x0000021E99D21B40>
          │     │      └ {'type': 'http', 'asgi': {'version': '3.0', 'spec_version': '2.3'}, 'http_version': '1.1', 'server': ('127.0.0.1', 8000), 'cl...
          │     └ <function Route.handle at 0x0000021E3476CEE0>
          └ APIRoute(path='/api/v1/patents/intel/sync', name='patent_sync', methods=['POST'])

  File "D:\research-funding-platform-2\backend\venv\lib\site-packages\starlette\routing.py", line 299, in handle
    await self.app(scope, receive, send)
          │    │   │      │        └ <function wrap_app_handling_exceptions.<locals>.wrapped_app.<locals>.sender at 0x0000021E9B3832E0>
          │    │   │      └ <function BaseHTTPMiddleware.__call__.<locals>.call_next.<locals>.receive_or_disconnect at 0x0000021E99D21B40>
          │    │   └ {'type': 'http', 'asgi': {'version': '3.0', 'spec_version': '2.3'}, 'http_version': '1.1', 'server': ('127.0.0.1', 8000), 'cl...
          │    └ <function request_response.<locals>.app at 0x0000021E98B283A0>
          └ APIRoute(path='/api/v1/patents/intel/sync', name='patent_sync', methods=['POST'])

  File "D:\research-funding-platform-2\backend\venv\lib\site-packages\starlette\routing.py", line 79, in app
    await wrap_app_handling_exceptions(app, request)(scope, receive, send)
          │                            │    │        │      │        └ <function wrap_app_handling_exceptions.<locals>.wrapped_app.<locals>.sender at 0x0000021E9B3832E0>
          │                            │    │        │      └ <function BaseHTTPMiddleware.__call__.<locals>.call_next.<locals>.receive_or_disconnect at 0x0000021E99D21B40>
          │                            │    │        └ {'type': 'http', 'asgi': {'version': '3.0', 'spec_version': '2.3'}, 'http_version': '1.1', 'server': ('127.0.0.1', 8000), 'cl...
          │                            │    └ <starlette.requests.Request object at 0x0000021E99D1C9D0>
          │                            └ <function request_response.<locals>.app.<locals>.app at 0x0000021E9B383130>
          └ <function wrap_app_handling_exceptions at 0x0000021E347779A0>

  File "D:\research-funding-platform-2\backend\venv\lib\site-packages\starlette\_exception_handler.py", line 53, in wrapped_app
    await app(scope, receive, sender)
          │   │      │        └ <function wrap_app_handling_exceptions.<locals>.wrapped_app.<locals>.sender at 0x0000021E9B383760>
          │   │      └ <function BaseHTTPMiddleware.__call__.<locals>.call_next.<locals>.receive_or_disconnect at 0x0000021E99D21B40>
          │   └ {'type': 'http', 'asgi': {'version': '3.0', 'spec_version': '2.3'}, 'http_version': '1.1', 'server': ('127.0.0.1', 8000), 'cl...
          └ <function request_response.<locals>.app.<locals>.app at 0x0000021E9B383130>

  File "D:\research-funding-platform-2\backend\venv\lib\site-packages\starlette\routing.py", line 74, in app
    response = await func(request)
                     │    └ <starlette.requests.Request object at 0x0000021E99D1C9D0>
                     └ <function get_request_handler.<locals>.app at 0x0000021E98B28700>

  File "D:\research-funding-platform-2\backend\venv\lib\site-packages\fastapi\routing.py", line 278, in app
    raw_response = await run_endpoint_function(
                         └ <function run_endpoint_function at 0x0000021E3476DD80>

  File "D:\research-funding-platform-2\backend\venv\lib\site-packages\fastapi\routing.py", line 191, in run_endpoint_function
    return await dependant.call(**values)
                 │         │      └ {'_current': <app.models.user.User object at 0x0000021E9B3952A0>, 'db': <sqlalchemy.orm.session.Session object at 0x0000021E9...
                 │         └ <function patent_sync at 0x0000021E9892F250>
                 └ <fastapi.dependencies.models.Dependant object at 0x0000021E98BB4F70>

  File "D:\research-funding-platform-2\backend\app\patents\api\__init__.py", line 214, in patent_sync
    result = await engine.run(provider=provider, mode=mode, force=force)
                   │      │            │              │           └ False
                   │      │            │              └ 'incremental'
                   │      │            └ None
                   │      └ <function PatentSyncEngine.run at 0x0000021E9892D360>
                   └ <app.patents.services.sync.PatentSyncEngine object at 0x0000021E99D1DDB0>

  File "D:\research-funding-platform-2\backend\app\patents\services\sync.py", line 101, in run
    report = await self._run_provider(prov, mode=mode, run_id=run.id)
                   │    │             │          │            │   └ <sqlalchemy.orm.attributes.InstrumentedAttribute object at 0x0000021E36EE6DE0>
                   │    │             │          │            └ <app.patents.models.PatentSyncRun object at 0x0000021E9B397E80>
                   │    │             │          └ 'incremental'
                   │    │             └ 'the_lens'
                   │    └ <function PatentSyncEngine._run_provider at 0x0000021E9892D3F0>
                   └ <app.patents.services.sync.PatentSyncEngine object at 0x0000021E99D1DDB0>

> File "D:\research-funding-platform-2\backend\app\patents\services\sync.py", line 181, in _run_provider
    await provider.initialize()
          │        └ <function TheLensProvider.initialize at 0x0000021E36FD8550>
          └ <app.patents.providers.the_lens.TheLensProvider object at 0x0000021E99D1FE50>

  File "D:\research-funding-platform-2\backend\app\patents\providers\the_lens.py", line 117, in initialize
    raise LensAuthError(
          └ <class 'app.patents.providers.lens_client.LensAuthError'>

app.patents.providers.lens_client.LensAuthError: LENS_API_TOKEN is not configured; cannot initialise The Lens provider
2026-08-06 14:33:37.392 | INFO     | app.patents.services.dashboard_service:refresh:79 - [patent-dashboard] refreshed; patents=14 avg_score=0.7178 recs=9
2026-08-06 14:33:40.465 | INFO     | app.patents.services.dashboard_service:refresh:79 - [patent-dashboard] refreshed; patents=14 avg_score=0.7178 recs=9
2026-08-06 14:33:42.040 | ERROR    | app.patents.services.sync:_run_provider:241 - [patent-sync] the_lens failed: LENS_API_TOKEN is not configured; cannot initialise The Lens provider
Traceback (most recent call last):

  File "<string>", line 1, in <module>

  File "C:\Users\Pooji\AppData\Local\Programs\Python\Python310\lib\multiprocessing\spawn.py", line 116, in spawn_main
    exitcode = _main(fd, parent_sentinel)
               │     │   └ 356
               │     └ 3
               └ <function _main at 0x0000021E31255120>

  File "C:\Users\Pooji\AppData\Local\Programs\Python\Python310\lib\multiprocessing\spawn.py", line 129, in _main
    return self._bootstrap(parent_sentinel)
           │    │          └ 356
           │    └ <function BaseProcess._bootstrap at 0x0000021E311671C0>
           └ <SpawnProcess name='SpawnProcess-1' parent=12184 started>

  File "C:\Users\Pooji\AppData\Local\Programs\Python\Python310\lib\multiprocessing\process.py", line 314, in _bootstrap
    self.run()
    │    └ <function BaseProcess.run at 0x0000021E31166830>
    └ <SpawnProcess name='SpawnProcess-1' parent=12184 started>

  File "C:\Users\Pooji\AppData\Local\Programs\Python\Python310\lib\multiprocessing\process.py", line 108, in run
    self._target(*self._args, **self._kwargs)
    │    │        │    │        │    └ {'config': <uvicorn.config.Config object at 0x0000021E30D2AF50>, 'target': <bound method Server.run of <uvicorn.server.Server...
    │    │        │    │        └ <SpawnProcess name='SpawnProcess-1' parent=12184 started>
    │    │        │    └ ()
    │    │        └ <SpawnProcess name='SpawnProcess-1' parent=12184 started>
    │    └ <function subprocess_started at 0x0000021E3364A440>
    └ <SpawnProcess name='SpawnProcess-1' parent=12184 started>

  File "D:\research-funding-platform-2\backend\venv\lib\site-packages\uvicorn\_subprocess.py", line 78, in subprocess_started
    target(sockets=sockets)
    │              └ [<socket.socket fd=448, family=AddressFamily.AF_INET, type=SocketKind.SOCK_STREAM, proto=6, laddr=('127.0.0.1', 8000)>]
    └ <bound method Server.run of <uvicorn.server.Server object at 0x0000021E30D2AF80>>

  File "D:\research-funding-platform-2\backend\venv\lib\site-packages\uvicorn\server.py", line 62, in run
    return asyncio.run(self.serve(sockets=sockets))
           │       │   │    │             └ [<socket.socket fd=448, family=AddressFamily.AF_INET, type=SocketKind.SOCK_STREAM, proto=6, laddr=('127.0.0.1', 8000)>]
           │       │   │    └ <function Server.serve at 0x0000021E3361EDD0>
           │       │   └ <uvicorn.server.Server object at 0x0000021E30D2AF80>
           │       └ <function run at 0x0000021E32F0F880>
           └ <module 'asyncio' from 'C:\\Users\\Pooji\\AppData\\Local\\Programs\\Python\\Python310\\lib\\asyncio\\__init__.py'>

  File "C:\Users\Pooji\AppData\Local\Programs\Python\Python310\lib\asyncio\runners.py", line 44, in run
    return loop.run_until_complete(main)
           │    │                  └ <coroutine object Server.serve at 0x0000021E33794B30>
           │    └ <function BaseEventLoop.run_until_complete at 0x0000021E32F192D0>
           └ <_WindowsSelectorEventLoop running=True closed=False debug=False>

  File "C:\Users\Pooji\AppData\Local\Programs\Python\Python310\lib\asyncio\base_events.py", line 636, in run_until_complete
    self.run_forever()
    │    └ <function BaseEventLoop.run_forever at 0x0000021E32F19240>
    └ <_WindowsSelectorEventLoop running=True closed=False debug=False>

  File "C:\Users\Pooji\AppData\Local\Programs\Python\Python310\lib\asyncio\base_events.py", line 603, in run_forever
    self._run_once()
    │    └ <function BaseEventLoop._run_once at 0x0000021E32F1AD40>
    └ <_WindowsSelectorEventLoop running=True closed=False debug=False>

  File "C:\Users\Pooji\AppData\Local\Programs\Python\Python310\lib\asyncio\base_events.py", line 1909, in _run_once
    handle._run()
    │      └ <function Handle._run at 0x0000021E32E72290>
    └ <Handle Task.task_wakeup(<Future finis...021E9B3964D0>>)>

  File "C:\Users\Pooji\AppData\Local\Programs\Python\Python310\lib\asyncio\events.py", line 80, in _run
    self._context.run(self._callback, *self._args)
    │    │            │    │           │    └ <member '_args' of 'Handle' objects>
    │    │            │    │           └ <Handle Task.task_wakeup(<Future finis...021E9B3964D0>>)>
    │    │            │    └ <member '_callback' of 'Handle' objects>
    │    │            └ <Handle Task.task_wakeup(<Future finis...021E9B3964D0>>)>
    │    └ <member '_context' of 'Handle' objects>
    └ <Handle Task.task_wakeup(<Future finis...021E9B3964D0>>)>

  File "D:\research-funding-platform-2\backend\venv\lib\site-packages\anyio\_core\_tasks.py", line 275, in _run_coro
    retval = await self._coro
                   │    └ <member '_coro' of 'TaskHandle' objects>
                   └ <TaskHandle pending name='starlette.middleware.base.BaseHTTPMiddleware.__call__.<locals>.call_next.<locals>.coro' coro=<corou...

  File "D:\research-funding-platform-2\backend\venv\lib\site-packages\starlette\middleware\base.py", line 151, in coro
    await self.app(scope, receive_or_disconnect, send_no_error)
          │    │   │      │                      └ <function BaseHTTPMiddleware.__call__.<locals>.call_next.<locals>.send_no_error at 0x0000021E9B3824D0>
          │    │   │      └ <function BaseHTTPMiddleware.__call__.<locals>.call_next.<locals>.receive_or_disconnect at 0x0000021E983CAC20>
          │    │   └ {'type': 'http', 'asgi': {'version': '3.0', 'spec_version': '2.3'}, 'http_version': '1.1', 'server': ('127.0.0.1', 8000), 'cl...
          │    └ <starlette.middleware.cors.CORSMiddleware object at 0x0000021E98BB6E30>
          └ <starlette.middleware.base.BaseHTTPMiddleware object at 0x0000021E98BB6E60>

  File "D:\research-funding-platform-2\backend\venv\lib\site-packages\starlette\middleware\cors.py", line 91, in __call__
    await self.simple_response(scope, receive, send, request_headers=headers)
          │    │               │      │        │                     └ Headers({'host': 'localhost:8000', 'connection': 'keep-alive', 'content-length': '36', 'sec-ch-ua-platform': '"Windows"', 'au...
          │    │               │      │        └ <function BaseHTTPMiddleware.__call__.<locals>.call_next.<locals>.send_no_error at 0x0000021E9B3824D0>
          │    │               │      └ <function BaseHTTPMiddleware.__call__.<locals>.call_next.<locals>.receive_or_disconnect at 0x0000021E983CAC20>
          │    │               └ {'type': 'http', 'asgi': {'version': '3.0', 'spec_version': '2.3'}, 'http_version': '1.1', 'server': ('127.0.0.1', 8000), 'cl...
          │    └ <function CORSMiddleware.simple_response at 0x0000021E34926560>
          └ <starlette.middleware.cors.CORSMiddleware object at 0x0000021E98BB6E30>

  File "D:\research-funding-platform-2\backend\venv\lib\site-packages\starlette\middleware\cors.py", line 146, in simple_response
    await self.app(scope, receive, send)
          │    │   │      │        └ functools.partial(<bound method CORSMiddleware.send of <starlette.middleware.cors.CORSMiddleware object at 0x0000021E98BB6E30...
          │    │   │      └ <function BaseHTTPMiddleware.__call__.<locals>.call_next.<locals>.receive_or_disconnect at 0x0000021E983CAC20>
          │    │   └ {'type': 'http', 'asgi': {'version': '3.0', 'spec_version': '2.3'}, 'http_version': '1.1', 'server': ('127.0.0.1', 8000), 'cl...
          │    └ <starlette.middleware.exceptions.ExceptionMiddleware object at 0x0000021E98BB6E00>
          └ <starlette.middleware.cors.CORSMiddleware object at 0x0000021E98BB6E30>

  File "D:\research-funding-platform-2\backend\venv\lib\site-packages\starlette\middleware\exceptions.py", line 62, in __call__
    await wrap_app_handling_exceptions(self.app, conn)(scope, receive, send)
          │                            │    │    │     │      │        └ functools.partial(<bound method CORSMiddleware.send of <starlette.middleware.cors.CORSMiddleware object at 0x0000021E98BB6E30...
          │                            │    │    │     │      └ <function BaseHTTPMiddleware.__call__.<locals>.call_next.<locals>.receive_or_disconnect at 0x0000021E983CAC20>
          │                            │    │    │     └ {'type': 'http', 'asgi': {'version': '3.0', 'spec_version': '2.3'}, 'http_version': '1.1', 'server': ('127.0.0.1', 8000), 'cl...
          │                            │    │    └ <starlette.requests.Request object at 0x0000021E9B394280>
          │                            │    └ <fastapi.routing.APIRouter object at 0x0000021E98946D40>
          │                            └ <starlette.middleware.exceptions.ExceptionMiddleware object at 0x0000021E98BB6E00>
          └ <function wrap_app_handling_exceptions at 0x0000021E347779A0>

  File "D:\research-funding-platform-2\backend\venv\lib\site-packages\starlette\_exception_handler.py", line 53, in wrapped_app
    await app(scope, receive, sender)
          │   │      │        └ <function wrap_app_handling_exceptions.<locals>.wrapped_app.<locals>.sender at 0x0000021E9B382560>
          │   │      └ <function BaseHTTPMiddleware.__call__.<locals>.call_next.<locals>.receive_or_disconnect at 0x0000021E983CAC20>
          │   └ {'type': 'http', 'asgi': {'version': '3.0', 'spec_version': '2.3'}, 'http_version': '1.1', 'server': ('127.0.0.1', 8000), 'cl...
          └ <fastapi.routing.APIRouter object at 0x0000021E98946D40>

  File "D:\research-funding-platform-2\backend\venv\lib\site-packages\starlette\routing.py", line 758, in __call__
    await self.middleware_stack(scope, receive, send)
          │    │                │      │        └ <function wrap_app_handling_exceptions.<locals>.wrapped_app.<locals>.sender at 0x0000021E9B382560>
          │    │                │      └ <function BaseHTTPMiddleware.__call__.<locals>.call_next.<locals>.receive_or_disconnect at 0x0000021E983CAC20>
          │    │                └ {'type': 'http', 'asgi': {'version': '3.0', 'spec_version': '2.3'}, 'http_version': '1.1', 'server': ('127.0.0.1', 8000), 'cl...
          │    └ <bound method Router.app of <fastapi.routing.APIRouter object at 0x0000021E98946D40>>
          └ <fastapi.routing.APIRouter object at 0x0000021E98946D40>

  File "D:\research-funding-platform-2\backend\venv\lib\site-packages\starlette\routing.py", line 778, in app
    await route.handle(scope, receive, send)
          │     │      │      │        └ <function wrap_app_handling_exceptions.<locals>.wrapped_app.<locals>.sender at 0x0000021E9B382560>
          │     │      │      └ <function BaseHTTPMiddleware.__call__.<locals>.call_next.<locals>.receive_or_disconnect at 0x0000021E983CAC20>
          │     │      └ {'type': 'http', 'asgi': {'version': '3.0', 'spec_version': '2.3'}, 'http_version': '1.1', 'server': ('127.0.0.1', 8000), 'cl...
          │     └ <function Route.handle at 0x0000021E3476CEE0>
          └ APIRoute(path='/api/v1/patents/intel/sync', name='patent_sync', methods=['POST'])

  File "D:\research-funding-platform-2\backend\venv\lib\site-packages\starlette\routing.py", line 299, in handle
    await self.app(scope, receive, send)
          │    │   │      │        └ <function wrap_app_handling_exceptions.<locals>.wrapped_app.<locals>.sender at 0x0000021E9B382560>
          │    │   │      └ <function BaseHTTPMiddleware.__call__.<locals>.call_next.<locals>.receive_or_disconnect at 0x0000021E983CAC20>
          │    │   └ {'type': 'http', 'asgi': {'version': '3.0', 'spec_version': '2.3'}, 'http_version': '1.1', 'server': ('127.0.0.1', 8000), 'cl...
          │    └ <function request_response.<locals>.app at 0x0000021E98B283A0>
          └ APIRoute(path='/api/v1/patents/intel/sync', name='patent_sync', methods=['POST'])

  File "D:\research-funding-platform-2\backend\venv\lib\site-packages\starlette\routing.py", line 79, in app
    await wrap_app_handling_exceptions(app, request)(scope, receive, send)
          │                            │    │        │      │        └ <function wrap_app_handling_exceptions.<locals>.wrapped_app.<locals>.sender at 0x0000021E9B382560>
          │                            │    │        │      └ <function BaseHTTPMiddleware.__call__.<locals>.call_next.<locals>.receive_or_disconnect at 0x0000021E983CAC20>
          │                            │    │        └ {'type': 'http', 'asgi': {'version': '3.0', 'spec_version': '2.3'}, 'http_version': '1.1', 'server': ('127.0.0.1', 8000), 'cl...
          │                            │    └ <starlette.requests.Request object at 0x0000021E9B395A20>
          │                            └ <function request_response.<locals>.app.<locals>.app at 0x0000021E9B3832E0>
          └ <function wrap_app_handling_exceptions at 0x0000021E347779A0>

  File "D:\research-funding-platform-2\backend\venv\lib\site-packages\starlette\_exception_handler.py", line 53, in wrapped_app
    await app(scope, receive, sender)
          │   │      │        └ <function wrap_app_handling_exceptions.<locals>.wrapped_app.<locals>.sender at 0x0000021E9B3805E0>
          │   │      └ <function BaseHTTPMiddleware.__call__.<locals>.call_next.<locals>.receive_or_disconnect at 0x0000021E983CAC20>
          │   └ {'type': 'http', 'asgi': {'version': '3.0', 'spec_version': '2.3'}, 'http_version': '1.1', 'server': ('127.0.0.1', 8000), 'cl...
          └ <function request_response.<locals>.app.<locals>.app at 0x0000021E9B3832E0>

  File "D:\research-funding-platform-2\backend\venv\lib\site-packages\starlette\routing.py", line 74, in app
    response = await func(request)
                     │    └ <starlette.requests.Request object at 0x0000021E9B395A20>
                     └ <function get_request_handler.<locals>.app at 0x0000021E98B28700>

  File "D:\research-funding-platform-2\backend\venv\lib\site-packages\fastapi\routing.py", line 278, in app
    raw_response = await run_endpoint_function(
                         └ <function run_endpoint_function at 0x0000021E3476DD80>

  File "D:\research-funding-platform-2\backend\venv\lib\site-packages\fastapi\routing.py", line 191, in run_endpoint_function
    return await dependant.call(**values)
                 │         │      └ {'_current': <app.models.user.User object at 0x0000021E9B3964D0>, 'db': <sqlalchemy.orm.session.Session object at 0x0000021E9...
                 │         └ <function patent_sync at 0x0000021E9892F250>
                 └ <fastapi.dependencies.models.Dependant object at 0x0000021E98BB4F70>

  File "D:\research-funding-platform-2\backend\app\patents\api\__init__.py", line 214, in patent_sync
    result = await engine.run(provider=provider, mode=mode, force=force)
                   │      │            │              │           └ False
                   │      │            │              └ 'incremental'
                   │      │            └ None
                   │      └ <function PatentSyncEngine.run at 0x0000021E9892D360>
                   └ <app.patents.services.sync.PatentSyncEngine object at 0x0000021E9B397160>

  File "D:\research-funding-platform-2\backend\app\patents\services\sync.py", line 101, in run
    report = await self._run_provider(prov, mode=mode, run_id=run.id)
                   │    │             │          │            │   └ <sqlalchemy.orm.attributes.InstrumentedAttribute object at 0x0000021E36EE6DE0>
                   │    │             │          │            └ <app.patents.models.PatentSyncRun object at 0x0000021E9B396B90>
                   │    │             │          └ 'incremental'
                   │    │             └ 'the_lens'
                   │    └ <function PatentSyncEngine._run_provider at 0x0000021E9892D3F0>
                   └ <app.patents.services.sync.PatentSyncEngine object at 0x0000021E9B397160>

> File "D:\research-funding-platform-2\backend\app\patents\services\sync.py", line 181, in _run_provider
    await provider.initialize()
          │        └ <function TheLensProvider.initialize at 0x0000021E36FD8550>
          └ <app.patents.providers.the_lens.TheLensProvider object at 0x0000021E9B395B40>

  File "D:\research-funding-platform-2\backend\app\patents\providers\the_lens.py", line 117, in initialize
    raise LensAuthError(
          └ <class 'app.patents.providers.lens_client.LensAuthError'>

app.patents.providers.lens_client.LensAuthError: LENS_API_TOKEN is not configured; cannot initialise The Lens provider
2026-08-06 14:33:42.288 | INFO     | app.patents.services.dashboard_service:refresh:79 - [patent-dashboard] refreshed; patents=14 avg_score=0.7178 recs=9
2026-08-06 14:33:43.792 | INFO     | app.patents.services.dashboard_service:refresh:79 - [patent-dashboard] refreshed; patents=14 avg_score=0.7178 recs=9
2026-08-06 14:33:44.888 | ERROR    | app.patents.services.sync:_run_provider:241 - [patent-sync] the_lens failed: LENS_API_TOKEN is not configured; cannot initialise The Lens provider
Traceback (most recent call last):

  File "<string>", line 1, in <module>

  File "C:\Users\Pooji\AppData\Local\Programs\Python\Python310\lib\multiprocessing\spawn.py", line 116, in spawn_main
    exitcode = _main(fd, parent_sentinel)
               │     │   └ 356
               │     └ 3
               └ <function _main at 0x0000021E31255120>

  File "C:\Users\Pooji\AppData\Local\Programs\Python\Python310\lib\multiprocessing\spawn.py", line 129, in _main
    return self._bootstrap(parent_sentinel)
           │    │          └ 356
           │    └ <function BaseProcess._bootstrap at 0x0000021E311671C0>
           └ <SpawnProcess name='SpawnProcess-1' parent=12184 started>

  File "C:\Users\Pooji\AppData\Local\Programs\Python\Python310\lib\multiprocessing\process.py", line 314, in _bootstrap
    self.run()
    │    └ <function BaseProcess.run at 0x0000021E31166830>
    └ <SpawnProcess name='SpawnProcess-1' parent=12184 started>

  File "C:\Users\Pooji\AppData\Local\Programs\Python\Python310\lib\multiprocessing\process.py", line 108, in run
    self._target(*self._args, **self._kwargs)
    │    │        │    │        │    └ {'config': <uvicorn.config.Config object at 0x0000021E30D2AF50>, 'target': <bound method Server.run of <uvicorn.server.Server...
    │    │        │    │        └ <SpawnProcess name='SpawnProcess-1' parent=12184 started>
    │    │        │    └ ()
    │    │        └ <SpawnProcess name='SpawnProcess-1' parent=12184 started>
    │    └ <function subprocess_started at 0x0000021E3364A440>
    └ <SpawnProcess name='SpawnProcess-1' parent=12184 started>

  File "D:\research-funding-platform-2\backend\venv\lib\site-packages\uvicorn\_subprocess.py", line 78, in subprocess_started
    target(sockets=sockets)
    │              └ [<socket.socket fd=448, family=AddressFamily.AF_INET, type=SocketKind.SOCK_STREAM, proto=6, laddr=('127.0.0.1', 8000)>]
    └ <bound method Server.run of <uvicorn.server.Server object at 0x0000021E30D2AF80>>

  File "D:\research-funding-platform-2\backend\venv\lib\site-packages\uvicorn\server.py", line 62, in run
    return asyncio.run(self.serve(sockets=sockets))
           │       │   │    │             └ [<socket.socket fd=448, family=AddressFamily.AF_INET, type=SocketKind.SOCK_STREAM, proto=6, laddr=('127.0.0.1', 8000)>]
           │       │   │    └ <function Server.serve at 0x0000021E3361EDD0>
           │       │   └ <uvicorn.server.Server object at 0x0000021E30D2AF80>
           │       └ <function run at 0x0000021E32F0F880>
           └ <module 'asyncio' from 'C:\\Users\\Pooji\\AppData\\Local\\Programs\\Python\\Python310\\lib\\asyncio\\__init__.py'>

  File "C:\Users\Pooji\AppData\Local\Programs\Python\Python310\lib\asyncio\runners.py", line 44, in run
    return loop.run_until_complete(main)
           │    │                  └ <coroutine object Server.serve at 0x0000021E33794B30>
           │    └ <function BaseEventLoop.run_until_complete at 0x0000021E32F192D0>
           └ <_WindowsSelectorEventLoop running=True closed=False debug=False>

  File "C:\Users\Pooji\AppData\Local\Programs\Python\Python310\lib\asyncio\base_events.py", line 636, in run_until_complete
    self.run_forever()
    │    └ <function BaseEventLoop.run_forever at 0x0000021E32F19240>
    └ <_WindowsSelectorEventLoop running=True closed=False debug=False>

  File "C:\Users\Pooji\AppData\Local\Programs\Python\Python310\lib\asyncio\base_events.py", line 603, in run_forever
    self._run_once()
    │    └ <function BaseEventLoop._run_once at 0x0000021E32F1AD40>
    └ <_WindowsSelectorEventLoop running=True closed=False debug=False>

  File "C:\Users\Pooji\AppData\Local\Programs\Python\Python310\lib\asyncio\base_events.py", line 1909, in _run_once
    handle._run()
    │      └ <function Handle._run at 0x0000021E32E72290>
    └ <Handle Task.task_wakeup(<Future finis...021E9B396D70>>)>

  File "C:\Users\Pooji\AppData\Local\Programs\Python\Python310\lib\asyncio\events.py", line 80, in _run
    self._context.run(self._callback, *self._args)
    │    │            │    │           │    └ <member '_args' of 'Handle' objects>
    │    │            │    │           └ <Handle Task.task_wakeup(<Future finis...021E9B396D70>>)>
    │    │            │    └ <member '_callback' of 'Handle' objects>
    │    │            └ <Handle Task.task_wakeup(<Future finis...021E9B396D70>>)>
    │    └ <member '_context' of 'Handle' objects>
    └ <Handle Task.task_wakeup(<Future finis...021E9B396D70>>)>

  File "D:\research-funding-platform-2\backend\venv\lib\site-packages\anyio\_core\_tasks.py", line 275, in _run_coro
    retval = await self._coro
                   │    └ <member '_coro' of 'TaskHandle' objects>
                   └ <TaskHandle pending name='starlette.middleware.base.BaseHTTPMiddleware.__call__.<locals>.call_next.<locals>.coro' coro=<corou...

  File "D:\research-funding-platform-2\backend\venv\lib\site-packages\starlette\middleware\base.py", line 151, in coro
    await self.app(scope, receive_or_disconnect, send_no_error)
          │    │   │      │                      └ <function BaseHTTPMiddleware.__call__.<locals>.call_next.<locals>.send_no_error at 0x0000021E9B3828C0>
          │    │   │      └ <function BaseHTTPMiddleware.__call__.<locals>.call_next.<locals>.receive_or_disconnect at 0x0000021E9B383760>
          │    │   └ {'type': 'http', 'asgi': {'version': '3.0', 'spec_version': '2.3'}, 'http_version': '1.1', 'server': ('127.0.0.1', 8000), 'cl...
          │    └ <starlette.middleware.cors.CORSMiddleware object at 0x0000021E98BB6E30>
          └ <starlette.middleware.base.BaseHTTPMiddleware object at 0x0000021E98BB6E60>

  File "D:\research-funding-platform-2\backend\venv\lib\site-packages\starlette\middleware\cors.py", line 91, in __call__
    await self.simple_response(scope, receive, send, request_headers=headers)
          │    │               │      │        │                     └ Headers({'host': 'localhost:8000', 'connection': 'keep-alive', 'content-length': '36', 'sec-ch-ua-platform': '"Windows"', 'au...
          │    │               │      │        └ <function BaseHTTPMiddleware.__call__.<locals>.call_next.<locals>.send_no_error at 0x0000021E9B3828C0>
          │    │               │      └ <function BaseHTTPMiddleware.__call__.<locals>.call_next.<locals>.receive_or_disconnect at 0x0000021E9B383760>
          │    │               └ {'type': 'http', 'asgi': {'version': '3.0', 'spec_version': '2.3'}, 'http_version': '1.1', 'server': ('127.0.0.1', 8000), 'cl...
          │    └ <function CORSMiddleware.simple_response at 0x0000021E34926560>
          └ <starlette.middleware.cors.CORSMiddleware object at 0x0000021E98BB6E30>

  File "D:\research-funding-platform-2\backend\venv\lib\site-packages\starlette\middleware\cors.py", line 146, in simple_response
    await self.app(scope, receive, send)
          │    │   │      │        └ functools.partial(<bound method CORSMiddleware.send of <starlette.middleware.cors.CORSMiddleware object at 0x0000021E98BB6E30...
          │    │   │      └ <function BaseHTTPMiddleware.__call__.<locals>.call_next.<locals>.receive_or_disconnect at 0x0000021E9B383760>
          │    │   └ {'type': 'http', 'asgi': {'version': '3.0', 'spec_version': '2.3'}, 'http_version': '1.1', 'server': ('127.0.0.1', 8000), 'cl...
          │    └ <starlette.middleware.exceptions.ExceptionMiddleware object at 0x0000021E98BB6E00>
          └ <starlette.middleware.cors.CORSMiddleware object at 0x0000021E98BB6E30>

  File "D:\research-funding-platform-2\backend\venv\lib\site-packages\starlette\middleware\exceptions.py", line 62, in __call__
    await wrap_app_handling_exceptions(self.app, conn)(scope, receive, send)
          │                            │    │    │     │      │        └ functools.partial(<bound method CORSMiddleware.send of <starlette.middleware.cors.CORSMiddleware object at 0x0000021E98BB6E30...
          │                            │    │    │     │      └ <function BaseHTTPMiddleware.__call__.<locals>.call_next.<locals>.receive_or_disconnect at 0x0000021E9B383760>
          │                            │    │    │     └ {'type': 'http', 'asgi': {'version': '3.0', 'spec_version': '2.3'}, 'http_version': '1.1', 'server': ('127.0.0.1', 8000), 'cl...
          │                            │    │    └ <starlette.requests.Request object at 0x0000021E9B396FB0>
          │                            │    └ <fastapi.routing.APIRouter object at 0x0000021E98946D40>
          │                            └ <starlette.middleware.exceptions.ExceptionMiddleware object at 0x0000021E98BB6E00>
          └ <function wrap_app_handling_exceptions at 0x0000021E347779A0>

  File "D:\research-funding-platform-2\backend\venv\lib\site-packages\starlette\_exception_handler.py", line 53, in wrapped_app
    await app(scope, receive, sender)
          │   │      │        └ <function wrap_app_handling_exceptions.<locals>.wrapped_app.<locals>.sender at 0x0000021E9B382560>
          │   │      └ <function BaseHTTPMiddleware.__call__.<locals>.call_next.<locals>.receive_or_disconnect at 0x0000021E9B383760>
          │   └ {'type': 'http', 'asgi': {'version': '3.0', 'spec_version': '2.3'}, 'http_version': '1.1', 'server': ('127.0.0.1', 8000), 'cl...
          └ <fastapi.routing.APIRouter object at 0x0000021E98946D40>

  File "D:\research-funding-platform-2\backend\venv\lib\site-packages\starlette\routing.py", line 758, in __call__
    await self.middleware_stack(scope, receive, send)
          │    │                │      │        └ <function wrap_app_handling_exceptions.<locals>.wrapped_app.<locals>.sender at 0x0000021E9B382560>
          │    │                │      └ <function BaseHTTPMiddleware.__call__.<locals>.call_next.<locals>.receive_or_disconnect at 0x0000021E9B383760>
          │    │                └ {'type': 'http', 'asgi': {'version': '3.0', 'spec_version': '2.3'}, 'http_version': '1.1', 'server': ('127.0.0.1', 8000), 'cl...
          │    └ <bound method Router.app of <fastapi.routing.APIRouter object at 0x0000021E98946D40>>
          └ <fastapi.routing.APIRouter object at 0x0000021E98946D40>

  File "D:\research-funding-platform-2\backend\venv\lib\site-packages\starlette\routing.py", line 778, in app
    await route.handle(scope, receive, send)
          │     │      │      │        └ <function wrap_app_handling_exceptions.<locals>.wrapped_app.<locals>.sender at 0x0000021E9B382560>
          │     │      │      └ <function BaseHTTPMiddleware.__call__.<locals>.call_next.<locals>.receive_or_disconnect at 0x0000021E9B383760>
          │     │      └ {'type': 'http', 'asgi': {'version': '3.0', 'spec_version': '2.3'}, 'http_version': '1.1', 'server': ('127.0.0.1', 8000), 'cl...
          │     └ <function Route.handle at 0x0000021E3476CEE0>
          └ APIRoute(path='/api/v1/patents/intel/sync', name='patent_sync', methods=['POST'])

  File "D:\research-funding-platform-2\backend\venv\lib\site-packages\starlette\routing.py", line 299, in handle
    await self.app(scope, receive, send)
          │    │   │      │        └ <function wrap_app_handling_exceptions.<locals>.wrapped_app.<locals>.sender at 0x0000021E9B382560>
          │    │   │      └ <function BaseHTTPMiddleware.__call__.<locals>.call_next.<locals>.receive_or_disconnect at 0x0000021E9B383760>
          │    │   └ {'type': 'http', 'asgi': {'version': '3.0', 'spec_version': '2.3'}, 'http_version': '1.1', 'server': ('127.0.0.1', 8000), 'cl...
          │    └ <function request_response.<locals>.app at 0x0000021E98B283A0>
          └ APIRoute(path='/api/v1/patents/intel/sync', name='patent_sync', methods=['POST'])

  File "D:\research-funding-platform-2\backend\venv\lib\site-packages\starlette\routing.py", line 79, in app
    await wrap_app_handling_exceptions(app, request)(scope, receive, send)
          │                            │    │        │      │        └ <function wrap_app_handling_exceptions.<locals>.wrapped_app.<locals>.sender at 0x0000021E9B382560>
          │                            │    │        │      └ <function BaseHTTPMiddleware.__call__.<locals>.call_next.<locals>.receive_or_disconnect at 0x0000021E9B383760>
          │                            │    │        └ {'type': 'http', 'asgi': {'version': '3.0', 'spec_version': '2.3'}, 'http_version': '1.1', 'server': ('127.0.0.1', 8000), 'cl...
          │                            │    └ <starlette.requests.Request object at 0x0000021E9B3970A0>
          │                            └ <function request_response.<locals>.app.<locals>.app at 0x0000021E9B3832E0>
          └ <function wrap_app_handling_exceptions at 0x0000021E347779A0>

  File "D:\research-funding-platform-2\backend\venv\lib\site-packages\starlette\_exception_handler.py", line 53, in wrapped_app
    await app(scope, receive, sender)
          │   │      │        └ <function wrap_app_handling_exceptions.<locals>.wrapped_app.<locals>.sender at 0x0000021E9B3801F0>
          │   │      └ <function BaseHTTPMiddleware.__call__.<locals>.call_next.<locals>.receive_or_disconnect at 0x0000021E9B383760>
          │   └ {'type': 'http', 'asgi': {'version': '3.0', 'spec_version': '2.3'}, 'http_version': '1.1', 'server': ('127.0.0.1', 8000), 'cl...
          └ <function request_response.<locals>.app.<locals>.app at 0x0000021E9B3832E0>

  File "D:\research-funding-platform-2\backend\venv\lib\site-packages\starlette\routing.py", line 74, in app
    response = await func(request)
                     │    └ <starlette.requests.Request object at 0x0000021E9B3970A0>
                     └ <function get_request_handler.<locals>.app at 0x0000021E98B28700>

  File "D:\research-funding-platform-2\backend\venv\lib\site-packages\fastapi\routing.py", line 278, in app
    raw_response = await run_endpoint_function(
                         └ <function run_endpoint_function at 0x0000021E3476DD80>

  File "D:\research-funding-platform-2\backend\venv\lib\site-packages\fastapi\routing.py", line 191, in run_endpoint_function
    return await dependant.call(**values)
                 │         │      └ {'_current': <app.models.user.User object at 0x0000021E9B396D70>, 'db': <sqlalchemy.orm.session.Session object at 0x0000021E9...
                 │         └ <function patent_sync at 0x0000021E9892F250>
                 └ <fastapi.dependencies.models.Dependant object at 0x0000021E98BB4F70>

  File "D:\research-funding-platform-2\backend\app\patents\api\__init__.py", line 214, in patent_sync
    result = await engine.run(provider=provider, mode=mode, force=force)
                   │      │            │              │           └ False
                   │      │            │              └ 'incremental'
                   │      │            └ None
                   │      └ <function PatentSyncEngine.run at 0x0000021E9892D360>
                   └ <app.patents.services.sync.PatentSyncEngine object at 0x0000021E9B396C20>

  File "D:\research-funding-platform-2\backend\app\patents\services\sync.py", line 101, in run
    report = await self._run_provider(prov, mode=mode, run_id=run.id)
                   │    │             │          │            │   └ <sqlalchemy.orm.attributes.InstrumentedAttribute object at 0x0000021E36EE6DE0>
                   │    │             │          │            └ <app.patents.models.PatentSyncRun object at 0x0000021E9B397220>
                   │    │             │          └ 'incremental'
                   │    │             └ 'the_lens'
                   │    └ <function PatentSyncEngine._run_provider at 0x0000021E9892D3F0>
                   └ <app.patents.services.sync.PatentSyncEngine object at 0x0000021E9B396C20>

> File "D:\research-funding-platform-2\backend\app\patents\services\sync.py", line 181, in _run_provider
    await provider.initialize()
          │        └ <function TheLensProvider.initialize at 0x0000021E36FD8550>
          └ <app.patents.providers.the_lens.TheLensProvider object at 0x0000021E9B395330>

  File "D:\research-funding-platform-2\backend\app\patents\providers\the_lens.py", line 117, in initialize
    raise LensAuthError(
          └ <class 'app.patents.providers.lens_client.LensAuthError'>

app.patents.providers.lens_client.LensAuthError: LENS_API_TOKEN is not configured; cannot initialise The Lens provider
2026-08-06 14:33:45.132 | INFO     | app.patents.services.dashboard_service:refresh:79 - [patent-dashboard] refreshed; patents=14 avg_score=0.7178 recs=9
2026-08-06 14:33:46.283 | ERROR    | app.db:get_db:28 - Database session error: name 'Patent' is not defined
2026-08-06 14:33:46.287 | ERROR    | app.main:unhandled_exception_handler:123 - Unhandled error: name 'Patent' is not defined
2026-08-06 14:33:46.567 | ERROR    | app.db:get_db:28 - Database session error: name 'Patent' is not defined
2026-08-06 14:33:46.571 | ERROR    | app.main:unhandled_exception_handler:123 - Unhandled error: name 'Patent' is not defined
2026-08-06 14:33:48.617 | ERROR    | app.db:get_db:28 - Database session error: name 'Patent' is not defined
2026-08-06 14:33:48.622 | ERROR    | app.main:unhandled_exception_handler:123 - Unhandled error: name 'Patent' is not defined
2026-08-06 14:33:49.399 | ERROR    | app.db:get_db:28 - Database session error: name 'Patent' is not defined
2026-08-06 14:33:49.403 | ERROR    | app.main:unhandled_exception_handler:123 - Unhandled error: name 'Patent' is not defined
2026-08-06 14:33:50.449 | ERROR    | app.db:get_db:28 - Database session error: name 'Patent' is not defined
2026-08-06 14:33:50.456 | ERROR    | app.main:unhandled_exception_handler:123 - Unhandled error: name 'Patent' is not defined
2026-08-06 14:33:51.304 | ERROR    | app.db:get_db:28 - Database session error: name 'Patent' is not defined
2026-08-06 14:33:51.308 | ERROR    | app.main:unhandled_exception_handler:123 - Unhandled error: name 'Patent' is not defined
2026-08-06 14:33:52.371 | ERROR    | app.db:get_db:28 - Database session error: name 'Patent' is not defined
2026-08-06 14:33:52.376 | ERROR    | app.main:unhandled_exception_handler:123 - Unhandled error: name 'Patent' is not defined
2026-08-06 14:33:53.123 | ERROR    | app.db:get_db:28 - Database session error: name 'Patent' is not defined
2026-08-06 14:33:53.129 | ERROR    | app.main:unhandled_exception_handler:123 - Unhandled error: name 'Patent' is not defined
2026-08-06 14:34:52.014 | INFO     | app.utils.dashboard_metrics:available_funding_count:700 - [dashboard] recommender returned 0 high-match for user_id=1; falling back to corpus size 1443
2026-08-06 14:35:14.403 | INFO     | app.utils.dashboard_metrics:available_funding_count:700 - [dashboard] recommender returned 0 high-match for user_id=1; falling back to corpus size 1443
2026-08-06 14:39:01.576 | ERROR    | app.db:get_db:28 - Database session error: [TypeError("'coroutine' object is not iterable"), TypeError('vars() argument must have __dict__ attribute')]
2026-08-06 14:39:01.579 | ERROR    | app.main:unhandled_exception_handler:123 - Unhandled error: [TypeError("'coroutine' object is not iterable"), TypeError('vars() argument must have __dict__ attribute')]
2026-08-06 14:39:05.589 | ERROR    | app.db:get_db:28 - Database session error: [TypeError("'coroutine' object is not iterable"), TypeError('vars() argument must have __dict__ attribute')]
2026-08-06 14:39:05.592 | ERROR    | app.main:unhandled_exception_handler:123 - Unhandled error: [TypeError("'coroutine' object is not iterable"), TypeError('vars() argument must have __dict__ attribute')]
2026-08-06 14:39:06.946 | ERROR    | app.db:get_db:28 - Database session error: [TypeError("'coroutine' object is not iterable"), TypeError('vars() argument must have __dict__ attribute')]
2026-08-06 14:39:06.949 | ERROR    | app.main:unhandled_exception_handler:123 - Unhandled error: [TypeError("'coroutine' object is not iterable"), TypeError('vars() argument must have __dict__ attribute')]
2026-08-06 14:39:27.521 | INFO     | app.patents.services.dashboard_service:refresh:79 - [patent-dashboard] refreshed; patents=14 avg_score=0.7178 recs=9
2026-08-06 14:45:00.025 | INFO     | app.funding_intel.providers.nih:initialize:52 - [nih] HTTP client initialised against https://api.reporter.nih.gov/v2
2026-08-06 14:45:01.585 | INFO     | app.funding_intel.providers.nih:fetch_batch:115 - [NIH] offset=0, fetched=1, total=2959526, next_cursor=1:75N94023D00001-P00007-759402300004-1
2026-08-06 14:45:01.603 | INFO     | app.funding_intel.providers.grants_gov:initialize:46 - [grants_gov] HTTP client initialised against https://api.grants.gov/v1/api
2026-08-06 14:45:02.901 | INFO     | app.funding_intel.providers.nsf:initialize:50 - [nsf] HTTP client initialised against https://api.nsf.gov/services/v1
2026-08-06 14:45:03.959 | INFO     | app.funding_intel.providers.openalex:initialize:78 - [openalex] HTTP client initialised against https://api.openalex.org (api_key=yes, mailto=funding-intel@research-platform.local)
2026-08-06 14:45:05.416 | INFO     | app.funding_intel.providers.cordis:initialize:51 - [cordis] HTTP client initialised against https://cordis.europa.eu/api
2026-08-06 15:00:00.064 | INFO     | app.funding_intel.providers.nih:initialize:52 - [nih] HTTP client initialised against https://api.reporter.nih.gov/v2
2026-08-06 15:00:01.413 | INFO     | app.funding_intel.providers.nih:fetch_batch:115 - [NIH] offset=0, fetched=1, total=2959526, next_cursor=1:75N94023D00001-P00007-759402300004-1
2026-08-06 15:00:01.425 | INFO     | app.funding_intel.providers.grants_gov:initialize:46 - [grants_gov] HTTP client initialised against https://api.grants.gov/v1/api
2026-08-06 15:00:02.386 | INFO     | app.funding_intel.providers.nsf:initialize:50 - [nsf] HTTP client initialised against https://api.nsf.gov/services/v1
2026-08-06 15:00:03.374 | INFO     | app.funding_intel.providers.openalex:initialize:78 - [openalex] HTTP client initialised against https://api.openalex.org (api_key=yes, mailto=funding-intel@research-platform.local)
2026-08-06 15:00:04.705 | INFO     | app.funding_intel.providers.cordis:initialize:51 - [cordis] HTTP client initialised against https://cordis.europa.eu/api
2026-08-06 15:15:00.071 | INFO     | app.funding_intel.providers.nih:initialize:52 - [nih] HTTP client initialised against https://api.reporter.nih.gov/v2
2026-08-06 15:15:00.243 | INFO     | app.main:lifespan:45 - Shutting down
2026-08-06 15:15:00.249 | INFO     | app.db.mongo:close_mongo_connection:35 - MongoDB connection closed
2026-08-06 15:15:00.703 | ERROR    | app.funding_intel.scheduler.jobs:_scheduler_event_listener:122 - [scheduler] job failed: 
2026-08-06 15:17:36.383 | INFO     | app.core.logging:setup_logging:26 - Logging initialized for Research Funding & Innovation Intelligence Platform v1.0.0
2026-08-06 15:17:36.912 | INFO     | app.main:lifespan:25 - Starting Research Funding & Innovation Intelligence Platform v1.0.0
2026-08-06 15:17:37.231 | INFO     | app.db:init_db:51 - Database tables created successfully
2026-08-06 15:17:37.840 | INFO     | app.db.mongo:connect_to_mongo:26 - Connected to MongoDB successfully
2026-08-06 15:17:37.875 | INFO     | app.funding_intel.scheduler.jobs:start_scheduler:171 - [scheduler] funding intel background jobs started
2026-08-06 15:17:37.880 | INFO     | app.patents.scheduler.jobs:start_patent_scheduler:148 - [patent-scheduler] patent intel background jobs started
2026-08-06 15:21:54.669 | INFO     | app.main:lifespan:45 - Shutting down
2026-08-06 15:21:54.672 | INFO     | app.db.mongo:close_mongo_connection:35 - MongoDB connection closed
2026-08-06 15:22:27.659 | INFO     | app.core.logging:setup_logging:26 - Logging initialized for Research Funding & Innovation Intelligence Platform v1.0.0
2026-08-06 15:22:28.142 | INFO     | app.main:lifespan:25 - Starting Research Funding & Innovation Intelligence Platform v1.0.0
2026-08-06 15:22:28.392 | INFO     | app.db:init_db:51 - Database tables created successfully
2026-08-06 15:22:28.427 | INFO     | app.db.mongo:connect_to_mongo:26 - Connected to MongoDB successfully
2026-08-06 15:22:28.450 | INFO     | app.funding_intel.scheduler.jobs:start_scheduler:171 - [scheduler] funding intel background jobs started
2026-08-06 15:22:28.454 | INFO     | app.patents.scheduler.jobs:start_patent_scheduler:148 - [patent-scheduler] patent intel background jobs started
2026-08-06 15:30:00.043 | INFO     | app.funding_intel.providers.nih:initialize:52 - [nih] HTTP client initialised against https://api.reporter.nih.gov/v2
2026-08-06 15:30:01.673 | INFO     | app.funding_intel.providers.nih:fetch_batch:115 - [NIH] offset=0, fetched=1, total=2959526, next_cursor=1:75N94023D00001-P00007-759402300004-1
2026-08-06 15:30:01.703 | INFO     | app.funding_intel.providers.grants_gov:initialize:46 - [grants_gov] HTTP client initialised against https://api.grants.gov/v1/api
2026-08-06 15:30:03.030 | INFO     | app.funding_intel.providers.nsf:initialize:50 - [nsf] HTTP client initialised against https://api.nsf.gov/services/v1
2026-08-06 15:30:04.233 | INFO     | app.funding_intel.providers.openalex:initialize:78 - [openalex] HTTP client initialised against https://api.openalex.org (api_key=yes, mailto=funding-intel@research-platform.local)
2026-08-06 15:30:05.976 | INFO     | app.funding_intel.providers.cordis:initialize:51 - [cordis] HTTP client initialised against https://cordis.europa.eu/api
2026-08-06 15:44:52.018 | INFO     | app.core.logging:setup_logging:26 - Logging initialized for Research Funding & Innovation Intelligence Platform v1.0.0
2026-08-06 15:45:00.058 | INFO     | app.funding_intel.providers.nih:initialize:52 - [nih] HTTP client initialised against https://api.reporter.nih.gov/v2
2026-08-06 15:45:00.217 | INFO     | app.main:lifespan:45 - Shutting down
2026-08-06 15:45:00.220 | INFO     | app.db.mongo:close_mongo_connection:35 - MongoDB connection closed
2026-08-06 15:45:00.290 | ERROR    | app.funding_intel.scheduler.jobs:_scheduler_event_listener:122 - [scheduler] job failed: 
2026-08-06 15:45:34.306 | INFO     | app.core.logging:setup_logging:26 - Logging initialized for Research Funding & Innovation Intelligence Platform v1.0.0
2026-08-06 15:45:34.492 | INFO     | app.core.logging:setup_logging:26 - Logging initialized for Research Funding & Innovation Intelligence Platform v1.0.0
2026-08-06 15:45:35.010 | INFO     | app.main:lifespan:26 - Starting Research Funding & Innovation Intelligence Platform v1.0.0
2026-08-06 15:45:35.203 | INFO     | app.db:init_db:51 - Database tables created successfully
2026-08-06 15:45:35.265 | INFO     | app.db.mongo:connect_to_mongo:26 - Connected to MongoDB successfully
2026-08-06 15:45:35.289 | INFO     | app.funding_intel.scheduler.jobs:start_scheduler:171 - [scheduler] funding intel background jobs started
2026-08-06 15:45:35.293 | INFO     | app.patents.scheduler.jobs:start_patent_scheduler:148 - [patent-scheduler] patent intel background jobs started
2026-08-06 15:46:16.888 | ERROR    | app.db:get_db:28 - Database session error: 401: Could not validate credentials
2026-08-06 15:46:16.897 | ERROR    | app.db:get_db:28 - Database session error: 401: Could not validate credentials
2026-08-06 15:46:16.903 | ERROR    | app.db:get_db:28 - Database session error: 401: Could not validate credentials
2026-08-06 15:46:16.910 | ERROR    | app.db:get_db:28 - Database session error: 401: Could not validate credentials
2026-08-06 15:47:57.358 | INFO     | app.patents.services.dashboard_service:refresh:79 - [patent-dashboard] refreshed; patents=14 avg_score=0.7178 recs=9
2026-08-06 15:48:12.702 | INFO     | app.utils.dashboard_metrics:available_funding_count:700 - [dashboard] recommender returned 0 high-match for user_id=1; falling back to corpus size 1443
2026-08-06 15:48:14.161 | INFO     | app.patents.services.dashboard_service:refresh:79 - [patent-dashboard] refreshed; patents=14 avg_score=0.7178 recs=9
2026-08-06 15:48:19.748 | INFO     | app.utils.dashboard_metrics:available_funding_count:700 - [dashboard] recommender returned 0 high-match for user_id=1; falling back to corpus size 1443
2026-08-06 15:48:20.085 | INFO     | app.utils.dashboard_metrics:available_funding_count:700 - [dashboard] recommender returned 0 high-match for user_id=1; falling back to corpus size 1443
2026-08-06 15:48:42.645 | WARNING  | app.api.v1.patent_intelligence:patent_innovation_scores:237 - innovation-analysis failed for %s: %s
2026-08-06 15:48:42.787 | WARNING  | app.api.v1.patent_intelligence:patent_ai_summary:190 - patent-summary failed for %s: %s
2026-08-06 15:48:46.801 | WARNING  | app.api.v1.patent_intelligence:patent_innovation_scores:237 - innovation-analysis failed for %s: %s
2026-08-06 15:48:47.259 | WARNING  | app.api.v1.patent_intelligence:patent_ai_summary:190 - patent-summary failed for %s: %s
2026-08-06 15:48:49.317 | INFO     | app.utils.dashboard_metrics:available_funding_count:700 - [dashboard] recommender returned 0 high-match for user_id=1; falling back to corpus size 1443
2026-08-06 15:52:22.219 | WARNING  | app.api.v1.patent_intelligence:patent_ai_summary:190 - patent-summary failed for %s: %s
2026-08-06 15:54:24.578 | INFO     | app.patents.services.dashboard_service:refresh:79 - [patent-dashboard] refreshed; patents=14 avg_score=0.7178 recs=9
2026-08-06 15:54:48.812 | WARNING  | app.api.v1.patent_intelligence:patent_innovation_scores:237 - innovation-analysis failed for %s: %s
2026-08-06 15:54:48.822 | WARNING  | app.api.v1.patent_intelligence:patent_ai_summary:190 - patent-summary failed for %s: %s
2026-08-06 15:54:49.000 | WARNING  | app.api.v1.patent_intelligence:patent_innovation_scores:237 - innovation-analysis failed for %s: %s
2026-08-06 15:54:50.186 | WARNING  | app.api.v1.patent_intelligence:patent_ai_summary:190 - patent-summary failed for %s: %s
2026-08-06 15:56:01.383 | WARNING  | app.api.v1.patent_intelligence:patent_ai_summary:190 - patent-summary failed for %s: %s
2026-08-06 15:56:01.400 | WARNING  | app.api.v1.patent_intelligence:patent_innovation_scores:237 - innovation-analysis failed for %s: %s
2026-08-06 15:56:02.759 | WARNING  | app.api.v1.patent_intelligence:patent_innovation_scores:237 - innovation-analysis failed for %s: %s
2026-08-06 15:56:02.982 | WARNING  | app.api.v1.patent_intelligence:patent_ai_summary:190 - patent-summary failed for %s: %s
2026-08-06 15:56:56.661 | ERROR    | app.db:get_db:28 - Database session error: [TypeError("'coroutine' object is not iterable"), TypeError('vars() argument must have __dict__ attribute')]
2026-08-06 15:56:56.670 | ERROR    | app.main:unhandled_exception_handler:125 - Unhandled error: [TypeError("'coroutine' object is not iterable"), TypeError('vars() argument must have __dict__ attribute')]
2026-08-06 15:58:15.614 | INFO     | app.utils.dashboard_metrics:available_funding_count:700 - [dashboard] recommender returned 0 high-match for user_id=1; falling back to corpus size 1443
2026-08-06 15:58:36.264 | INFO     | app.utils.dashboard_metrics:available_funding_count:700 - [dashboard] recommender returned 0 high-match for user_id=1; falling back to corpus size 1443
2026-08-06 16:00:00.105 | INFO     | app.funding_intel.providers.nih:initialize:52 - [nih] HTTP client initialised against https://api.reporter.nih.gov/v2
2026-08-06 16:00:02.617 | INFO     | app.funding_intel.providers.nih:fetch_batch:115 - [NIH] offset=0, fetched=1, total=2959526, next_cursor=1:75N94023D00001-P00007-759402300004-1
2026-08-06 16:00:02.635 | INFO     | app.funding_intel.providers.grants_gov:initialize:46 - [grants_gov] HTTP client initialised against https://api.grants.gov/v1/api
2026-08-06 16:00:04.480 | INFO     | app.funding_intel.providers.nsf:initialize:50 - [nsf] HTTP client initialised against https://api.nsf.gov/services/v1
2026-08-06 16:00:06.008 | INFO     | app.funding_intel.providers.openalex:initialize:78 - [openalex] HTTP client initialised against https://api.openalex.org (api_key=yes, mailto=funding-intel@research-platform.local)
2026-08-06 16:00:08.177 | INFO     | app.funding_intel.providers.cordis:initialize:51 - [cordis] HTTP client initialised against https://cordis.europa.eu/api
2026-08-06 16:35:24.394 | INFO     | app.services.recommendation_service:regenerate:208 - Regenerated 500 recommendations for user researcher
2026-08-06 16:35:48.546 | INFO     | app.services.recommendation_service:regenerate:208 - Regenerated 500 recommendations for user researcher
2026-08-06 16:36:57.074 | INFO     | app.utils.dashboard_metrics:available_funding_count:700 - [dashboard] recommender returned 0 high-match for user_id=1; falling back to corpus size 1443
2026-08-06 16:37:17.328 | INFO     | app.utils.dashboard_metrics:available_funding_count:700 - [dashboard] recommender returned 0 high-match for user_id=1; falling back to corpus size 1443
2026-08-06 16:45:00.057 | INFO     | app.funding_intel.providers.nih:initialize:52 - [nih] HTTP client initialised against https://api.reporter.nih.gov/v2
2026-08-06 16:45:01.971 | INFO     | app.funding_intel.providers.nih:fetch_batch:115 - [NIH] offset=0, fetched=1, total=2959526, next_cursor=1:75N94023D00001-P00007-759402300004-1
2026-08-06 16:45:01.998 | INFO     | app.funding_intel.providers.grants_gov:initialize:46 - [grants_gov] HTTP client initialised against https://api.grants.gov/v1/api
2026-08-06 16:45:03.670 | INFO     | app.funding_intel.providers.nsf:initialize:50 - [nsf] HTTP client initialised against https://api.nsf.gov/services/v1
2026-08-06 16:45:09.157 | INFO     | app.funding_intel.providers.openalex:initialize:78 - [openalex] HTTP client initialised against https://api.openalex.org (api_key=yes, mailto=funding-intel@research-platform.local)
2026-08-06 16:45:10.784 | INFO     | app.funding_intel.providers.cordis:initialize:51 - [cordis] HTTP client initialised against https://cordis.europa.eu/api
2026-08-06 16:54:08.755 | ERROR    | app.db:get_db:28 - Database session error: 401: Could not validate credentials
2026-08-06 16:54:08.761 | ERROR    | app.db:get_db:28 - Database session error: 401: Could not validate credentials
2026-08-06 16:54:08.768 | ERROR    | app.db:get_db:28 - Database session error: 401: Could not validate credentials
2026-08-06 16:54:08.776 | ERROR    | app.db:get_db:28 - Database session error: 401: Could not validate credentials
2026-08-06 17:00:00.044 | INFO     | app.funding_intel.providers.nih:initialize:52 - [nih] HTTP client initialised against https://api.reporter.nih.gov/v2
2026-08-06 17:00:01.756 | INFO     | app.funding_intel.providers.nih:fetch_batch:115 - [NIH] offset=0, fetched=1, total=2959526, next_cursor=1:75N94023D00001-P00007-759402300004-1
2026-08-06 17:00:01.783 | INFO     | app.funding_intel.providers.grants_gov:initialize:46 - [grants_gov] HTTP client initialised against https://api.grants.gov/v1/api
2026-08-06 17:00:03.469 | INFO     | app.funding_intel.providers.nsf:initialize:50 - [nsf] HTTP client initialised against https://api.nsf.gov/services/v1
2026-08-06 17:00:04.890 | INFO     | app.funding_intel.providers.openalex:initialize:78 - [openalex] HTTP client initialised against https://api.openalex.org (api_key=yes, mailto=funding-intel@research-platform.local)
2026-08-06 17:00:06.259 | INFO     | app.funding_intel.providers.cordis:initialize:51 - [cordis] HTTP client initialised against https://cordis.europa.eu/api
2026-08-06 17:02:47.073 | INFO     | app.utils.dashboard_metrics:available_funding_count:700 - [dashboard] recommender returned 0 high-match for user_id=1; falling back to corpus size 1443
2026-08-06 17:03:07.564 | INFO     | app.utils.dashboard_metrics:available_funding_count:700 - [dashboard] recommender returned 0 high-match for user_id=1; falling back to corpus size 1443
2026-08-06 17:07:28.621 | INFO     | app.patents.services.dashboard_service:refresh:79 - [patent-dashboard] refreshed; patents=14 avg_score=0.7178 recs=9
2026-08-06 17:08:14.663 | INFO     | app.utils.dashboard_metrics:available_funding_count:700 - [dashboard] recommender returned 0 high-match for user_id=1; falling back to corpus size 1443
2026-08-06 17:08:37.185 | INFO     | app.utils.dashboard_metrics:available_funding_count:700 - [dashboard] recommender returned 0 high-match for user_id=1; falling back to corpus size 1443
2026-08-06 17:15:13.138 | INFO     | app.patents.services.dashboard_service:refresh:79 - [patent-dashboard] refreshed; patents=14 avg_score=0.7178 recs=9
2026-08-06 17:18:18.990 | INFO     | app.utils.dashboard_metrics:available_funding_count:647 - [dashboard] cold-start for user_id=4: returning full corpus size 1443 as available_funding
2026-08-06 17:18:20.086 | INFO     | app.utils.dashboard_metrics:available_funding_count:647 - [dashboard] cold-start for user_id=4: returning full corpus size 1443 as available_funding
2026-08-06 17:18:32.456 | ERROR    | app.db:get_db:28 - Database session error: name 'Patent' is not defined
2026-08-06 17:18:32.462 | ERROR    | app.main:unhandled_exception_handler:125 - Unhandled error: name 'Patent' is not defined
2026-08-06 17:18:32.726 | ERROR    | app.db:get_db:28 - Database session error: name 'Patent' is not defined
2026-08-06 17:18:32.731 | ERROR    | app.main:unhandled_exception_handler:125 - Unhandled error: name 'Patent' is not defined
2026-08-06 17:18:34.912 | ERROR    | app.db:get_db:28 - Database session error: name 'Patent' is not defined
2026-08-06 17:18:34.915 | ERROR    | app.main:unhandled_exception_handler:125 - Unhandled error: name 'Patent' is not defined
2026-08-06 17:19:01.929 | ERROR    | app.patents.services.sync:_run_provider:241 - [patent-sync] the_lens failed: LENS_API_TOKEN is not configured; cannot initialise The Lens provider
Traceback (most recent call last):

  File "<string>", line 1, in <module>

  File "C:\Users\Pooji\AppData\Local\Programs\Python\Python310\lib\multiprocessing\spawn.py", line 116, in spawn_main
    exitcode = _main(fd, parent_sentinel)
               │     │   └ 352
               │     └ 3
               └ <function _main at 0x0000020FD4EA5120>

  File "C:\Users\Pooji\AppData\Local\Programs\Python\Python310\lib\multiprocessing\spawn.py", line 129, in _main
    return self._bootstrap(parent_sentinel)
           │    │          └ 352
           │    └ <function BaseProcess._bootstrap at 0x0000020FD4DB71C0>
           └ <SpawnProcess name='SpawnProcess-8' parent=12184 started>

  File "C:\Users\Pooji\AppData\Local\Programs\Python\Python310\lib\multiprocessing\process.py", line 314, in _bootstrap
    self.run()
    │    └ <function BaseProcess.run at 0x0000020FD4DB6830>
    └ <SpawnProcess name='SpawnProcess-8' parent=12184 started>

  File "C:\Users\Pooji\AppData\Local\Programs\Python\Python310\lib\multiprocessing\process.py", line 108, in run
    self._target(*self._args, **self._kwargs)
    │    │        │    │        │    └ {'config': <uvicorn.config.Config object at 0x0000020FD497AF50>, 'target': <bound method Server.run of <uvicorn.server.Server...
    │    │        │    │        └ <SpawnProcess name='SpawnProcess-8' parent=12184 started>
    │    │        │    └ ()
    │    │        └ <SpawnProcess name='SpawnProcess-8' parent=12184 started>
    │    └ <function subprocess_started at 0x0000020FD723A440>
    └ <SpawnProcess name='SpawnProcess-8' parent=12184 started>

  File "D:\research-funding-platform-2\backend\venv\lib\site-packages\uvicorn\_subprocess.py", line 78, in subprocess_started
    target(sockets=sockets)
    │              └ [<socket.socket fd=868, family=AddressFamily.AF_INET, type=SocketKind.SOCK_STREAM, proto=6, laddr=('127.0.0.1', 8000)>]
    └ <bound method Server.run of <uvicorn.server.Server object at 0x0000020FD497AF80>>

  File "D:\research-funding-platform-2\backend\venv\lib\site-packages\uvicorn\server.py", line 62, in run
    return asyncio.run(self.serve(sockets=sockets))
           │       │   │    │             └ [<socket.socket fd=868, family=AddressFamily.AF_INET, type=SocketKind.SOCK_STREAM, proto=6, laddr=('127.0.0.1', 8000)>]
           │       │   │    └ <function Server.serve at 0x0000020FD720EDD0>
           │       │   └ <uvicorn.server.Server object at 0x0000020FD497AF80>
           │       └ <function run at 0x0000020FD6A9F880>
           └ <module 'asyncio' from 'C:\\Users\\Pooji\\AppData\\Local\\Programs\\Python\\Python310\\lib\\asyncio\\__init__.py'>

  File "C:\Users\Pooji\AppData\Local\Programs\Python\Python310\lib\asyncio\runners.py", line 44, in run
    return loop.run_until_complete(main)
           │    │                  └ <coroutine object Server.serve at 0x0000020FD7394B30>
           │    └ <function BaseEventLoop.run_until_complete at 0x0000020FD6AA92D0>
           └ <_WindowsSelectorEventLoop running=True closed=False debug=False>

  File "C:\Users\Pooji\AppData\Local\Programs\Python\Python310\lib\asyncio\base_events.py", line 636, in run_until_complete
    self.run_forever()
    │    └ <function BaseEventLoop.run_forever at 0x0000020FD6AA9240>
    └ <_WindowsSelectorEventLoop running=True closed=False debug=False>

  File "C:\Users\Pooji\AppData\Local\Programs\Python\Python310\lib\asyncio\base_events.py", line 603, in run_forever
    self._run_once()
    │    └ <function BaseEventLoop._run_once at 0x0000020FD6AAAD40>
    └ <_WindowsSelectorEventLoop running=True closed=False debug=False>

  File "C:\Users\Pooji\AppData\Local\Programs\Python\Python310\lib\asyncio\base_events.py", line 1909, in _run_once
    handle._run()
    │      └ <function Handle._run at 0x0000020FD69F2290>
    └ <Handle Task.task_wakeup(<Future finis...0210205CBBE0>>)>

  File "C:\Users\Pooji\AppData\Local\Programs\Python\Python310\lib\asyncio\events.py", line 80, in _run
    self._context.run(self._callback, *self._args)
    │    │            │    │           │    └ <member '_args' of 'Handle' objects>
    │    │            │    │           └ <Handle Task.task_wakeup(<Future finis...0210205CBBE0>>)>
    │    │            │    └ <member '_callback' of 'Handle' objects>
    │    │            └ <Handle Task.task_wakeup(<Future finis...0210205CBBE0>>)>
    │    └ <member '_context' of 'Handle' objects>
    └ <Handle Task.task_wakeup(<Future finis...0210205CBBE0>>)>

  File "D:\research-funding-platform-2\backend\venv\lib\site-packages\anyio\_core\_tasks.py", line 275, in _run_coro
    retval = await self._coro
                   │    └ <member '_coro' of 'TaskHandle' objects>
                   └ <TaskHandle pending name='starlette.middleware.base.BaseHTTPMiddleware.__call__.<locals>.call_next.<locals>.coro' coro=<corou...

  File "D:\research-funding-platform-2\backend\venv\lib\site-packages\starlette\middleware\base.py", line 151, in coro
    await self.app(scope, receive_or_disconnect, send_no_error)
          │    │   │      │                      └ <function BaseHTTPMiddleware.__call__.<locals>.call_next.<locals>.send_no_error at 0x00000210254DE4D0>
          │    │   │      └ <function BaseHTTPMiddleware.__call__.<locals>.call_next.<locals>.receive_or_disconnect at 0x00000210254DE0E0>
          │    │   └ {'type': 'http', 'asgi': {'version': '3.0', 'spec_version': '2.3'}, 'http_version': '1.1', 'server': ('127.0.0.1', 8000), 'cl...
          │    └ <starlette.middleware.cors.CORSMiddleware object at 0x000002101880FA90>
          └ <starlette.middleware.base.BaseHTTPMiddleware object at 0x000002101880FBB0>

  File "D:\research-funding-platform-2\backend\venv\lib\site-packages\starlette\middleware\cors.py", line 91, in __call__
    await self.simple_response(scope, receive, send, request_headers=headers)
          │    │               │      │        │                     └ Headers({'host': 'localhost:8000', 'connection': 'keep-alive', 'content-length': '36', 'sec-ch-ua-platform': '"Windows"', 'au...
          │    │               │      │        └ <function BaseHTTPMiddleware.__call__.<locals>.call_next.<locals>.send_no_error at 0x00000210254DE4D0>
          │    │               │      └ <function BaseHTTPMiddleware.__call__.<locals>.call_next.<locals>.receive_or_disconnect at 0x00000210254DE0E0>
          │    │               └ {'type': 'http', 'asgi': {'version': '3.0', 'spec_version': '2.3'}, 'http_version': '1.1', 'server': ('127.0.0.1', 8000), 'cl...
          │    └ <function CORSMiddleware.simple_response at 0x0000020FD8596560>
          └ <starlette.middleware.cors.CORSMiddleware object at 0x000002101880FA90>

  File "D:\research-funding-platform-2\backend\venv\lib\site-packages\starlette\middleware\cors.py", line 146, in simple_response
    await self.app(scope, receive, send)
          │    │   │      │        └ functools.partial(<bound method CORSMiddleware.send of <starlette.middleware.cors.CORSMiddleware object at 0x000002101880FA90...
          │    │   │      └ <function BaseHTTPMiddleware.__call__.<locals>.call_next.<locals>.receive_or_disconnect at 0x00000210254DE0E0>
          │    │   └ {'type': 'http', 'asgi': {'version': '3.0', 'spec_version': '2.3'}, 'http_version': '1.1', 'server': ('127.0.0.1', 8000), 'cl...
          │    └ <starlette.middleware.exceptions.ExceptionMiddleware object at 0x000002101880FAC0>
          └ <starlette.middleware.cors.CORSMiddleware object at 0x000002101880FA90>

  File "D:\research-funding-platform-2\backend\venv\lib\site-packages\starlette\middleware\exceptions.py", line 62, in __call__
    await wrap_app_handling_exceptions(self.app, conn)(scope, receive, send)
          │                            │    │    │     │      │        └ functools.partial(<bound method CORSMiddleware.send of <starlette.middleware.cors.CORSMiddleware object at 0x000002101880FA90...
          │                            │    │    │     │      └ <function BaseHTTPMiddleware.__call__.<locals>.call_next.<locals>.receive_or_disconnect at 0x00000210254DE0E0>
          │                            │    │    │     └ {'type': 'http', 'asgi': {'version': '3.0', 'spec_version': '2.3'}, 'http_version': '1.1', 'server': ('127.0.0.1', 8000), 'cl...
          │                            │    │    └ <starlette.requests.Request object at 0x00000210202AA1D0>
          │                            │    └ <fastapi.routing.APIRouter object at 0x00000210185B6E90>
          │                            └ <starlette.middleware.exceptions.ExceptionMiddleware object at 0x000002101880FAC0>
          └ <function wrap_app_handling_exceptions at 0x0000020FD83E39A0>

  File "D:\research-funding-platform-2\backend\venv\lib\site-packages\starlette\_exception_handler.py", line 53, in wrapped_app
    await app(scope, receive, sender)
          │   │      │        └ <function wrap_app_handling_exceptions.<locals>.wrapped_app.<locals>.sender at 0x000002101EA9B520>
          │   │      └ <function BaseHTTPMiddleware.__call__.<locals>.call_next.<locals>.receive_or_disconnect at 0x00000210254DE0E0>
          │   └ {'type': 'http', 'asgi': {'version': '3.0', 'spec_version': '2.3'}, 'http_version': '1.1', 'server': ('127.0.0.1', 8000), 'cl...
          └ <fastapi.routing.APIRouter object at 0x00000210185B6E90>

  File "D:\research-funding-platform-2\backend\venv\lib\site-packages\starlette\routing.py", line 758, in __call__
    await self.middleware_stack(scope, receive, send)
          │    │                │      │        └ <function wrap_app_handling_exceptions.<locals>.wrapped_app.<locals>.sender at 0x000002101EA9B520>
          │    │                │      └ <function BaseHTTPMiddleware.__call__.<locals>.call_next.<locals>.receive_or_disconnect at 0x00000210254DE0E0>
          │    │                └ {'type': 'http', 'asgi': {'version': '3.0', 'spec_version': '2.3'}, 'http_version': '1.1', 'server': ('127.0.0.1', 8000), 'cl...
          │    └ <bound method Router.app of <fastapi.routing.APIRouter object at 0x00000210185B6E90>>
          └ <fastapi.routing.APIRouter object at 0x00000210185B6E90>

  File "D:\research-funding-platform-2\backend\venv\lib\site-packages\starlette\routing.py", line 778, in app
    await route.handle(scope, receive, send)
          │     │      │      │        └ <function wrap_app_handling_exceptions.<locals>.wrapped_app.<locals>.sender at 0x000002101EA9B520>
          │     │      │      └ <function BaseHTTPMiddleware.__call__.<locals>.call_next.<locals>.receive_or_disconnect at 0x00000210254DE0E0>
          │     │      └ {'type': 'http', 'asgi': {'version': '3.0', 'spec_version': '2.3'}, 'http_version': '1.1', 'server': ('127.0.0.1', 8000), 'cl...
          │     └ <function Route.handle at 0x0000020FD83F0EE0>
          └ APIRoute(path='/api/v1/patents/intel/sync', name='patent_sync', methods=['POST'])

  File "D:\research-funding-platform-2\backend\venv\lib\site-packages\starlette\routing.py", line 299, in handle
    await self.app(scope, receive, send)
          │    │   │      │        └ <function wrap_app_handling_exceptions.<locals>.wrapped_app.<locals>.sender at 0x000002101EA9B520>
          │    │   │      └ <function BaseHTTPMiddleware.__call__.<locals>.call_next.<locals>.receive_or_disconnect at 0x00000210254DE0E0>
          │    │   └ {'type': 'http', 'asgi': {'version': '3.0', 'spec_version': '2.3'}, 'http_version': '1.1', 'server': ('127.0.0.1', 8000), 'cl...
          │    └ <function request_response.<locals>.app at 0x00000210186E4AF0>
          └ APIRoute(path='/api/v1/patents/intel/sync', name='patent_sync', methods=['POST'])

  File "D:\research-funding-platform-2\backend\venv\lib\site-packages\starlette\routing.py", line 79, in app
    await wrap_app_handling_exceptions(app, request)(scope, receive, send)
          │                            │    │        │      │        └ <function wrap_app_handling_exceptions.<locals>.wrapped_app.<locals>.sender at 0x000002101EA9B520>
          │                            │    │        │      └ <function BaseHTTPMiddleware.__call__.<locals>.call_next.<locals>.receive_or_disconnect at 0x00000210254DE0E0>
          │                            │    │        └ {'type': 'http', 'asgi': {'version': '3.0', 'spec_version': '2.3'}, 'http_version': '1.1', 'server': ('127.0.0.1', 8000), 'cl...
          │                            │    └ <starlette.requests.Request object at 0x00000210202A8EB0>
          │                            └ <function request_response.<locals>.app.<locals>.app at 0x000002101EA9ACB0>
          └ <function wrap_app_handling_exceptions at 0x0000020FD83E39A0>

  File "D:\research-funding-platform-2\backend\venv\lib\site-packages\starlette\_exception_handler.py", line 53, in wrapped_app
    await app(scope, receive, sender)
          │   │      │        └ <function wrap_app_handling_exceptions.<locals>.wrapped_app.<locals>.sender at 0x0000021023DF3400>
          │   │      └ <function BaseHTTPMiddleware.__call__.<locals>.call_next.<locals>.receive_or_disconnect at 0x00000210254DE0E0>
          │   └ {'type': 'http', 'asgi': {'version': '3.0', 'spec_version': '2.3'}, 'http_version': '1.1', 'server': ('127.0.0.1', 8000), 'cl...
          └ <function request_response.<locals>.app.<locals>.app at 0x000002101EA9ACB0>

  File "D:\research-funding-platform-2\backend\venv\lib\site-packages\starlette\routing.py", line 74, in app
    response = await func(request)
                     │    └ <starlette.requests.Request object at 0x00000210202A8EB0>
                     └ <function get_request_handler.<locals>.app at 0x00000210186E4DC0>

  File "D:\research-funding-platform-2\backend\venv\lib\site-packages\fastapi\routing.py", line 278, in app
    raw_response = await run_endpoint_function(
                         └ <function run_endpoint_function at 0x0000020FD83F1D80>

  File "D:\research-funding-platform-2\backend\venv\lib\site-packages\fastapi\routing.py", line 191, in run_endpoint_function
    return await dependant.call(**values)
                 │         │      └ {'_current': <app.models.user.User object at 0x00000210205CBBE0>, 'db': <sqlalchemy.orm.session.Session object at 0x000002102...
                 │         └ <function patent_sync at 0x00000210185A95A0>
                 └ <fastapi.dependencies.models.Dependant object at 0x00000210187EDF00>

  File "D:\research-funding-platform-2\backend\app\patents\api\__init__.py", line 214, in patent_sync
    result = await engine.run(provider=provider, mode=mode, force=force)
                   │      │            │              │           └ False
                   │      │            │              └ 'incremental'
                   │      │            └ None
                   │      └ <function PatentSyncEngine.run at 0x000002101858F0A0>
                   └ <app.patents.services.sync.PatentSyncEngine object at 0x00000210202A8430>

  File "D:\research-funding-platform-2\backend\app\patents\services\sync.py", line 101, in run
    report = await self._run_provider(prov, mode=mode, run_id=run.id)
                   │    │             │          │            │   └ <sqlalchemy.orm.attributes.InstrumentedAttribute object at 0x0000020FDAB56DE0>
                   │    │             │          │            └ <app.patents.models.PatentSyncRun object at 0x00000210205C8A90>
                   │    │             │          └ 'incremental'
                   │    │             └ 'the_lens'
                   │    └ <function PatentSyncEngine._run_provider at 0x000002101858F130>
                   └ <app.patents.services.sync.PatentSyncEngine object at 0x00000210202A8430>

> File "D:\research-funding-platform-2\backend\app\patents\services\sync.py", line 181, in _run_provider
    await provider.initialize()
          │        └ <function TheLensProvider.initialize at 0x0000020FDAC48550>
          └ <app.patents.providers.the_lens.TheLensProvider object at 0x00000210202AA500>

  File "D:\research-funding-platform-2\backend\app\patents\providers\the_lens.py", line 117, in initialize
    raise LensAuthError(
          └ <class 'app.patents.providers.lens_client.LensAuthError'>

app.patents.providers.lens_client.LensAuthError: LENS_API_TOKEN is not configured; cannot initialise The Lens provider
2026-08-06 17:19:02.407 | INFO     | app.patents.services.dashboard_service:refresh:79 - [patent-dashboard] refreshed; patents=14 avg_score=0.7178 recs=9
2026-08-06 17:19:04.782 | INFO     | app.patents.services.dashboard_service:refresh:79 - [patent-dashboard] refreshed; patents=14 avg_score=0.7178 recs=9
2026-08-06 17:30:00.050 | INFO     | app.funding_intel.providers.nih:initialize:52 - [nih] HTTP client initialised against https://api.reporter.nih.gov/v2
2026-08-06 17:30:02.141 | INFO     | app.funding_intel.providers.nih:fetch_batch:115 - [NIH] offset=0, fetched=1, total=2959526, next_cursor=1:75N94023D00001-P00007-759402300004-1
2026-08-06 17:30:02.180 | INFO     | app.funding_intel.providers.grants_gov:initialize:46 - [grants_gov] HTTP client initialised against https://api.grants.gov/v1/api
2026-08-06 17:30:05.974 | INFO     | app.funding_intel.providers.nsf:initialize:50 - [nsf] HTTP client initialised against https://api.nsf.gov/services/v1
2026-08-06 17:30:09.450 | INFO     | app.funding_intel.providers.openalex:initialize:78 - [openalex] HTTP client initialised against https://api.openalex.org (api_key=yes, mailto=funding-intel@research-platform.local)
2026-08-06 17:30:14.382 | INFO     | app.funding_intel.providers.cordis:initialize:51 - [cordis] HTTP client initialised against https://cordis.europa.eu/api
2026-08-06 17:35:40.017 | INFO     | app.patents.services.dashboard_service:refresh:79 - [patent-dashboard] refreshed; patents=14 avg_score=0.7178 recs=9
2026-08-06 17:39:24.945 | INFO     | app.utils.dashboard_metrics:available_funding_count:700 - [dashboard] recommender returned 0 high-match for user_id=1; falling back to corpus size 1443
2026-08-06 17:39:46.056 | INFO     | app.utils.dashboard_metrics:available_funding_count:700 - [dashboard] recommender returned 0 high-match for user_id=1; falling back to corpus size 1443
2026-08-06 17:49:23.190 | INFO     | app.patents.services.dashboard_service:refresh:79 - [patent-dashboard] refreshed; patents=14 avg_score=0.7178 recs=9
2026-08-06 17:54:34.606 | WARNING  | app.api.v1.patent_intelligence:patent_innovation_scores:237 - innovation-analysis failed for %s: %s
2026-08-06 17:54:34.620 | WARNING  | app.api.v1.patent_intelligence:patent_ai_summary:190 - patent-summary failed for %s: %s
2026-08-06 17:54:36.104 | WARNING  | app.api.v1.patent_intelligence:patent_innovation_scores:237 - innovation-analysis failed for %s: %s
2026-08-06 17:54:36.263 | WARNING  | app.api.v1.patent_intelligence:patent_ai_summary:190 - patent-summary failed for %s: %s
2026-08-06 17:54:48.671 | INFO     | app.patents.services.dashboard_service:refresh:79 - [patent-dashboard] refreshed; patents=14 avg_score=0.7178 recs=9
2026-08-06 17:55:10.115 | WARNING  | app.api.v1.patent_intelligence:patent_innovation_scores:237 - innovation-analysis failed for %s: %s
2026-08-06 17:55:10.124 | WARNING  | app.api.v1.patent_intelligence:patent_ai_summary:190 - patent-summary failed for %s: %s
2026-08-06 17:55:10.401 | WARNING  | app.api.v1.patent_intelligence:patent_innovation_scores:237 - innovation-analysis failed for %s: %s
2026-08-06 17:55:11.449 | WARNING  | app.api.v1.patent_intelligence:patent_ai_summary:190 - patent-summary failed for %s: %s
2026-08-06 18:00:00.041 | INFO     | app.funding_intel.providers.nih:initialize:52 - [nih] HTTP client initialised against https://api.reporter.nih.gov/v2
2026-08-06 18:00:02.085 | INFO     | app.funding_intel.providers.nih:fetch_batch:115 - [NIH] offset=0, fetched=1, total=2959526, next_cursor=1:75N94023D00001-P00007-759402300004-1
2026-08-06 18:00:02.129 | INFO     | app.funding_intel.providers.grants_gov:initialize:46 - [grants_gov] HTTP client initialised against https://api.grants.gov/v1/api
2026-08-06 18:00:03.397 | INFO     | app.funding_intel.providers.nsf:initialize:50 - [nsf] HTTP client initialised against https://api.nsf.gov/services/v1
2026-08-06 18:00:04.653 | INFO     | app.funding_intel.providers.openalex:initialize:78 - [openalex] HTTP client initialised against https://api.openalex.org (api_key=yes, mailto=funding-intel@research-platform.local)
2026-08-06 18:00:06.419 | INFO     | app.funding_intel.providers.cordis:initialize:51 - [cordis] HTTP client initialised against https://cordis.europa.eu/api
2026-08-06 18:07:27.521 | WARNING  | app.api.v1.patent_intelligence:patent_ai_summary:190 - patent-summary failed for %s: %s
2026-08-06 18:07:27.532 | WARNING  | app.api.v1.patent_intelligence:patent_innovation_scores:237 - innovation-analysis failed for %s: %s
2026-08-06 18:07:27.660 | WARNING  | app.api.v1.patent_intelligence:patent_ai_summary:190 - patent-summary failed for %s: %s
2026-08-06 18:07:28.933 | WARNING  | app.api.v1.patent_intelligence:patent_innovation_scores:237 - innovation-analysis failed for %s: %s
2026-08-06 18:09:09.673 | INFO     | app.patents.services.dashboard_service:refresh:79 - [patent-dashboard] refreshed; patents=14 avg_score=0.7178 recs=9
2026-08-06 18:09:51.008 | WARNING  | app.api.v1.patent_intelligence:patent_innovation_scores:237 - innovation-analysis failed for %s: %s
2026-08-06 18:09:51.015 | WARNING  | app.api.v1.patent_intelligence:patent_ai_summary:190 - patent-summary failed for %s: %s
2026-08-06 18:09:51.343 | WARNING  | app.api.v1.patent_intelligence:patent_ai_summary:190 - patent-summary failed for %s: %s
2026-08-06 18:09:52.486 | WARNING  | app.api.v1.patent_intelligence:patent_innovation_scores:237 - innovation-analysis failed for %s: %s
2026-08-06 18:15:00.042 | INFO     | app.funding_intel.providers.nih:initialize:52 - [nih] HTTP client initialised against https://api.reporter.nih.gov/v2
2026-08-06 18:15:01.577 | INFO     | app.funding_intel.providers.nih:fetch_batch:115 - [NIH] offset=0, fetched=1, total=2959526, next_cursor=1:75N94023D00001-P00007-759402300004-1
2026-08-06 18:15:01.604 | INFO     | app.funding_intel.providers.grants_gov:initialize:46 - [grants_gov] HTTP client initialised against https://api.grants.gov/v1/api
2026-08-06 18:15:03.703 | INFO     | app.funding_intel.providers.nsf:initialize:50 - [nsf] HTTP client initialised against https://api.nsf.gov/services/v1
2026-08-06 18:15:04.990 | INFO     | app.funding_intel.providers.openalex:initialize:78 - [openalex] HTTP client initialised against https://api.openalex.org (api_key=yes, mailto=funding-intel@research-platform.local)
2026-08-06 18:15:06.167 | INFO     | app.funding_intel.providers.cordis:initialize:51 - [cordis] HTTP client initialised against https://cordis.europa.eu/api
2026-08-06 18:30:00.142 | INFO     | app.funding_intel.providers.nih:initialize:52 - [nih] HTTP client initialised against https://api.reporter.nih.gov/v2
2026-08-06 18:30:03.962 | INFO     | app.funding_intel.providers.nih:fetch_batch:115 - [NIH] offset=0, fetched=1, total=2959526, next_cursor=1:75N94023D00001-P00007-759402300004-1
2026-08-06 18:30:03.994 | INFO     | app.funding_intel.providers.grants_gov:initialize:46 - [grants_gov] HTTP client initialised against https://api.grants.gov/v1/api
2026-08-06 18:30:06.086 | INFO     | app.funding_intel.providers.nsf:initialize:50 - [nsf] HTTP client initialised against https://api.nsf.gov/services/v1
2026-08-06 18:30:10.110 | INFO     | app.funding_intel.providers.openalex:initialize:78 - [openalex] HTTP client initialised against https://api.openalex.org (api_key=yes, mailto=funding-intel@research-platform.local)
2026-08-06 18:30:12.231 | INFO     | app.funding_intel.providers.cordis:initialize:51 - [cordis] HTTP client initialised against https://cordis.europa.eu/api
2026-08-06 18:34:00.856 | INFO     | app.main:lifespan:46 - Shutting down
2026-08-06 18:34:00.896 | INFO     | app.db.mongo:close_mongo_connection:35 - MongoDB connection closed
2026-08-06 18:34:38.519 | INFO     | app.core.logging:setup_logging:26 - Logging initialized for Research Funding & Innovation Intelligence Platform v1.0.0
2026-08-06 18:34:38.714 | INFO     | app.main:lifespan:26 - Starting Research Funding & Innovation Intelligence Platform v1.0.0
2026-08-06 18:34:38.971 | INFO     | app.db:init_db:52 - Database tables created successfully
2026-08-06 18:34:39.509 | INFO     | app.db.mongo:connect_to_mongo:26 - Connected to MongoDB successfully
2026-08-06 18:34:39.551 | INFO     | app.funding_intel.scheduler.jobs:start_scheduler:171 - [scheduler] funding intel background jobs started
2026-08-06 18:34:39.554 | INFO     | app.patents.scheduler.jobs:start_patent_scheduler:148 - [patent-scheduler] patent intel background jobs started
2026-08-06 18:45:00.106 | INFO     | app.funding_intel.providers.nih:initialize:52 - [nih] HTTP client initialised against https://api.reporter.nih.gov/v2
2026-08-06 18:45:02.113 | INFO     | app.funding_intel.providers.nih:fetch_batch:115 - [NIH] offset=0, fetched=1, total=2959526, next_cursor=1:75N94023D00001-P00007-759402300004-1
2026-08-06 18:45:02.142 | INFO     | app.funding_intel.providers.grants_gov:initialize:46 - [grants_gov] HTTP client initialised against https://api.grants.gov/v1/api
2026-08-06 18:45:03.096 | INFO     | app.funding_intel.providers.nsf:initialize:50 - [nsf] HTTP client initialised against https://api.nsf.gov/services/v1
2026-08-06 18:45:04.223 | INFO     | app.funding_intel.providers.openalex:initialize:78 - [openalex] HTTP client initialised against https://api.openalex.org (api_key=yes, mailto=funding-intel@research-platform.local)
2026-08-06 18:45:06.062 | INFO     | app.funding_intel.providers.cordis:initialize:51 - [cordis] HTTP client initialised against https://cordis.europa.eu/api
2026-08-06 18:52:44.473 | INFO     | app.core.logging:setup_logging:26 - Logging initialized for Research Funding & Innovation Intelligence Platform v1.0.0
2026-08-06 19:00:00.050 | INFO     | app.funding_intel.providers.nih:initialize:52 - [nih] HTTP client initialised against https://api.reporter.nih.gov/v2
2026-08-06 19:00:01.128 | INFO     | app.funding_intel.providers.nih:fetch_batch:115 - [NIH] offset=0, fetched=1, total=2959526, next_cursor=1:75N94023D00001-P00007-759402300004-1
2026-08-06 19:00:01.157 | INFO     | app.funding_intel.providers.grants_gov:initialize:46 - [grants_gov] HTTP client initialised against https://api.grants.gov/v1/api
2026-08-06 19:00:02.181 | INFO     | app.funding_intel.providers.nsf:initialize:50 - [nsf] HTTP client initialised against https://api.nsf.gov/services/v1
2026-08-06 19:00:03.290 | INFO     | app.funding_intel.providers.openalex:initialize:78 - [openalex] HTTP client initialised against https://api.openalex.org (api_key=yes, mailto=funding-intel@research-platform.local)
2026-08-06 19:00:05.351 | INFO     | app.funding_intel.providers.cordis:initialize:51 - [cordis] HTTP client initialised against https://cordis.europa.eu/api
2026-08-06 19:00:07.912 | INFO     | app.core.logging:setup_logging:26 - Logging initialized for Research Funding & Innovation Intelligence Platform v1.0.0
2026-08-06 19:10:59.969 | ERROR    | app.db:get_db:28 - Database session error: 401: Could not validate credentials
2026-08-06 19:10:59.969 | ERROR    | app.db:get_db:28 - Database session error: 401: Could not validate credentials
2026-08-06 19:10:59.969 | ERROR    | app.db:get_db:28 - Database session error: 401: Could not validate credentials
2026-08-06 19:10:59.989 | ERROR    | app.db:get_db:28 - Database session error: 401: Could not validate credentials
2026-08-06 19:11:00.185 | ERROR    | app.db:get_db:28 - Database session error: 401: Could not validate credentials
2026-08-06 19:11:00.194 | ERROR    | app.db:get_db:28 - Database session error: 401: Could not validate credentials
2026-08-06 19:11:45.234 | INFO     | app.services.ai_service:generate_ai_response:344 - OpenRouter request: task=%s model=%s content_len=%d
2026-08-06 19:11:46.209 | INFO     | app.utils.dashboard_metrics:available_funding_count:700 - [dashboard] recommender returned 0 high-match for user_id=1; falling back to corpus size 1443
2026-08-06 19:11:53.857 | INFO     | app.utils.dashboard_metrics:available_funding_count:700 - [dashboard] recommender returned 0 high-match for user_id=1; falling back to corpus size 1443
2026-08-06 19:12:38.272 | INFO     | app.utils.dashboard_metrics:available_funding_count:700 - [dashboard] recommender returned 0 high-match for user_id=1; falling back to corpus size 1443
2026-08-06 19:12:51.798 | INFO     | app.patents.services.dashboard_service:refresh:79 - [patent-dashboard] refreshed; patents=14 avg_score=0.7178 recs=9
2026-08-06 19:12:57.316 | INFO     | app.utils.dashboard_metrics:available_funding_count:700 - [dashboard] recommender returned 0 high-match for user_id=1; falling back to corpus size 1443
2026-08-06 19:13:41.920 | INFO     | app.services.ai_service:generate_ai_response:387 - OpenRouter response: task=%s response_len=%d
2026-08-06 19:15:00.024 | INFO     | app.funding_intel.providers.nih:initialize:52 - [nih] HTTP client initialised against https://api.reporter.nih.gov/v2
2026-08-06 19:15:01.607 | INFO     | app.funding_intel.providers.nih:fetch_batch:115 - [NIH] offset=0, fetched=1, total=2959526, next_cursor=1:75N94023D00001-P00007-759402300004-1
2026-08-06 19:15:01.630 | INFO     | app.funding_intel.providers.grants_gov:initialize:46 - [grants_gov] HTTP client initialised against https://api.grants.gov/v1/api
2026-08-06 19:15:03.003 | INFO     | app.funding_intel.providers.nsf:initialize:50 - [nsf] HTTP client initialised against https://api.nsf.gov/services/v1
2026-08-06 19:15:04.167 | INFO     | app.funding_intel.providers.openalex:initialize:78 - [openalex] HTTP client initialised against https://api.openalex.org (api_key=yes, mailto=funding-intel@research-platform.local)
2026-08-06 19:15:05.019 | INFO     | app.funding_intel.providers.cordis:initialize:51 - [cordis] HTTP client initialised against https://cordis.europa.eu/api
2026-08-06 19:16:06.603 | INFO     | app.services.ai_service:generate_ai_response:344 - OpenRouter request: task=%s model=%s content_len=%d
2026-08-06 19:22:15.032 | INFO     | app.services.ai_service:generate_ai_response:344 - OpenRouter request: task=%s model=%s content_len=%d
2026-08-06 19:22:25.813 | WARNING  | app.services.ai_service:generate_ai_response:383 - OpenRouter returned no choices for task=%s
2026-08-06 19:22:29.021 | INFO     | app.services.ai_service:generate_ai_response:387 - OpenRouter response: task=%s response_len=%d
2026-08-06 19:22:30.920 | INFO     | app.services.ai_service:generate_ai_response:344 - OpenRouter request: task=%s model=%s content_len=%d
2026-08-06 19:22:55.527 | INFO     | app.patents.services.dashboard_service:refresh:79 - [patent-dashboard] refreshed; patents=14 avg_score=0.7178 recs=9
2026-08-06 19:24:00.295 | INFO     | app.services.ai_service:generate_ai_response:344 - OpenRouter request: task=%s model=%s content_len=%d
2026-08-06 19:24:16.464 | INFO     | app.services.ai_service:generate_ai_response:387 - OpenRouter response: task=%s response_len=%d
2026-08-06 19:24:48.308 | INFO     | app.services.ai_service:generate_ai_response:344 - OpenRouter request: task=%s model=%s content_len=%d
2026-08-06 19:25:41.453 | INFO     | app.services.ai_service:generate_ai_response:387 - OpenRouter response: task=%s response_len=%d
2026-08-06 19:26:30.605 | INFO     | app.services.ai_service:generate_ai_response:344 - OpenRouter request: task=%s model=%s content_len=%d
2026-08-06 19:26:57.819 | INFO     | app.services.ai_service:generate_ai_response:387 - OpenRouter response: task=%s response_len=%d
2026-08-06 19:27:31.967 | INFO     | app.services.ai_service:generate_ai_response:387 - OpenRouter response: task=%s response_len=%d
2026-08-06 19:29:34.780 | INFO     | app.services.ai_service:generate_ai_response:344 - OpenRouter request: task=%s model=%s content_len=%d
2026-08-06 19:30:00.054 | INFO     | app.funding_intel.providers.nih:initialize:52 - [nih] HTTP client initialised against https://api.reporter.nih.gov/v2
2026-08-06 19:30:02.502 | INFO     | app.funding_intel.providers.nih:fetch_batch:115 - [NIH] offset=0, fetched=1, total=2959526, next_cursor=1:75N94023D00001-P00007-759402300004-1
2026-08-06 19:30:02.536 | INFO     | app.funding_intel.providers.grants_gov:initialize:46 - [grants_gov] HTTP client initialised against https://api.grants.gov/v1/api
2026-08-06 19:30:04.424 | INFO     | app.funding_intel.providers.nsf:initialize:50 - [nsf] HTTP client initialised against https://api.nsf.gov/services/v1
2026-08-06 19:30:06.402 | INFO     | app.funding_intel.providers.openalex:initialize:78 - [openalex] HTTP client initialised against https://api.openalex.org (api_key=yes, mailto=funding-intel@research-platform.local)
2026-08-06 19:30:08.368 | INFO     | app.funding_intel.providers.cordis:initialize:51 - [cordis] HTTP client initialised against https://cordis.europa.eu/api
2026-08-06 19:30:59.554 | INFO     | app.services.ai_service:generate_ai_response:344 - OpenRouter request: task=%s model=%s content_len=%d
2026-08-06 19:31:29.899 | INFO     | app.services.ai_service:generate_ai_response:387 - OpenRouter response: task=%s response_len=%d
2026-08-06 19:31:33.841 | INFO     | app.services.ai_service:generate_ai_response:387 - OpenRouter response: task=%s response_len=%d
2026-08-06 19:31:45.677 | INFO     | app.services.ai_service:generate_ai_response:344 - OpenRouter request: task=%s model=%s content_len=%d
2026-08-06 19:33:32.031 | INFO     | app.services.ai_service:generate_ai_response:387 - OpenRouter response: task=%s response_len=%d
2026-08-06 19:33:45.190 | INFO     | app.patents.services.dashboard_service:refresh:79 - [patent-dashboard] refreshed; patents=14 avg_score=0.7178 recs=9
2026-08-06 19:36:28.501 | INFO     | app.services.ai_service:generate_ai_response:344 - OpenRouter request: task=%s model=%s content_len=%d
2026-08-06 19:36:46.260 | INFO     | app.services.ai_service:generate_ai_response:344 - OpenRouter request: task=%s model=%s content_len=%d
2026-08-06 19:36:54.078 | INFO     | app.services.ai_service:generate_ai_response:387 - OpenRouter response: task=%s response_len=%d
2026-08-06 19:36:55.377 | INFO     | app.services.ai_service:generate_ai_response:344 - OpenRouter request: task=%s model=%s content_len=%d
2026-08-06 19:37:18.541 | INFO     | app.services.ai_service:generate_ai_response:387 - OpenRouter response: task=%s response_len=%d
2026-08-06 19:37:29.819 | INFO     | app.services.ai_service:generate_ai_response:387 - OpenRouter response: task=%s response_len=%d
2026-08-06 19:38:09.358 | INFO     | app.services.ai_service:generate_ai_response:344 - OpenRouter request: task=%s model=%s content_len=%d
2026-08-06 19:38:54.663 | INFO     | app.services.ai_service:generate_ai_response:387 - OpenRouter response: task=%s response_len=%d
2026-08-06 19:42:02.613 | WARNING  | app.api.v1.patent_intelligence:patent_ai_summary:190 - patent-summary failed for %s: %s
2026-08-06 19:42:02.645 | WARNING  | app.api.v1.patent_intelligence:patent_innovation_scores:237 - innovation-analysis failed for %s: %s
2026-08-06 19:42:03.709 | WARNING  | app.api.v1.patent_intelligence:patent_ai_summary:190 - patent-summary failed for %s: %s
2026-08-06 19:42:03.729 | WARNING  | app.api.v1.patent_intelligence:patent_innovation_scores:237 - innovation-analysis failed for %s: %s
2026-08-06 19:45:00.048 | INFO     | app.funding_intel.providers.nih:initialize:52 - [nih] HTTP client initialised against https://api.reporter.nih.gov/v2
2026-08-06 19:45:01.901 | INFO     | app.funding_intel.providers.nih:fetch_batch:115 - [NIH] offset=0, fetched=1, total=2959526, next_cursor=1:75N94023D00001-P00007-759402300004-1
2026-08-06 19:45:01.928 | INFO     | app.funding_intel.providers.grants_gov:initialize:46 - [grants_gov] HTTP client initialised against https://api.grants.gov/v1/api
2026-08-06 19:45:02.984 | INFO     | app.funding_intel.providers.nsf:initialize:50 - [nsf] HTTP client initialised against https://api.nsf.gov/services/v1
2026-08-06 19:45:04.202 | INFO     | app.funding_intel.providers.openalex:initialize:78 - [openalex] HTTP client initialised against https://api.openalex.org (api_key=yes, mailto=funding-intel@research-platform.local)
2026-08-06 19:45:05.724 | INFO     | app.funding_intel.providers.cordis:initialize:51 - [cordis] HTTP client initialised against https://cordis.europa.eu/api
2026-08-06 19:48:11.930 | WARNING  | app.api.v1.patent_intelligence:patent_innovation_scores:237 - innovation-analysis failed for %s: %s
2026-08-06 19:48:11.940 | WARNING  | app.api.v1.patent_intelligence:patent_ai_summary:190 - patent-summary failed for %s: %s
2026-08-06 19:48:12.297 | WARNING  | app.api.v1.patent_intelligence:patent_innovation_scores:237 - innovation-analysis failed for %s: %s
2026-08-06 19:48:13.585 | WARNING  | app.api.v1.patent_intelligence:patent_ai_summary:190 - patent-summary failed for %s: %s
2026-08-06 19:48:16.596 | WARNING  | app.api.v1.patent_intelligence:patent_ai_summary:190 - patent-summary failed for %s: %s
2026-08-06 19:48:16.605 | WARNING  | app.api.v1.patent_intelligence:patent_innovation_scores:237 - innovation-analysis failed for %s: %s
2026-08-06 19:48:17.805 | WARNING  | app.api.v1.patent_intelligence:patent_ai_summary:190 - patent-summary failed for %s: %s
2026-08-06 19:48:18.457 | WARNING  | app.api.v1.patent_intelligence:patent_innovation_scores:237 - innovation-analysis failed for %s: %s
2026-08-06 19:53:30.183 | WARNING  | app.api.v1.patent_intelligence:patent_ai_summary:190 - patent-summary failed for %s: %s
2026-08-06 19:53:30.226 | WARNING  | app.api.v1.patent_intelligence:patent_innovation_scores:237 - innovation-analysis failed for %s: %s
2026-08-06 19:53:30.494 | WARNING  | app.api.v1.patent_intelligence:patent_ai_summary:190 - patent-summary failed for %s: %s
2026-08-06 19:53:30.651 | WARNING  | app.api.v1.patent_intelligence:patent_innovation_scores:237 - innovation-analysis failed for %s: %s
2026-08-06 19:53:32.550 | WARNING  | app.api.v1.patent_intelligence:patent_ai_summary:190 - patent-summary failed for %s: %s
2026-08-06 19:53:33.539 | WARNING  | app.api.v1.patent_intelligence:patent_innovation_scores:237 - innovation-analysis failed for %s: %s
2026-08-06 19:53:34.413 | WARNING  | app.api.v1.patent_intelligence:patent_ai_summary:190 - patent-summary failed for %s: %s
2026-08-06 19:53:34.436 | WARNING  | app.api.v1.patent_intelligence:patent_innovation_scores:237 - innovation-analysis failed for %s: %s
2026-08-06 19:53:35.591 | WARNING  | app.api.v1.patent_intelligence:patent_ai_summary:190 - patent-summary failed for %s: %s
2026-08-06 19:53:36.475 | WARNING  | app.api.v1.patent_intelligence:patent_innovation_scores:237 - innovation-analysis failed for %s: %s
2026-08-06 19:53:51.140 | WARNING  | app.api.v1.patent_intelligence:patent_ai_summary:190 - patent-summary failed for %s: %s
2026-08-06 19:53:51.180 | WARNING  | app.api.v1.patent_intelligence:patent_innovation_scores:237 - innovation-analysis failed for %s: %s
2026-08-06 19:53:51.460 | WARNING  | app.api.v1.patent_intelligence:patent_ai_summary:190 - patent-summary failed for %s: %s
2026-08-06 19:53:52.488 | WARNING  | app.api.v1.patent_intelligence:patent_innovation_scores:237 - innovation-analysis failed for %s: %s
2026-08-06 19:56:15.224 | WARNING  | app.api.v1.patent_intelligence:patent_ai_summary:190 - patent-summary failed for %s: %s
2026-08-06 19:56:15.272 | WARNING  | app.api.v1.patent_intelligence:patent_innovation_scores:237 - innovation-analysis failed for %s: %s
2026-08-06 19:56:17.545 | WARNING  | app.api.v1.patent_intelligence:patent_ai_summary:190 - patent-summary failed for %s: %s
2026-08-06 19:56:17.635 | WARNING  | app.api.v1.patent_intelligence:patent_innovation_scores:237 - innovation-analysis failed for %s: %s
2026-08-06 19:56:18.064 | WARNING  | app.api.v1.patent_intelligence:patent_ai_summary:190 - patent-summary failed for %s: %s
2026-08-06 19:56:18.323 | WARNING  | app.api.v1.patent_intelligence:patent_innovation_scores:237 - innovation-analysis failed for %s: %s
2026-08-06 19:56:19.820 | WARNING  | app.api.v1.patent_intelligence:patent_ai_summary:190 - patent-summary failed for %s: %s
2026-08-06 19:56:19.862 | WARNING  | app.api.v1.patent_intelligence:patent_innovation_scores:237 - innovation-analysis failed for %s: %s
2026-08-06 19:57:17.165 | WARNING  | app.api.v1.patent_intelligence:patent_ai_summary:190 - patent-summary failed for %s: %s
2026-08-06 19:57:17.185 | WARNING  | app.api.v1.patent_intelligence:patent_innovation_scores:237 - innovation-analysis failed for %s: %s
2026-08-06 19:57:18.402 | WARNING  | app.api.v1.patent_intelligence:patent_ai_summary:190 - patent-summary failed for %s: %s
2026-08-06 19:57:19.051 | WARNING  | app.api.v1.patent_intelligence:patent_innovation_scores:237 - innovation-analysis failed for %s: %s
2026-08-06 20:00:00.039 | INFO     | app.funding_intel.providers.nih:initialize:52 - [nih] HTTP client initialised against https://api.reporter.nih.gov/v2
2026-08-06 20:00:02.426 | INFO     | app.funding_intel.providers.nih:fetch_batch:115 - [NIH] offset=0, fetched=1, total=2959526, next_cursor=1:75N94023D00001-P00007-759402300004-1
2026-08-06 20:00:02.447 | INFO     | app.funding_intel.providers.grants_gov:initialize:46 - [grants_gov] HTTP client initialised against https://api.grants.gov/v1/api
2026-08-06 20:00:03.416 | INFO     | app.funding_intel.providers.nsf:initialize:50 - [nsf] HTTP client initialised against https://api.nsf.gov/services/v1
2026-08-06 20:00:04.903 | INFO     | app.funding_intel.providers.openalex:initialize:78 - [openalex] HTTP client initialised against https://api.openalex.org (api_key=yes, mailto=funding-intel@research-platform.local)
2026-08-06 20:00:06.239 | INFO     | app.funding_intel.providers.cordis:initialize:51 - [cordis] HTTP client initialised against https://cordis.europa.eu/api
2026-08-06 20:00:52.617 | WARNING  | app.api.v1.patent_intelligence:patent_ai_summary:190 - patent-summary failed for %s: %s
2026-08-06 20:00:52.665 | WARNING  | app.api.v1.patent_intelligence:patent_innovation_scores:237 - innovation-analysis failed for %s: %s
2026-08-06 20:00:52.861 | WARNING  | app.api.v1.patent_intelligence:patent_ai_summary:190 - patent-summary failed for %s: %s
2026-08-06 20:00:53.526 | WARNING  | app.api.v1.patent_intelligence:patent_innovation_scores:237 - innovation-analysis failed for %s: %s
2026-08-06 20:04:24.176 | INFO     | app.utils.dashboard_metrics:available_funding_count:700 - [dashboard] recommender returned 0 high-match for user_id=1; falling back to corpus size 1443
2026-08-06 20:04:41.372 | INFO     | app.utils.dashboard_metrics:available_funding_count:700 - [dashboard] recommender returned 0 high-match for user_id=1; falling back to corpus size 1443
2026-08-06 20:04:48.272 | INFO     | app.utils.dashboard_metrics:available_funding_count:700 - [dashboard] recommender returned 0 high-match for user_id=1; falling back to corpus size 1443
2026-08-06 20:04:49.067 | INFO     | app.utils.dashboard_metrics:available_funding_count:700 - [dashboard] recommender returned 0 high-match for user_id=1; falling back to corpus size 1443
2026-08-06 20:06:21.795 | WARNING  | app.api.v1.patent_intelligence:patent_ai_summary:190 - patent-summary failed for %s: %s
2026-08-06 20:06:21.884 | WARNING  | app.api.v1.patent_intelligence:patent_innovation_scores:237 - innovation-analysis failed for %s: %s
2026-08-06 20:06:22.087 | WARNING  | app.api.v1.patent_intelligence:patent_ai_summary:190 - patent-summary failed for %s: %s
2026-08-06 20:06:23.557 | WARNING  | app.api.v1.patent_intelligence:patent_innovation_scores:237 - innovation-analysis failed for %s: %s
2026-08-06 20:06:33.893 | WARNING  | app.api.v1.patent_intelligence:patent_ai_summary:190 - patent-summary failed for %s: %s
2026-08-06 20:06:33.933 | WARNING  | app.api.v1.patent_intelligence:patent_innovation_scores:237 - innovation-analysis failed for %s: %s
2026-08-06 20:06:34.761 | WARNING  | app.api.v1.patent_intelligence:patent_ai_summary:190 - patent-summary failed for %s: %s
2026-08-06 20:06:36.089 | WARNING  | app.api.v1.patent_intelligence:patent_innovation_scores:237 - innovation-analysis failed for %s: %s
2026-08-06 20:06:44.528 | INFO     | app.main:lifespan:46 - Shutting down
2026-08-06 20:06:44.540 | INFO     | app.db.mongo:close_mongo_connection:35 - MongoDB connection closed
2026-08-06 20:07:20.657 | INFO     | app.core.logging:setup_logging:26 - Logging initialized for Research Funding & Innovation Intelligence Platform v1.0.0
2026-08-06 20:07:20.848 | INFO     | app.main:lifespan:26 - Starting Research Funding & Innovation Intelligence Platform v1.0.0
2026-08-06 20:07:20.978 | INFO     | app.db:init_db:52 - Database tables created successfully
2026-08-06 20:07:21.022 | INFO     | app.db.mongo:connect_to_mongo:26 - Connected to MongoDB successfully
2026-08-06 20:07:21.033 | INFO     | app.funding_intel.scheduler.jobs:start_scheduler:171 - [scheduler] funding intel background jobs started
2026-08-06 20:07:21.035 | INFO     | app.patents.scheduler.jobs:start_patent_scheduler:148 - [patent-scheduler] patent intel background jobs started
2026-08-06 20:07:54.422 | INFO     | app.patents.services.dashboard_service:refresh:79 - [patent-dashboard] refreshed; patents=14 avg_score=0.7178 recs=9
2026-08-06 20:08:03.983 | WARNING  | app.api.v1.patent_intelligence:patent_ai_summary:190 - patent-summary failed for %s: %s
2026-08-06 20:08:06.082 | WARNING  | app.api.v1.patent_intelligence:patent_innovation_scores:237 - innovation-analysis failed for %s: %s
2026-08-06 20:08:15.580 | WARNING  | app.api.v1.patent_intelligence:patent_ai_summary:190 - patent-summary failed for %s: %s
2026-08-06 20:08:16.366 | WARNING  | app.api.v1.patent_intelligence:patent_innovation_scores:237 - innovation-analysis failed for %s: %s
2026-08-06 20:08:26.058 | WARNING  | app.api.v1.patent_intelligence:patent_ai_summary:190 - patent-summary failed for %s: %s
2026-08-06 20:08:27.369 | WARNING  | app.api.v1.patent_intelligence:patent_innovation_scores:237 - innovation-analysis failed for %s: %s
2026-08-06 20:08:44.685 | INFO     | app.utils.dashboard_metrics:available_funding_count:700 - [dashboard] recommender returned 0 high-match for user_id=1; falling back to corpus size 1443
2026-08-06 20:08:50.463 | INFO     | app.utils.dashboard_metrics:available_funding_count:700 - [dashboard] recommender returned 0 high-match for user_id=1; falling back to corpus size 1443
2026-08-06 20:12:50.883 | WARNING  | app.api.v1.patent_intelligence:patent_ai_summary:190 - patent-summary failed for %s: %s
2026-08-06 20:12:50.912 | WARNING  | app.api.v1.patent_intelligence:patent_innovation_scores:237 - innovation-analysis failed for %s: %s
2026-08-06 20:12:52.506 | WARNING  | app.api.v1.patent_intelligence:patent_ai_summary:190 - patent-summary failed for %s: %s
2026-08-06 20:12:52.660 | WARNING  | app.api.v1.patent_intelligence:patent_innovation_scores:237 - innovation-analysis failed for %s: %s
2026-08-06 20:13:11.424 | WARNING  | app.api.v1.patent_intelligence:patent_ai_summary:190 - patent-summary failed for %s: %s
2026-08-06 20:13:11.439 | WARNING  | app.api.v1.patent_intelligence:patent_innovation_scores:237 - innovation-analysis failed for %s: %s
2026-08-06 20:13:11.689 | WARNING  | app.api.v1.patent_intelligence:patent_ai_summary:190 - patent-summary failed for %s: %s
2026-08-06 20:13:11.882 | WARNING  | app.api.v1.patent_intelligence:patent_innovation_scores:237 - innovation-analysis failed for %s: %s
2026-08-06 20:14:04.226 | INFO     | app.patents.services.dashboard_service:refresh:79 - [patent-dashboard] refreshed; patents=14 avg_score=0.7178 recs=9
2026-08-06 20:15:00.112 | INFO     | app.funding_intel.providers.nih:initialize:52 - [nih] HTTP client initialised against https://api.reporter.nih.gov/v2
2026-08-06 20:15:02.542 | INFO     | app.funding_intel.providers.nih:fetch_batch:115 - [NIH] offset=0, fetched=1, total=2959526, next_cursor=1:75N94023D00001-P00007-759402300004-1
2026-08-06 20:15:02.583 | INFO     | app.funding_intel.providers.grants_gov:initialize:46 - [grants_gov] HTTP client initialised against https://api.grants.gov/v1/api
2026-08-06 20:15:04.309 | INFO     | app.funding_intel.providers.nsf:initialize:50 - [nsf] HTTP client initialised against https://api.nsf.gov/services/v1
2026-08-06 20:15:05.608 | INFO     | app.funding_intel.providers.openalex:initialize:78 - [openalex] HTTP client initialised against https://api.openalex.org (api_key=yes, mailto=funding-intel@research-platform.local)
2026-08-06 20:15:07.484 | INFO     | app.funding_intel.providers.cordis:initialize:51 - [cordis] HTTP client initialised against https://cordis.europa.eu/api
2026-08-06 20:15:59.057 | INFO     | app.services.ai_service:generate_ai_response:344 - OpenRouter request: task=%s model=%s content_len=%d
2026-08-06 20:16:44.697 | INFO     | app.services.ai_service:generate_ai_response:387 - OpenRouter response: task=%s response_len=%d
2026-08-06 20:24:29.366 | INFO     | app.patents.services.dashboard_service:refresh:79 - [patent-dashboard] refreshed; patents=14 avg_score=0.7178 recs=9
2026-08-06 20:45:30.557 | INFO     | app.patents.services.dashboard_service:refresh:79 - [patent-dashboard] refreshed; patents=14 avg_score=0.7178 recs=9
2026-08-07 17:22:01.903 | INFO     | app.core.logging:setup_logging:26 - Logging initialized for Research Funding & Innovation Intelligence Platform v1.0.0
2026-08-07 17:22:02.024 | INFO     | app.main:lifespan:26 - Starting Research Funding & Innovation Intelligence Platform v1.0.0
2026-08-07 17:22:02.203 | INFO     | app.db:init_db:52 - Database tables created successfully
2026-08-07 17:22:02.437 | INFO     | app.db.mongo:connect_to_mongo:26 - Connected to MongoDB successfully
2026-08-07 17:22:02.466 | INFO     | app.funding_intel.scheduler.jobs:start_scheduler:171 - [scheduler] funding intel background jobs started
2026-08-07 17:22:02.466 | INFO     | app.patents.scheduler.jobs:start_patent_scheduler:148 - [patent-scheduler] patent intel background jobs started
2026-08-07 17:22:37.131 | ERROR    | app.db:get_db:28 - Database session error: 401: Could not validate credentials
2026-08-07 17:22:37.132 | ERROR    | app.db:get_db:28 - Database session error: 401: Could not validate credentials
2026-08-07 17:22:37.132 | ERROR    | app.db:get_db:28 - Database session error: 401: Could not validate credentials
2026-08-07 17:22:37.149 | ERROR    | app.db:get_db:28 - Database session error: 401: Could not validate credentials
2026-08-07 17:22:37.156 | ERROR    | app.db:get_db:28 - Database session error: 401: Could not validate credentials
2026-08-07 17:22:37.163 | ERROR    | app.db:get_db:28 - Database session error: 401: Could not validate credentials
2026-08-07 17:23:22.205 | INFO     | app.services.recommendation_service:regenerate:208 - Regenerated 500 recommendations for user Poojitha
2026-08-07 17:23:47.636 | INFO     | app.services.recommendation_service:regenerate:208 - Regenerated 500 recommendations for user Poojitha
2026-08-07 17:24:26.302 | INFO     | app.utils.dashboard_metrics:available_funding_count:700 - [dashboard] recommender returned 0 high-match for user_id=5; falling back to corpus size 1443
2026-08-07 17:24:39.493 | INFO     | app.utils.dashboard_metrics:available_funding_count:700 - [dashboard] recommender returned 0 high-match for user_id=5; falling back to corpus size 1443
2026-08-07 17:25:27.770 | INFO     | app.utils.dashboard_metrics:available_funding_count:700 - [dashboard] recommender returned 0 high-match for user_id=1; falling back to corpus size 1443
2026-08-07 17:25:43.062 | INFO     | app.utils.dashboard_metrics:available_funding_count:700 - [dashboard] recommender returned 0 high-match for user_id=1; falling back to corpus size 1443
2026-08-07 17:29:33.336 | WARNING  | app.api.v1.patent_intelligence:patent_ai_summary:190 - patent-summary failed for %s: %s
2026-08-07 17:29:33.408 | WARNING  | app.api.v1.patent_intelligence:patent_innovation_scores:237 - innovation-analysis failed for %s: %s
2026-08-07 17:29:34.024 | WARNING  | app.api.v1.patent_intelligence:patent_innovation_scores:237 - innovation-analysis failed for %s: %s
2026-08-07 17:29:34.478 | WARNING  | app.api.v1.patent_intelligence:patent_ai_summary:190 - patent-summary failed for %s: %s
2026-08-07 17:30:00.168 | INFO     | app.funding_intel.providers.nih:initialize:52 - [nih] HTTP client initialised against https://api.reporter.nih.gov/v2
2026-08-07 17:30:01.512 | INFO     | app.funding_intel.providers.nih:fetch_batch:115 - [NIH] offset=0, fetched=1, total=2959526, next_cursor=1:75N94023D00001-P00007-759402300004-1
2026-08-07 17:30:01.536 | INFO     | app.funding_intel.providers.grants_gov:initialize:46 - [grants_gov] HTTP client initialised against https://api.grants.gov/v1/api
2026-08-07 17:30:02.838 | INFO     | app.funding_intel.providers.nsf:initialize:50 - [nsf] HTTP client initialised against https://api.nsf.gov/services/v1
2026-08-07 17:30:04.190 | INFO     | app.funding_intel.providers.openalex:initialize:78 - [openalex] HTTP client initialised against https://api.openalex.org (api_key=yes, mailto=funding-intel@research-platform.local)
2026-08-07 17:30:05.765 | INFO     | app.funding_intel.providers.cordis:initialize:51 - [cordis] HTTP client initialised against https://cordis.europa.eu/api
2026-08-07 17:37:52.515 | WARNING  | app.api.v1.patent_intelligence:patent_innovation_scores:237 - innovation-analysis failed for %s: %s
2026-08-07 17:37:52.538 | WARNING  | app.api.v1.patent_intelligence:patent_ai_summary:190 - patent-summary failed for %s: %s
2026-08-07 17:37:52.696 | WARNING  | app.api.v1.patent_intelligence:patent_innovation_scores:237 - innovation-analysis failed for %s: %s
2026-08-07 17:37:53.450 | WARNING  | app.api.v1.patent_intelligence:patent_ai_summary:190 - patent-summary failed for %s: %s
2026-08-07 17:44:43.134 | WARNING  | app.api.v1.patent_intelligence:patent_ai_summary:190 - patent-summary failed for %s: %s
2026-08-07 17:45:00.015 | INFO     | app.funding_intel.providers.nih:initialize:52 - [nih] HTTP client initialised against https://api.reporter.nih.gov/v2
2026-08-07 17:45:01.712 | INFO     | app.funding_intel.providers.nih:fetch_batch:115 - [NIH] offset=0, fetched=1, total=2959526, next_cursor=1:75N94023D00001-P00007-759402300004-1
2026-08-07 17:45:01.733 | INFO     | app.funding_intel.providers.grants_gov:initialize:46 - [grants_gov] HTTP client initialised against https://api.grants.gov/v1/api
2026-08-07 17:45:03.001 | INFO     | app.funding_intel.providers.nsf:initialize:50 - [nsf] HTTP client initialised against https://api.nsf.gov/services/v1
2026-08-07 17:45:04.037 | INFO     | app.funding_intel.providers.openalex:initialize:78 - [openalex] HTTP client initialised against https://api.openalex.org (api_key=yes, mailto=funding-intel@research-platform.local)
2026-08-07 17:45:05.377 | INFO     | app.funding_intel.providers.cordis:initialize:51 - [cordis] HTTP client initialised against https://cordis.europa.eu/api
2026-08-07 17:51:52.895 | WARNING  | app.api.v1.patent_intelligence:patent_ai_summary:190 - patent-summary failed for %s: %s
2026-08-07 17:51:52.929 | WARNING  | app.api.v1.patent_intelligence:patent_innovation_scores:237 - innovation-analysis failed for %s: %s
2026-08-07 18:00:00.070 | INFO     | app.funding_intel.providers.nih:initialize:52 - [nih] HTTP client initialised against https://api.reporter.nih.gov/v2
2026-08-07 18:00:01.664 | INFO     | app.funding_intel.providers.nih:fetch_batch:115 - [NIH] offset=0, fetched=1, total=2959526, next_cursor=1:75N94023D00001-P00007-759402300004-1
2026-08-07 18:00:01.687 | INFO     | app.funding_intel.providers.grants_gov:initialize:46 - [grants_gov] HTTP client initialised against https://api.grants.gov/v1/api
2026-08-07 18:00:02.654 | INFO     | app.funding_intel.providers.nsf:initialize:50 - [nsf] HTTP client initialised against https://api.nsf.gov/services/v1
2026-08-07 18:00:03.633 | INFO     | app.funding_intel.providers.openalex:initialize:78 - [openalex] HTTP client initialised against https://api.openalex.org (api_key=yes, mailto=funding-intel@research-platform.local)
2026-08-07 18:00:04.401 | INFO     | app.funding_intel.providers.cordis:initialize:51 - [cordis] HTTP client initialised against https://cordis.europa.eu/api
2026-08-07 18:04:53.696 | WARNING  | app.api.v1.patent_intelligence:patent_ai_summary:190 - patent-summary failed for %s: %s
2026-08-07 18:04:53.750 | WARNING  | app.api.v1.patent_intelligence:patent_innovation_scores:237 - innovation-analysis failed for %s: %s
2026-08-07 18:04:54.596 | WARNING  | app.api.v1.patent_intelligence:patent_innovation_scores:237 - innovation-analysis failed for %s: %s
2026-08-07 18:04:54.626 | WARNING  | app.api.v1.patent_intelligence:patent_ai_summary:190 - patent-summary failed for %s: %s
2026-08-07 18:06:37.968 | INFO     | app.patents.services.dashboard_service:refresh:79 - [patent-dashboard] refreshed; patents=14 avg_score=0.7178 recs=9
2026-08-07 18:15:00.042 | INFO     | app.funding_intel.providers.nih:initialize:52 - [nih] HTTP client initialised against https://api.reporter.nih.gov/v2
2026-08-07 18:15:02.717 | INFO     | app.funding_intel.providers.nih:fetch_batch:115 - [NIH] offset=0, fetched=1, total=2959526, next_cursor=1:75N94023D00001-P00007-759402300004-1
2026-08-07 18:15:02.753 | INFO     | app.funding_intel.providers.grants_gov:initialize:46 - [grants_gov] HTTP client initialised against https://api.grants.gov/v1/api
2026-08-07 18:15:04.344 | INFO     | app.funding_intel.providers.nsf:initialize:50 - [nsf] HTTP client initialised against https://api.nsf.gov/services/v1
2026-08-07 18:15:06.486 | INFO     | app.funding_intel.providers.openalex:initialize:78 - [openalex] HTTP client initialised against https://api.openalex.org (api_key=yes, mailto=funding-intel@research-platform.local)
2026-08-07 18:15:08.586 | INFO     | app.funding_intel.providers.cordis:initialize:51 - [cordis] HTTP client initialised against https://cordis.europa.eu/api
2026-08-07 18:17:56.533 | INFO     | app.services.ai_service:generate_ai_response:344 - OpenRouter request: task=%s model=%s content_len=%d
2026-08-07 18:18:54.355 | INFO     | app.services.ai_service:generate_ai_response:344 - OpenRouter request: task=%s model=%s content_len=%d
2026-08-07 18:19:41.736 | INFO     | app.services.ai_service:generate_ai_response:387 - OpenRouter response: task=%s response_len=%d
2026-08-07 18:21:01.143 | INFO     | app.services.ai_service:generate_ai_response:344 - OpenRouter request: task=%s model=%s content_len=%d
2026-08-07 18:21:51.490 | INFO     | app.services.ai_service:generate_ai_response:387 - OpenRouter response: task=%s response_len=%d
2026-08-07 18:22:06.418 | INFO     | app.services.ai_service:generate_ai_response:387 - OpenRouter response: task=%s response_len=%d
2026-08-07 18:26:21.242 | ERROR    | app.db:get_db:28 - Database session error: 401: Could not validate credentials
2026-08-07 18:26:21.266 | ERROR    | app.db:get_db:28 - Database session error: 401: Could not validate credentials
2026-08-07 18:27:13.006 | WARNING  | app.api.v1.patent_intelligence:patent_ai_summary:190 - patent-summary failed for %s: %s
2026-08-07 18:27:13.051 | WARNING  | app.api.v1.patent_intelligence:patent_innovation_scores:237 - innovation-analysis failed for %s: %s
2026-08-07 18:27:13.264 | WARNING  | app.api.v1.patent_intelligence:patent_ai_summary:190 - patent-summary failed for %s: %s
2026-08-07 18:27:14.772 | WARNING  | app.api.v1.patent_intelligence:patent_innovation_scores:237 - innovation-analysis failed for %s: %s
2026-08-07 18:28:36.121 | INFO     | app.patents.services.dashboard_service:refresh:79 - [patent-dashboard] refreshed; patents=14 avg_score=0.7178 recs=9
2026-08-07 18:30:00.031 | INFO     | app.funding_intel.providers.nih:initialize:52 - [nih] HTTP client initialised against https://api.reporter.nih.gov/v2
2026-08-07 18:30:06.070 | INFO     | app.funding_intel.providers.nih:fetch_batch:115 - [NIH] offset=0, fetched=1, total=2959526, next_cursor=1:75N94023D00001-P00007-759402300004-1
2026-08-07 18:30:06.117 | INFO     | app.funding_intel.providers.grants_gov:initialize:46 - [grants_gov] HTTP client initialised against https://api.grants.gov/v1/api
2026-08-07 18:30:08.043 | INFO     | app.funding_intel.providers.nsf:initialize:50 - [nsf] HTTP client initialised against https://api.nsf.gov/services/v1
2026-08-07 18:30:09.776 | INFO     | app.funding_intel.providers.openalex:initialize:78 - [openalex] HTTP client initialised against https://api.openalex.org (api_key=yes, mailto=funding-intel@research-platform.local)
2026-08-07 18:30:11.481 | INFO     | app.funding_intel.providers.cordis:initialize:51 - [cordis] HTTP client initialised against https://cordis.europa.eu/api
2026-08-07 18:30:41.743 | INFO     | app.services.ai_service:generate_ai_response:344 - OpenRouter request: task=%s model=%s content_len=%d
2026-08-07 18:31:43.664 | INFO     | app.services.ai_service:generate_ai_response:387 - OpenRouter response: task=%s response_len=%d
2026-08-07 18:36:25.120 | WARNING  | app.api.v1.patent_intelligence:patent_ai_summary:190 - patent-summary failed for %s: %s
2026-08-07 18:36:25.151 | WARNING  | app.api.v1.patent_intelligence:patent_innovation_scores:237 - innovation-analysis failed for %s: %s
2026-08-07 18:36:26.414 | WARNING  | app.api.v1.patent_intelligence:patent_ai_summary:190 - patent-summary failed for %s: %s
2026-08-07 18:36:27.060 | WARNING  | app.api.v1.patent_intelligence:patent_innovation_scores:237 - innovation-analysis failed for %s: %s
2026-08-07 18:37:38.708 | WARNING  | app.api.v1.patent_intelligence:patent_ai_summary:190 - patent-summary failed for %s: %s
2026-08-07 18:37:38.748 | WARNING  | app.api.v1.patent_intelligence:patent_innovation_scores:237 - innovation-analysis failed for %s: %s
2026-08-07 18:37:40.299 | WARNING  | app.api.v1.patent_intelligence:patent_ai_summary:190 - patent-summary failed for %s: %s
2026-08-07 18:37:40.597 | WARNING  | app.api.v1.patent_intelligence:patent_innovation_scores:237 - innovation-analysis failed for %s: %s
2026-08-07 18:38:39.745 | INFO     | app.patents.services.dashboard_service:refresh:79 - [patent-dashboard] refreshed; patents=14 avg_score=0.7178 recs=9
2026-08-07 18:40:43.836 | INFO     | app.services.ai_service:generate_ai_response:344 - OpenRouter request: task=%s model=%s content_len=%d
2026-08-07 18:41:22.543 | INFO     | app.services.ai_service:generate_ai_response:387 - OpenRouter response: task=%s response_len=%d
2026-08-07 18:45:00.040 | INFO     | app.funding_intel.providers.nih:initialize:52 - [nih] HTTP client initialised against https://api.reporter.nih.gov/v2
2026-08-07 18:45:02.817 | INFO     | app.funding_intel.providers.nih:fetch_batch:115 - [NIH] offset=0, fetched=1, total=2959526, next_cursor=1:75N94023D00001-P00007-759402300004-1
2026-08-07 18:45:02.843 | INFO     | app.funding_intel.providers.grants_gov:initialize:46 - [grants_gov] HTTP client initialised against https://api.grants.gov/v1/api
2026-08-07 18:45:04.079 | INFO     | app.funding_intel.providers.nsf:initialize:50 - [nsf] HTTP client initialised against https://api.nsf.gov/services/v1
2026-08-07 18:45:05.131 | INFO     | app.funding_intel.providers.openalex:initialize:78 - [openalex] HTTP client initialised against https://api.openalex.org (api_key=yes, mailto=funding-intel@research-platform.local)
2026-08-07 18:45:06.173 | INFO     | app.funding_intel.providers.cordis:initialize:51 - [cordis] HTTP client initialised against https://cordis.europa.eu/api
2026-08-07 19:00:00.039 | INFO     | app.funding_intel.providers.nih:initialize:52 - [nih] HTTP client initialised against https://api.reporter.nih.gov/v2
2026-08-07 19:00:02.040 | INFO     | app.funding_intel.providers.nih:fetch_batch:115 - [NIH] offset=0, fetched=1, total=2959526, next_cursor=1:75N94023D00001-P00007-759402300004-1
2026-08-07 19:00:02.076 | INFO     | app.funding_intel.providers.grants_gov:initialize:46 - [grants_gov] HTTP client initialised against https://api.grants.gov/v1/api
2026-08-07 19:00:03.141 | INFO     | app.funding_intel.providers.nsf:initialize:50 - [nsf] HTTP client initialised against https://api.nsf.gov/services/v1
2026-08-07 19:00:04.218 | INFO     | app.funding_intel.providers.openalex:initialize:78 - [openalex] HTTP client initialised against https://api.openalex.org (api_key=yes, mailto=funding-intel@research-platform.local)
2026-08-07 19:00:05.424 | INFO     | app.funding_intel.providers.cordis:initialize:51 - [cordis] HTTP client initialised against https://cordis.europa.eu/api
2026-08-07 19:05:37.220 | WARNING  | app.api.v1.patent_intelligence:patent_ai_summary:190 - patent-summary failed for %s: %s
2026-08-07 19:05:37.262 | WARNING  | app.api.v1.patent_intelligence:patent_innovation_scores:237 - innovation-analysis failed for %s: %s
2026-08-07 19:05:37.901 | WARNING  | app.api.v1.patent_intelligence:patent_ai_summary:190 - patent-summary failed for %s: %s
2026-08-07 19:05:38.988 | WARNING  | app.api.v1.patent_intelligence:patent_innovation_scores:237 - innovation-analysis failed for %s: %s
2026-08-07 19:06:08.454 | INFO     | app.patents.services.dashboard_service:refresh:79 - [patent-dashboard] refreshed; patents=14 avg_score=0.7178 recs=9
2026-08-07 19:06:47.345 | INFO     | app.services.ai_service:generate_ai_response:344 - OpenRouter request: task=%s model=%s content_len=%d
2026-08-07 19:07:22.475 | INFO     | app.services.ai_service:generate_ai_response:387 - OpenRouter response: task=%s response_len=%d
2026-08-07 19:15:00.058 | INFO     | app.funding_intel.providers.nih:initialize:52 - [nih] HTTP client initialised against https://api.reporter.nih.gov/v2
2026-08-07 19:15:01.730 | INFO     | app.funding_intel.providers.nih:fetch_batch:115 - [NIH] offset=0, fetched=1, total=2959526, next_cursor=1:75N94023D00001-P00007-759402300004-1
2026-08-07 19:15:01.765 | INFO     | app.funding_intel.providers.grants_gov:initialize:46 - [grants_gov] HTTP client initialised against https://api.grants.gov/v1/api
2026-08-07 19:15:03.075 | INFO     | app.funding_intel.providers.nsf:initialize:50 - [nsf] HTTP client initialised against https://api.nsf.gov/services/v1
2026-08-07 19:15:04.093 | INFO     | app.funding_intel.providers.openalex:initialize:78 - [openalex] HTTP client initialised against https://api.openalex.org (api_key=yes, mailto=funding-intel@research-platform.local)
2026-08-07 19:15:05.025 | INFO     | app.funding_intel.providers.cordis:initialize:51 - [cordis] HTTP client initialised against https://cordis.europa.eu/api
2026-08-07 19:28:22.003 | ERROR    | app.db:get_db:28 - Database session error: 401: Could not validate credentials
2026-08-07 19:28:22.004 | ERROR    | app.db:get_db:28 - Database session error: 401: Could not validate credentials
2026-08-07 19:28:22.005 | ERROR    | app.db:get_db:28 - Database session error: 401: Could not validate credentials
2026-08-07 19:28:22.017 | ERROR    | app.db:get_db:28 - Database session error: 401: Could not validate credentials
2026-08-07 19:28:22.023 | ERROR    | app.db:get_db:28 - Database session error: 401: Could not validate credentials
2026-08-07 19:28:22.033 | ERROR    | app.db:get_db:28 - Database session error: 401: Could not validate credentials
2026-08-10 14:36:46.871 | INFO     | app.core.logging:setup_logging:26 - Logging initialized for Research Funding & Innovation Intelligence Platform v1.0.0
2026-08-10 14:36:48.165 | INFO     | app.main:lifespan:26 - Starting Research Funding & Innovation Intelligence Platform v1.0.0
2026-08-10 14:36:50.152 | INFO     | app.db:init_db:52 - Database tables created successfully
2026-08-10 14:36:50.950 | INFO     | app.db.mongo:connect_to_mongo:26 - Connected to MongoDB successfully
2026-08-10 14:36:51.036 | INFO     | app.funding_intel.scheduler.jobs:start_scheduler:171 - [scheduler] funding intel background jobs started
2026-08-10 14:36:51.044 | INFO     | app.patents.scheduler.jobs:start_patent_scheduler:148 - [patent-scheduler] patent intel background jobs started
2026-08-10 14:37:53.136 | INFO     | app.utils.dashboard_metrics:available_funding_count:700 - [dashboard] recommender returned 0 high-match for user_id=1; falling back to corpus size 1443
2026-08-10 14:37:55.552 | INFO     | app.utils.dashboard_metrics:available_funding_count:700 - [dashboard] recommender returned 0 high-match for user_id=1; falling back to corpus size 1443
2026-08-10 14:38:23.268 | INFO     | app.utils.dashboard_metrics:available_funding_count:700 - [dashboard] recommender returned 0 high-match for user_id=1; falling back to corpus size 1443
2026-08-10 14:38:24.614 | INFO     | app.utils.dashboard_metrics:available_funding_count:700 - [dashboard] recommender returned 0 high-match for user_id=1; falling back to corpus size 1443
2026-08-10 14:39:40.406 | INFO     | app.utils.dashboard_metrics:available_funding_count:700 - [dashboard] recommender returned 0 high-match for user_id=1; falling back to corpus size 1443
2026-08-10 14:39:56.605 | INFO     | app.utils.dashboard_metrics:available_funding_count:700 - [dashboard] recommender returned 0 high-match for user_id=1; falling back to corpus size 1443
2026-08-10 14:43:23.464 | INFO     | app.services.ai_service:generate_ai_response:344 - OpenRouter request: task=%s model=%s content_len=%d
2026-08-10 14:43:35.608 | INFO     | app.services.ai_service:generate_ai_response:387 - OpenRouter response: task=%s response_len=%d
2026-08-10 14:45:00.040 | INFO     | app.funding_intel.providers.nih:initialize:52 - [nih] HTTP client initialised against https://api.reporter.nih.gov/v2
2026-08-10 14:45:04.134 | INFO     | app.funding_intel.providers.nih:fetch_batch:115 - [NIH] offset=0, fetched=1, total=2961776, next_cursor=1:75N94023D00001-P00007-759402300004-1
2026-08-10 14:45:04.176 | INFO     | app.funding_intel.providers.grants_gov:initialize:46 - [grants_gov] HTTP client initialised against https://api.grants.gov/v1/api
2026-08-10 14:45:06.902 | INFO     | app.funding_intel.providers.nsf:initialize:50 - [nsf] HTTP client initialised against https://api.nsf.gov/services/v1
2026-08-10 14:45:08.901 | INFO     | app.funding_intel.providers.openalex:initialize:78 - [openalex] HTTP client initialised against https://api.openalex.org (api_key=yes, mailto=funding-intel@research-platform.local)
2026-08-10 14:45:13.377 | INFO     | app.funding_intel.providers.cordis:initialize:51 - [cordis] HTTP client initialised against https://cordis.europa.eu/api
2026-08-16 13:52:21.021 | INFO     | app.core.logging:setup_logging:26 - Logging initialized for Research Funding & Innovation Intelligence Platform v1.0.0
2026-08-16 13:52:21.239 | INFO     | app.main:lifespan:27 - Starting Research Funding & Innovation Intelligence Platform v1.0.0
2026-08-16 13:52:21.444 | INFO     | app.db:init_db:54 - Database tables created successfully
2026-08-16 13:52:21.677 | INFO     | app.db.mongo:connect_to_mongo:26 - Connected to MongoDB successfully
2026-08-16 13:52:21.714 | INFO     | app.funding_intel.scheduler.jobs:start_scheduler:171 - [scheduler] funding intel background jobs started
2026-08-16 13:52:21.717 | INFO     | app.patents.scheduler.jobs:start_patent_scheduler:148 - [patent-scheduler] patent intel background jobs started
2026-08-16 13:52:21.718 | INFO     | app.core.notif_scheduler:start_notif_scheduler:59 - [notif_scheduler] started
2026-08-16 13:53:12.181 | ERROR    | app.db:get_db:28 - Database session error: 401: Could not validate credentials
2026-08-16 13:53:12.181 | ERROR    | app.db:get_db:28 - Database session error: 401: Could not validate credentials
2026-08-16 13:53:12.182 | ERROR    | app.db:get_db:28 - Database session error: 401: Could not validate credentials
2026-08-16 13:53:12.182 | ERROR    | app.db:get_db:28 - Database session error: 401: Could not validate credentials
2026-08-16 13:53:12.183 | ERROR    | app.db:get_db:28 - Database session error: 401: Could not validate credentials
2026-08-16 13:53:12.208 | ERROR    | app.db:get_db:28 - Database session error: 401: Could not validate credentials
2026-08-16 13:53:12.216 | ERROR    | app.db:get_db:28 - Database session error: 401: Could not validate credentials
2026-08-16 13:53:12.225 | ERROR    | app.db:get_db:28 - Database session error: 401: Could not validate credentials
2026-08-16 13:54:12.275 | INFO     | app.utils.dashboard_metrics:available_funding_count:700 - [dashboard] recommender returned 0 high-match for user_id=1; falling back to corpus size 1443
2026-08-16 13:54:18.276 | INFO     | app.utils.dashboard_metrics:available_funding_count:700 - [dashboard] recommender returned 0 high-match for user_id=1; falling back to corpus size 1443
2026-08-16 13:54:38.342 | INFO     | app.utils.dashboard_metrics:available_funding_count:700 - [dashboard] recommender returned 0 high-match for user_id=1; falling back to corpus size 1443
2026-08-16 13:55:00.909 | INFO     | app.utils.dashboard_metrics:available_funding_count:700 - [dashboard] recommender returned 0 high-match for user_id=1; falling back to corpus size 1443
2026-08-16 13:55:28.776 | INFO     | app.utils.dashboard_metrics:available_funding_count:700 - [dashboard] recommender returned 0 high-match for user_id=1; falling back to corpus size 1443
2026-08-16 13:55:53.360 | INFO     | app.utils.dashboard_metrics:available_funding_count:700 - [dashboard] recommender returned 0 high-match for user_id=1; falling back to corpus size 1443
2026-08-16 13:56:20.322 | INFO     | app.utils.dashboard_metrics:available_funding_count:700 - [dashboard] recommender returned 0 high-match for user_id=1; falling back to corpus size 1443
2026-08-16 13:56:45.511 | INFO     | app.utils.dashboard_metrics:available_funding_count:700 - [dashboard] recommender returned 0 high-match for user_id=1; falling back to corpus size 1443
2026-08-16 13:56:46.040 | INFO     | app.utils.dashboard_metrics:available_funding_count:647 - [dashboard] cold-start for user_id=2: returning full corpus size 1443 as available_funding
2026-08-16 13:56:46.652 | INFO     | app.utils.dashboard_metrics:available_funding_count:647 - [dashboard] cold-start for user_id=2: returning full corpus size 1443 as available_funding
2026-08-16 14:00:00.144 | INFO     | app.funding_intel.providers.nih:initialize:52 - [nih] HTTP client initialised against https://api.reporter.nih.gov/v2
2026-08-16 14:00:01.736 | INFO     | app.funding_intel.providers.nih:fetch_batch:115 - [NIH] offset=0, fetched=1, total=2961776, next_cursor=1:75N94023D00001-P00007-759402300004-1
2026-08-16 14:00:01.755 | INFO     | app.funding_intel.providers.grants_gov:initialize:46 - [grants_gov] HTTP client initialised against https://api.grants.gov/v1/api
2026-08-16 14:00:03.112 | INFO     | app.funding_intel.providers.nsf:initialize:50 - [nsf] HTTP client initialised against https://api.nsf.gov/services/v1
2026-08-16 14:00:04.238 | INFO     | app.funding_intel.providers.openalex:initialize:78 - [openalex] HTTP client initialised against https://api.openalex.org (api_key=yes, mailto=funding-intel@research-platform.local)
2026-08-16 14:00:05.822 | INFO     | app.funding_intel.providers.cordis:initialize:51 - [cordis] HTTP client initialised against https://cordis.europa.eu/api
2026-08-16 14:15:00.017 | INFO     | app.funding_intel.providers.nih:initialize:52 - [nih] HTTP client initialised against https://api.reporter.nih.gov/v2
2026-08-16 14:15:01.573 | INFO     | app.funding_intel.providers.nih:fetch_batch:115 - [NIH] offset=0, fetched=1, total=2961776, next_cursor=1:75N94023D00001-P00007-759402300004-1
2026-08-16 14:15:01.593 | INFO     | app.funding_intel.providers.grants_gov:initialize:46 - [grants_gov] HTTP client initialised against https://api.grants.gov/v1/api
2026-08-16 14:15:02.539 | INFO     | app.funding_intel.providers.nsf:initialize:50 - [nsf] HTTP client initialised against https://api.nsf.gov/services/v1
2026-08-16 14:15:03.545 | INFO     | app.funding_intel.providers.openalex:initialize:78 - [openalex] HTTP client initialised against https://api.openalex.org (api_key=yes, mailto=funding-intel@research-platform.local)
2026-08-16 14:15:05.146 | INFO     | app.funding_intel.providers.cordis:initialize:51 - [cordis] HTTP client initialised against https://cordis.europa.eu/api
2026-08-16 14:30:00.022 | INFO     | app.funding_intel.providers.nih:initialize:52 - [nih] HTTP client initialised against https://api.reporter.nih.gov/v2
2026-08-16 14:30:01.859 | INFO     | app.funding_intel.providers.nih:fetch_batch:115 - [NIH] offset=0, fetched=1, total=2961776, next_cursor=1:75N94023D00001-P00007-759402300004-1
2026-08-16 14:30:01.882 | INFO     | app.funding_intel.providers.grants_gov:initialize:46 - [grants_gov] HTTP client initialised against https://api.grants.gov/v1/api
2026-08-16 14:30:02.852 | INFO     | app.funding_intel.providers.nsf:initialize:50 - [nsf] HTTP client initialised against https://api.nsf.gov/services/v1
2026-08-16 14:30:03.860 | INFO     | app.funding_intel.providers.openalex:initialize:78 - [openalex] HTTP client initialised against https://api.openalex.org (api_key=yes, mailto=funding-intel@research-platform.local)
2026-08-16 14:30:05.428 | INFO     | app.funding_intel.providers.cordis:initialize:51 - [cordis] HTTP client initialised against https://cordis.europa.eu/api
2026-08-16 14:45:00.025 | INFO     | app.funding_intel.providers.nih:initialize:52 - [nih] HTTP client initialised against https://api.reporter.nih.gov/v2
2026-08-16 14:45:01.751 | INFO     | app.funding_intel.providers.nih:fetch_batch:115 - [NIH] offset=0, fetched=1, total=2961776, next_cursor=1:75N94023D00001-P00007-759402300004-1
2026-08-16 14:45:01.771 | INFO     | app.funding_intel.providers.grants_gov:initialize:46 - [grants_gov] HTTP client initialised against https://api.grants.gov/v1/api
2026-08-16 14:45:02.674 | INFO     | app.funding_intel.providers.nsf:initialize:50 - [nsf] HTTP client initialised against https://api.nsf.gov/services/v1
2026-08-16 14:45:03.698 | INFO     | app.funding_intel.providers.openalex:initialize:78 - [openalex] HTTP client initialised against https://api.openalex.org (api_key=yes, mailto=funding-intel@research-platform.local)
2026-08-16 14:45:04.602 | INFO     | app.funding_intel.providers.cordis:initialize:51 - [cordis] HTTP client initialised against https://cordis.europa.eu/api
2026-08-16 14:55:57.463 | INFO     | app.services.recommendation_service:regenerate:220 - Regenerated 0 recommendations for user founder
2026-08-16 14:55:57.779 | INFO     | app.services.recommendation_service:regenerate:220 - Regenerated 0 recommendations for user founder
2026-08-16 14:56:46.058 | ERROR    | app.db:get_db:28 - Database session error: 401: Could not validate credentials
2026-08-16 15:00:00.028 | INFO     | app.funding_intel.providers.nih:initialize:52 - [nih] HTTP client initialised against https://api.reporter.nih.gov/v2
2026-08-16 15:00:01.646 | INFO     | app.funding_intel.providers.nih:fetch_batch:115 - [NIH] offset=0, fetched=1, total=2961776, next_cursor=1:75N94023D00001-P00007-759402300004-1
2026-08-16 15:00:01.658 | INFO     | app.funding_intel.providers.grants_gov:initialize:46 - [grants_gov] HTTP client initialised against https://api.grants.gov/v1/api
2026-08-16 15:00:02.835 | INFO     | app.funding_intel.providers.nsf:initialize:50 - [nsf] HTTP client initialised against https://api.nsf.gov/services/v1
2026-08-16 15:00:03.823 | INFO     | app.funding_intel.providers.openalex:initialize:78 - [openalex] HTTP client initialised against https://api.openalex.org (api_key=yes, mailto=funding-intel@research-platform.local)
2026-08-16 15:00:05.258 | INFO     | app.funding_intel.providers.cordis:initialize:51 - [cordis] HTTP client initialised against https://cordis.europa.eu/api
2026-08-16 15:02:34.317 | INFO     | app.services.recommendation_service:regenerate:220 - Regenerated 0 recommendations for user founder
2026-08-16 15:02:34.487 | INFO     | app.services.recommendation_service:regenerate:220 - Regenerated 0 recommendations for user founder
2026-08-16 15:15:00.027 | INFO     | app.funding_intel.providers.nih:initialize:52 - [nih] HTTP client initialised against https://api.reporter.nih.gov/v2
2026-08-16 15:15:01.623 | INFO     | app.funding_intel.providers.nih:fetch_batch:115 - [NIH] offset=0, fetched=1, total=2961776, next_cursor=1:75N94023D00001-P00007-759402300004-1
2026-08-16 15:15:01.642 | INFO     | app.funding_intel.providers.grants_gov:initialize:46 - [grants_gov] HTTP client initialised against https://api.grants.gov/v1/api
2026-08-16 15:15:02.930 | INFO     | app.funding_intel.providers.nsf:initialize:50 - [nsf] HTTP client initialised against https://api.nsf.gov/services/v1
2026-08-16 15:15:04.036 | INFO     | app.funding_intel.providers.openalex:initialize:78 - [openalex] HTTP client initialised against https://api.openalex.org (api_key=yes, mailto=funding-intel@research-platform.local)
2026-08-16 15:15:05.698 | INFO     | app.funding_intel.providers.cordis:initialize:51 - [cordis] HTTP client initialised against https://cordis.europa.eu/api
2026-08-16 15:30:00.043 | INFO     | app.funding_intel.providers.nih:initialize:52 - [nih] HTTP client initialised against https://api.reporter.nih.gov/v2
2026-08-16 15:30:01.904 | INFO     | app.funding_intel.providers.nih:fetch_batch:115 - [NIH] offset=0, fetched=1, total=2961776, next_cursor=1:75N94023D00001-P00007-759402300004-1
2026-08-16 15:30:01.923 | INFO     | app.funding_intel.providers.grants_gov:initialize:46 - [grants_gov] HTTP client initialised against https://api.grants.gov/v1/api
2026-08-16 15:30:03.186 | INFO     | app.funding_intel.providers.nsf:initialize:50 - [nsf] HTTP client initialised against https://api.nsf.gov/services/v1
2026-08-16 15:30:04.212 | INFO     | app.funding_intel.providers.openalex:initialize:78 - [openalex] HTTP client initialised against https://api.openalex.org (api_key=yes, mailto=funding-intel@research-platform.local)
2026-08-16 15:30:05.301 | INFO     | app.funding_intel.providers.cordis:initialize:51 - [cordis] HTTP client initialised against https://cordis.europa.eu/api
2026-08-16 15:33:58.631 | INFO     | app.services.recommendation_service:regenerate:220 - Regenerated 0 recommendations for user founder
2026-08-16 15:33:58.831 | INFO     | app.services.recommendation_service:regenerate:220 - Regenerated 0 recommendations for user founder
2026-08-16 21:41:04.959 | INFO     | app.core.logging:setup_logging:26 - Logging initialized for Research Funding & Innovation Intelligence Platform v1.0.0
2026-08-16 21:41:05.140 | INFO     | app.main:lifespan:27 - Starting Research Funding & Innovation Intelligence Platform v1.0.0
2026-08-16 21:41:05.950 | INFO     | app.db:init_db:54 - Database tables created successfully
2026-08-16 21:41:11.435 | WARNING  | app.db.mongo:connect_to_mongo:28 - MongoDB connection failed (will run in degraded mode): localhost:27017: [WinError 10061] No connection could be made because the target machine actively refused it (configured timeouts: socketTimeoutMS: 20000.0ms, connectTimeoutMS: 20000.0ms), Timeout: 5.0s, Topology Description: <TopologyDescription id: 6a81e11917f72ee0a8c02ded, topology_type: Unknown, servers: [<ServerDescription ('localhost', 27017) server_type: Unknown, rtt: None, error=AutoReconnect('localhost:27017: [WinError 10061] No connection could be made because the target machine actively refused it (configured timeouts: socketTimeoutMS: 20000.0ms, connectTimeoutMS: 20000.0ms)')>]>
2026-08-16 21:41:11.476 | INFO     | app.funding_intel.scheduler.jobs:start_scheduler:171 - [scheduler] funding intel background jobs started
2026-08-16 21:41:11.484 | INFO     | app.patents.scheduler.jobs:start_patent_scheduler:148 - [patent-scheduler] patent intel background jobs started
2026-08-16 21:41:11.484 | INFO     | app.core.notif_scheduler:start_notif_scheduler:59 - [notif_scheduler] started
2026-08-16 21:45:00.057 | INFO     | app.funding_intel.providers.nih:initialize:52 - [nih] HTTP client initialised against https://api.reporter.nih.gov/v2
2026-08-16 21:45:02.671 | INFO     | app.funding_intel.providers.nih:fetch_batch:115 - [NIH] offset=0, fetched=1, total=2961776, next_cursor=1:75N94023D00001-P00007-759402300004-1
2026-08-16 21:45:02.679 | INFO     | app.funding_intel.providers.grants_gov:initialize:46 - [grants_gov] HTTP client initialised against https://api.grants.gov/v1/api
2026-08-16 21:45:08.423 | INFO     | app.funding_intel.providers.nsf:initialize:50 - [nsf] HTTP client initialised against https://api.nsf.gov/services/v1
2026-08-16 21:45:09.765 | INFO     | app.funding_intel.providers.openalex:initialize:78 - [openalex] HTTP client initialised against https://api.openalex.org (api_key=yes, mailto=funding-intel@research-platform.local)
2026-08-16 21:45:11.287 | INFO     | app.funding_intel.providers.cordis:initialize:51 - [cordis] HTTP client initialised against https://cordis.europa.eu/api
2026-08-16 22:00:00.020 | INFO     | app.funding_intel.providers.nih:initialize:52 - [nih] HTTP client initialised against https://api.reporter.nih.gov/v2
2026-08-16 22:00:02.186 | INFO     | app.funding_intel.providers.nih:fetch_batch:115 - [NIH] offset=0, fetched=1, total=2961776, next_cursor=1:75N94023D00001-P00007-759402300004-1
2026-08-16 22:00:02.201 | INFO     | app.funding_intel.providers.grants_gov:initialize:46 - [grants_gov] HTTP client initialised against https://api.grants.gov/v1/api
2026-08-16 22:00:03.651 | INFO     | app.funding_intel.providers.nsf:initialize:50 - [nsf] HTTP client initialised against https://api.nsf.gov/services/v1
2026-08-16 22:00:04.732 | INFO     | app.funding_intel.providers.openalex:initialize:78 - [openalex] HTTP client initialised against https://api.openalex.org (api_key=yes, mailto=funding-intel@research-platform.local)
2026-08-16 22:00:05.863 | INFO     | app.funding_intel.providers.cordis:initialize:51 - [cordis] HTTP client initialised against https://cordis.europa.eu/api
2026-08-16 22:02:31.337 | INFO     | app.main:lifespan:52 - Shutting down
2026-08-16 22:02:31.337 | INFO     | app.db.mongo:close_mongo_connection:35 - MongoDB connection closed
2026-08-16 22:03:00.670 | INFO     | app.core.logging:setup_logging:26 - Logging initialized for Research Funding & Innovation Intelligence Platform v1.0.0
2026-08-16 22:03:00.874 | INFO     | app.main:lifespan:27 - Starting Research Funding & Innovation Intelligence Platform v1.0.0
2026-08-16 22:03:03.593 | ERROR    | app.db:init_db:56 - Failed to create database tables: (psycopg2.OperationalError) could not translate host name "postgres" to address: No such host is known. 

(Background on this error at: https://sqlalche.me/e/20/e3q8)
2026-08-16 22:03:03.593 | ERROR    | app.main:lifespan:31 - DB init error: (psycopg2.OperationalError) could not translate host name "postgres" to address: No such host is known. 

(Background on this error at: https://sqlalche.me/e/20/e3q8)
2026-08-16 22:03:08.699 | WARNING  | app.db.mongo:connect_to_mongo:28 - MongoDB connection failed (will run in degraded mode): localhost:27017: [WinError 10061] No connection could be made because the target machine actively refused it (configured timeouts: socketTimeoutMS: 20000.0ms, connectTimeoutMS: 20000.0ms), Timeout: 5.0s, Topology Description: <TopologyDescription id: 6a81e63f88c750304b67c0f8, topology_type: Unknown, servers: [<ServerDescription ('localhost', 27017) server_type: Unknown, rtt: None, error=AutoReconnect('localhost:27017: [WinError 10061] No connection could be made because the target machine actively refused it (configured timeouts: socketTimeoutMS: 20000.0ms, connectTimeoutMS: 20000.0ms)')>]>
2026-08-16 22:03:08.709 | INFO     | app.funding_intel.scheduler.jobs:start_scheduler:171 - [scheduler] funding intel background jobs started
2026-08-16 22:03:08.719 | INFO     | app.patents.scheduler.jobs:start_patent_scheduler:148 - [patent-scheduler] patent intel background jobs started
2026-08-16 22:03:08.719 | INFO     | app.core.notif_scheduler:start_notif_scheduler:59 - [notif_scheduler] started
2026-08-16 22:05:10.830 | INFO     | app.main:lifespan:52 - Shutting down
2026-08-16 22:05:10.830 | INFO     | app.db.mongo:close_mongo_connection:35 - MongoDB connection closed
2026-08-16 22:06:25.318 | INFO     | app.core.logging:setup_logging:26 - Logging initialized for Research Funding & Innovation Intelligence Platform v1.0.0
2026-08-16 22:06:25.627 | INFO     | app.main:lifespan:27 - Starting Research Funding & Innovation Intelligence Platform v1.0.0
2026-08-16 22:06:28.335 | ERROR    | app.db:init_db:56 - Failed to create database tables: (psycopg2.OperationalError) could not translate host name "postgres" to address: No such host is known. 

(Background on this error at: https://sqlalche.me/e/20/e3q8)
2026-08-16 22:06:28.335 | ERROR    | app.main:lifespan:31 - DB init error: (psycopg2.OperationalError) could not translate host name "postgres" to address: No such host is known. 

(Background on this error at: https://sqlalche.me/e/20/e3q8)
2026-08-16 22:06:33.443 | WARNING  | app.db.mongo:connect_to_mongo:28 - MongoDB connection failed (will run in degraded mode): localhost:27017: [WinError 10061] No connection could be made because the target machine actively refused it (configured timeouts: socketTimeoutMS: 20000.0ms, connectTimeoutMS: 20000.0ms), Timeout: 5.0s, Topology Description: <TopologyDescription id: 6a81e70c8f1461486e75b221, topology_type: Unknown, servers: [<ServerDescription ('localhost', 27017) server_type: Unknown, rtt: None, error=AutoReconnect('localhost:27017: [WinError 10061] No connection could be made because the target machine actively refused it (configured timeouts: socketTimeoutMS: 20000.0ms, connectTimeoutMS: 20000.0ms)')>]>
2026-08-16 22:06:33.447 | INFO     | app.funding_intel.scheduler.jobs:start_scheduler:171 - [scheduler] funding intel background jobs started
2026-08-16 22:06:33.460 | INFO     | app.patents.scheduler.jobs:start_patent_scheduler:148 - [patent-scheduler] patent intel background jobs started
2026-08-16 22:06:33.460 | INFO     | app.core.notif_scheduler:start_notif_scheduler:59 - [notif_scheduler] started
2026-08-16 22:07:19.655 | INFO     | app.main:lifespan:52 - Shutting down
2026-08-16 22:07:19.656 | INFO     | app.db.mongo:close_mongo_connection:35 - MongoDB connection closed
2026-08-17 19:37:56.297 | INFO     | app.core.logging:setup_logging:26 - Logging initialized for Research Funding & Innovation Intelligence Platform v1.0.0
2026-08-17 19:37:56.513 | INFO     | app.main:lifespan:27 - Starting Research Funding & Innovation Intelligence Platform v1.0.0
2026-08-17 19:37:59.202 | ERROR    | app.db:init_db:56 - Failed to create database tables: (psycopg2.OperationalError) could not translate host name "postgres" to address: No such host is known. 

(Background on this error at: https://sqlalche.me/e/20/e3q8)
2026-08-17 19:37:59.202 | ERROR    | app.main:lifespan:31 - DB init error: (psycopg2.OperationalError) could not translate host name "postgres" to address: No such host is known. 

(Background on this error at: https://sqlalche.me/e/20/e3q8)
2026-08-17 19:38:04.625 | WARNING  | app.db.mongo:connect_to_mongo:28 - MongoDB connection failed (will run in degraded mode): localhost:27017: [WinError 10061] No connection could be made because the target machine actively refused it (configured timeouts: socketTimeoutMS: 20000.0ms, connectTimeoutMS: 20000.0ms), Timeout: 5.0s, Topology Description: <TopologyDescription id: 6a8315bf202b42f49f142760, topology_type: Unknown, servers: [<ServerDescription ('localhost', 27017) server_type: Unknown, rtt: None, error=AutoReconnect('localhost:27017: [WinError 10061] No connection could be made because the target machine actively refused it (configured timeouts: socketTimeoutMS: 20000.0ms, connectTimeoutMS: 20000.0ms)')>]>
2026-08-17 19:38:04.654 | INFO     | app.funding_intel.scheduler.jobs:start_scheduler:171 - [scheduler] funding intel background jobs started
2026-08-17 19:38:04.654 | INFO     | app.patents.scheduler.jobs:start_patent_scheduler:148 - [patent-scheduler] patent intel background jobs started
2026-08-17 19:38:04.659 | INFO     | app.core.notif_scheduler:start_notif_scheduler:59 - [notif_scheduler] started
2026-08-17 19:38:31.486 | INFO     | app.main:lifespan:52 - Shutting down
2026-08-17 19:38:31.486 | INFO     | app.db.mongo:close_mongo_connection:35 - MongoDB connection closed
2026-08-17 20:55:21.035 | INFO     | app.core.logging:setup_logging:26 - Logging initialized for Research Funding & Innovation Intelligence Platform v1.0.0
2026-08-17 20:55:21.214 | INFO     | app.main:lifespan:27 - Starting Research Funding & Innovation Intelligence Platform v1.0.0
2026-08-17 20:55:23.905 | ERROR    | app.db:init_db:56 - Failed to create database tables: (psycopg2.OperationalError) could not translate host name "postgres" to address: No such host is known. 

(Background on this error at: https://sqlalche.me/e/20/e3q8)
2026-08-17 20:55:23.905 | ERROR    | app.main:lifespan:31 - DB init error: (psycopg2.OperationalError) could not translate host name "postgres" to address: No such host is known. 

(Background on this error at: https://sqlalche.me/e/20/e3q8)
2026-08-17 20:55:29.181 | WARNING  | app.db.mongo:connect_to_mongo:28 - MongoDB connection failed (will run in degraded mode): localhost:27017: [WinError 10061] No connection could be made because the target machine actively refused it (configured timeouts: socketTimeoutMS: 20000.0ms, connectTimeoutMS: 20000.0ms), Timeout: 5.0s, Topology Description: <TopologyDescription id: 6a8327e35a04733ee3a018d8, topology_type: Unknown, servers: [<ServerDescription ('localhost', 27017) server_type: Unknown, rtt: None, error=AutoReconnect('localhost:27017: [WinError 10061] No connection could be made because the target machine actively refused it (configured timeouts: socketTimeoutMS: 20000.0ms, connectTimeoutMS: 20000.0ms)')>]>
2026-08-17 20:55:29.223 | INFO     | app.funding_intel.scheduler.jobs:start_scheduler:171 - [scheduler] funding intel background jobs started
2026-08-17 20:55:29.223 | INFO     | app.patents.scheduler.jobs:start_patent_scheduler:148 - [patent-scheduler] patent intel background jobs started
2026-08-17 20:55:29.228 | INFO     | app.core.notif_scheduler:start_notif_scheduler:59 - [notif_scheduler] started
2026-08-17 20:58:55.386 | INFO     | app.main:lifespan:52 - Shutting down
2026-08-17 20:58:55.387 | INFO     | app.db.mongo:close_mongo_connection:35 - MongoDB connection closed
2026-08-17 20:59:23.079 | INFO     | app.core.logging:setup_logging:26 - Logging initialized for Research Funding & Innovation Intelligence Platform v1.0.0
2026-08-17 20:59:23.270 | INFO     | app.main:lifespan:27 - Starting Research Funding & Innovation Intelligence Platform v1.0.0
2026-08-17 20:59:23.733 | ERROR    | app.db:init_db:56 - Failed to create database tables: (psycopg2.OperationalError) connection to server at "localhost" (::1), port 5432 failed: FATAL:  password authentication failed for user "localhost"

(Background on this error at: https://sqlalche.me/e/20/e3q8)
2026-08-17 20:59:23.733 | ERROR    | app.main:lifespan:31 - DB init error: (psycopg2.OperationalError) connection to server at "localhost" (::1), port 5432 failed: FATAL:  password authentication failed for user "localhost"

(Background on this error at: https://sqlalche.me/e/20/e3q8)
2026-08-17 20:59:28.845 | WARNING  | app.db.mongo:connect_to_mongo:28 - MongoDB connection failed (will run in degraded mode): localhost:27017: [WinError 10061] No connection could be made because the target machine actively refused it (configured timeouts: socketTimeoutMS: 20000.0ms, connectTimeoutMS: 20000.0ms), Timeout: 5.0s, Topology Description: <TopologyDescription id: 6a8328d3fffd07bffef74577, topology_type: Unknown, servers: [<ServerDescription ('localhost', 27017) server_type: Unknown, rtt: None, error=AutoReconnect('localhost:27017: [WinError 10061] No connection could be made because the target machine actively refused it (configured timeouts: socketTimeoutMS: 20000.0ms, connectTimeoutMS: 20000.0ms)')>]>
2026-08-17 20:59:28.857 | INFO     | app.funding_intel.scheduler.jobs:start_scheduler:171 - [scheduler] funding intel background jobs started
2026-08-17 20:59:28.860 | INFO     | app.patents.scheduler.jobs:start_patent_scheduler:148 - [patent-scheduler] patent intel background jobs started
2026-08-17 20:59:28.861 | INFO     | app.core.notif_scheduler:start_notif_scheduler:59 - [notif_scheduler] started
2026-08-17 21:00:00.163 | INFO     | app.funding_intel.providers.nih:initialize:52 - [nih] HTTP client initialised against https://api.reporter.nih.gov/v2
2026-08-17 21:00:02.236 | INFO     | app.funding_intel.providers.nih:fetch_batch:115 - [NIH] offset=0, fetched=1, total=2963810, next_cursor=1:75N93023D00001-P00004-759302400002-1
2026-08-17 21:00:02.259 | INFO     | app.funding_intel.providers.grants_gov:initialize:46 - [grants_gov] HTTP client initialised against https://api.grants.gov/v1/api
2026-08-17 21:00:03.666 | INFO     | app.funding_intel.providers.nsf:initialize:50 - [nsf] HTTP client initialised against https://api.nsf.gov/services/v1
2026-08-17 21:00:05.544 | INFO     | app.funding_intel.providers.openalex:initialize:78 - [openalex] HTTP client initialised against https://api.openalex.org (api_key=yes, mailto=funding-intel@research-platform.local)
2026-08-17 21:00:08.036 | INFO     | app.funding_intel.providers.cordis:initialize:51 - [cordis] HTTP client initialised against https://cordis.europa.eu/api
2026-08-17 21:02:39.110 | INFO     | app.main:lifespan:52 - Shutting down
2026-08-17 21:02:39.110 | INFO     | app.db.mongo:close_mongo_connection:35 - MongoDB connection closed
2026-08-17 21:03:07.260 | INFO     | app.core.logging:setup_logging:26 - Logging initialized for Research Funding & Innovation Intelligence Platform v1.0.0
2026-08-17 21:03:07.515 | INFO     | app.main:lifespan:27 - Starting Research Funding & Innovation Intelligence Platform v1.0.0
2026-08-17 21:03:07.907 | INFO     | app.db:init_db:54 - Database tables created successfully
2026-08-17 21:03:12.986 | WARNING  | app.db.mongo:connect_to_mongo:28 - MongoDB connection failed (will run in degraded mode): localhost:27017: [WinError 10061] No connection could be made because the target machine actively refused it (configured timeouts: socketTimeoutMS: 20000.0ms, connectTimeoutMS: 20000.0ms), Timeout: 5.0s, Topology Description: <TopologyDescription id: 6a8329b355914d8c1d4324e3, topology_type: Unknown, servers: [<ServerDescription ('localhost', 27017) server_type: Unknown, rtt: None, error=AutoReconnect('localhost:27017: [WinError 10061] No connection could be made because the target machine actively refused it (configured timeouts: socketTimeoutMS: 20000.0ms, connectTimeoutMS: 20000.0ms)')>]>
2026-08-17 21:03:13.007 | INFO     | app.funding_intel.scheduler.jobs:start_scheduler:171 - [scheduler] funding intel background jobs started
2026-08-17 21:03:13.009 | INFO     | app.patents.scheduler.jobs:start_patent_scheduler:148 - [patent-scheduler] patent intel background jobs started
2026-08-17 21:03:13.012 | INFO     | app.core.notif_scheduler:start_notif_scheduler:59 - [notif_scheduler] started
2026-08-17 21:05:13.006 | INFO     | app.utils.dashboard_metrics:available_funding_count:700 - [dashboard] recommender returned 0 high-match for user_id=1; falling back to corpus size 1443
